#include "lvgl.h"

#ifndef LV_ATTRIBUTE_MEM_ALIGN
#define LV_ATTRIBUTE_MEM_ALIGN
#endif

const LV_ATTRIBUTE_MEM_ALIGN uint8_t drona_icon_map[] = {
  0x46, 0x21, 0x46, 0x21, 0x46, 0x21, 0x46, 0x21, 0x46, 0x21, 0x46, 0x21, 0x46, 0x21, 0x46, 0x21,
  0x46, 0x21, 0x46, 0x21, 0x46, 0x21, 0x46, 0x21, 0x46, 0x21, 0x46, 0x21, 0x46, 0x21, 0x46, 0x21,
  0x46, 0x21, 0x46, 0x21, 0x46, 0x21, 0x46, 0x21, 0x46, 0x21, 0x46, 0x21, 0x46, 0x21, 0x46, 0x21,
  0x46, 0x21, 0x46, 0x21, 0x46, 0x21, 0x46, 0x21, 0x46, 0x21, 0x46, 0x21, 0x46, 0x21, 0x46, 0x21,
  0x46, 0x21, 0x46, 0x21, 0x46, 0x21, 0x46, 0x21, 0x46, 0x21, 0x46, 0x21, 0x46, 0x21, 0x46, 0x21,
  0x46, 0x21, 0x46, 0x21, 0x46, 0x21, 0x46, 0x21, 0x46, 0x21, 0x46, 0x21, 0x46, 0x21, 0x46, 0x21,
  0x46, 0x21, 0x46, 0x21, 0x46, 0x21, 0x46, 0x21, 0x46, 0x21, 0x46, 0x21, 0x46, 0x21, 0x46, 0x21,
  0x46, 0x21, 0x46, 0x21, 0x46, 0x21, 0x46, 0x21, 0x46, 0x21, 0x46, 0x21, 0x46, 0x21, 0x46, 0x21,
  0x46, 0x21, 0x46, 0x21, 0x46, 0x21, 0x46, 0x21, 0x46, 0x21, 0x46, 0x21, 0x46, 0x21, 0x46, 0x21,
  0x46, 0x21, 0x46, 0x21, 0x46, 0x21, 0x46, 0x21, 0x46, 0x21, 0x46, 0x21, 0x46, 0x21, 0x46, 0x21,
  0x46, 0x21, 0x46, 0x21, 0x46, 0x21, 0x46, 0x21, 0x46, 0x21, 0x46, 0x21, 0x46, 0x21, 0x46, 0x21,
  0x46, 0x21, 0x46, 0x21, 0x46, 0x21, 0x46, 0x21, 0x46, 0x21, 0x46, 0x21, 0x46, 0x21, 0x46, 0x21,
  0x46, 0x21, 0x46, 0x21, 0x46, 0x21, 0x46, 0x21, 0x46, 0x21, 0x46, 0x21, 0x46, 0x21, 0x46, 0x21,
  0x46, 0x21, 0x46, 0x21, 0x46, 0x21, 0x46, 0x21, 0x46, 0x21, 0x46, 0x21, 0x46, 0x21, 0x46, 0x21,
  0x46, 0x21, 0x46, 0x21, 0x46, 0x21, 0x46, 0x21, 0x46, 0x21, 0x46, 0x21, 0x46, 0x21, 0x46, 0x21,
  0x46, 0x21, 0x46, 0x21, 0x46, 0x21, 0x46, 0x21, 0x46, 0x21, 0x46, 0x21, 0x46, 0x21, 0x46, 0x21,
  0x46, 0x21, 0x46, 0x21, 0x46, 0x21, 0x46, 0x21, 0x46, 0x21, 0x46, 0x21, 0x46, 0x21, 0x46, 0x21,
  0x46, 0x21, 0x46, 0x21, 0x46, 0x21, 0x46, 0x21, 0x46, 0x21, 0x46, 0x21, 0x46, 0x21, 0x46, 0x21,
  0x46, 0x21, 0x46, 0x21, 0x46, 0x21, 0x46, 0x21, 0x46, 0x21, 0x46, 0x21, 0x46, 0x21, 0x46, 0x21,
  0x46, 0x21, 0x46, 0x21, 0x46, 0x21, 0x46, 0x21, 0x46, 0x21, 0x46, 0x21, 0x46, 0x21, 0x46, 0x21,
  0x46, 0x21, 0x46, 0x21, 0x46, 0x21, 0x46, 0x21, 0x46, 0x21, 0x46, 0x21, 0x46, 0x21, 0x46, 0x21,
  0x46, 0x21, 0x46, 0x21, 0x46, 0x21, 0x46, 0x21, 0x46, 0x21, 0x46, 0x21, 0x46, 0x21, 0x46, 0x21,
  0x46, 0x21, 0x46, 0x21, 0x46, 0x21, 0x46, 0x21, 0x46, 0x21, 0x46, 0x21, 0x46, 0x21, 0x46, 0x21,
  0x46, 0x21, 0x46, 0x21, 0x46, 0x21, 0x46, 0x21, 0x46, 0x21, 0x46, 0x21, 0x46, 0x21, 0x46, 0x21,
  0x46, 0x21, 0x46, 0x21, 0x46, 0x21, 0x46, 0x21, 0x46, 0x21, 0x46, 0x21, 0x46, 0x21, 0x46, 0x21,
  0x46, 0x21, 0x46, 0x21, 0x46, 0x21, 0x46, 0x21, 0x46, 0x21, 0x46, 0x21, 0x46, 0x21, 0x46, 0x21,
  0x46, 0x21, 0x46, 0x21, 0x46, 0x21, 0x46, 0x21, 0x46, 0x21, 0x46, 0x21, 0x46, 0x21, 0x46, 0x21,
  0x46, 0x21, 0x46, 0x21, 0x46, 0x21, 0x46, 0x21, 0x46, 0x21, 0x46, 0x21, 0x46, 0x21, 0x46, 0x21,
  0x46, 0x21, 0x46, 0x21, 0x46, 0x21, 0x46, 0x21, 0x46, 0x21, 0x46, 0x21, 0x46, 0x21, 0x46, 0x21,
  0x46, 0x21, 0x46, 0x21, 0x46, 0x21, 0x46, 0x21, 0x46, 0x21, 0x46, 0x21, 0x46, 0x21, 0x46, 0x21,
  0x46, 0x21, 0x46, 0x21, 0x46, 0x21, 0x46, 0x21, 0x46, 0x21, 0x46, 0x21, 0x46, 0x21, 0x46, 0x21,
  0x46, 0x21, 0x46, 0x21, 0x46, 0x21, 0x46, 0x21, 0x46, 0x21, 0x46, 0x21, 0x46, 0x21, 0x46, 0x21,
  0x46, 0x21, 0x46, 0x21, 0x46, 0x21, 0x46, 0x21, 0x46, 0x21, 0x46, 0x21, 0x46, 0x21, 0x46, 0x21,
  0x46, 0x21, 0x46, 0x21, 0x46, 0x21, 0x46, 0x21, 0x46, 0x21, 0x46, 0x21, 0x46, 0x21, 0x46, 0x21,
  0x46, 0x21, 0x46, 0x21, 0x46, 0x21, 0x46, 0x21, 0x46, 0x21, 0x46, 0x21, 0x46, 0x21, 0x46, 0x21,
  0x46, 0x21, 0x46, 0x21, 0x46, 0x21, 0x46, 0x21, 0x46, 0x21, 0x46, 0x21, 0x46, 0x21, 0x46, 0x21,
  0x46, 0x21, 0x46, 0x21, 0x46, 0x21, 0x46, 0x21, 0x46, 0x21, 0x46, 0x21, 0x46, 0x21, 0x46, 0x21,
  0x46, 0x21, 0x46, 0x21, 0x46, 0x21, 0x46, 0x21, 0x46, 0x21, 0x46, 0x21, 0x46, 0x21, 0x46, 0x21,
  0x46, 0x21, 0x46, 0x21, 0x46, 0x21, 0x46, 0x21, 0x46, 0x21, 0x46, 0x21, 0x46, 0x21, 0x46, 0x21,
  0x46, 0x21, 0x46, 0x21, 0x46, 0x21, 0x46, 0x21, 0x46, 0x21, 0x46, 0x21, 0x46, 0x21, 0x46, 0x21,
  0x46, 0x21, 0x46, 0x21, 0x46, 0x21, 0x46, 0x21, 0x46, 0x21, 0x46, 0x21, 0x46, 0x21, 0x46, 0x21,
  0x46, 0x21, 0x46, 0x21, 0x46, 0x21, 0x46, 0x21, 0x46, 0x21, 0x46, 0x21, 0x46, 0x21, 0x46, 0x21,
  0x46, 0x21, 0x46, 0x21, 0x46, 0x21, 0x46, 0x21, 0x46, 0x21, 0x46, 0x21, 0x46, 0x21, 0x46, 0x21,
  0x46, 0x21, 0x46, 0x21, 0x46, 0x21, 0x46, 0x21, 0x46, 0x21, 0x46, 0x21, 0x46, 0x21, 0x46, 0x21,
  0x46, 0x21, 0x46, 0x21, 0x46, 0x21, 0x46, 0x21, 0x46, 0x21, 0x46, 0x21, 0x46, 0x21, 0x46, 0x21,
  0x46, 0x21, 0x46, 0x21, 0x46, 0x21, 0x46, 0x21, 0x46, 0x21, 0x46, 0x21, 0x46, 0x21, 0x46, 0x21,
  0x46, 0x21, 0x46, 0x21, 0x46, 0x21, 0x46, 0x21, 0x46, 0x21, 0x46, 0x21, 0x46, 0x21, 0x46, 0x21,
  0x46, 0x21, 0x46, 0x21, 0x46, 0x21, 0x46, 0x21, 0x46, 0x21, 0x46, 0x21, 0x46, 0x21, 0x46, 0x21,
  0x46, 0x21, 0x46, 0x21, 0x46, 0x21, 0x46, 0x21, 0x46, 0x21, 0x46, 0x21, 0x46, 0x21, 0x46, 0x21,
  0x46, 0x21, 0x46, 0x21, 0x46, 0x21, 0x46, 0x21, 0x46, 0x21, 0x46, 0x21, 0x46, 0x21, 0x46, 0x21,
  0x46, 0x21, 0x46, 0x21, 0x46, 0x21, 0x46, 0x21, 0x46, 0x21, 0x46, 0x21, 0x46, 0x21, 0x46, 0x21,
  0x46, 0x21, 0x46, 0x21, 0x46, 0x21, 0x46, 0x21, 0x46, 0x21, 0x46, 0x21, 0x46, 0x21, 0x46, 0x21,
  0x46, 0x21, 0x46, 0x21, 0x46, 0x21, 0x46, 0x21, 0x46, 0x21, 0x46, 0x21, 0x46, 0x21, 0x46, 0x21,
  0x46, 0x21, 0x46, 0x21, 0x46, 0x21, 0x46, 0x21, 0x46, 0x21, 0x46, 0x21, 0x46, 0x21, 0x46, 0x21,
  0x46, 0x21, 0x46, 0x21, 0x46, 0x21, 0x46, 0x21, 0x46, 0x21, 0x46, 0x21, 0x46, 0x21, 0x46, 0x21,
  0x46, 0x21, 0x46, 0x21, 0x46, 0x21, 0x46, 0x21, 0x46, 0x21, 0x46, 0x21, 0x46, 0x21, 0x46, 0x21,
  0x46, 0x21, 0x46, 0x21, 0x46, 0x21, 0x46, 0x21, 0x46, 0x21, 0x46, 0x21, 0x46, 0x21, 0x46, 0x21,
  0x46, 0x21, 0x46, 0x21, 0x46, 0x21, 0x46, 0x21, 0x46, 0x21, 0x46, 0x21, 0x46, 0x21, 0x46, 0x21,
  0x46, 0x21, 0x46, 0x21, 0x46, 0x21, 0x46, 0x21, 0x46, 0x21, 0x46, 0x21, 0x46, 0x21, 0x46, 0x21,
  0x46, 0x21, 0x46, 0x21, 0x46, 0x21, 0x46, 0x21, 0x46, 0x21, 0x46, 0x21, 0x46, 0x21, 0x46, 0x21,
  0x46, 0x21, 0x46, 0x21, 0x46, 0x21, 0x46, 0x21, 0x46, 0x21, 0x46, 0x21, 0x46, 0x21, 0x46, 0x21,
  0x46, 0x21, 0x46, 0x21, 0x46, 0x21, 0x46, 0x21, 0x46, 0x21, 0x46, 0x21, 0x46, 0x21, 0x46, 0x21,
  0x46, 0x21, 0x46, 0x21, 0x46, 0x21, 0x46, 0x21, 0x46, 0x21, 0x46, 0x21, 0x46, 0x21, 0x46, 0x21,
  0x46, 0x21, 0x46, 0x21, 0x46, 0x21, 0x46, 0x21, 0x46, 0x21, 0x46, 0x21, 0x46, 0x21, 0x46, 0x21,
  0x46, 0x21, 0x46, 0x21, 0x46, 0x21, 0x46, 0x21, 0x46, 0x21, 0x46, 0x21, 0x46, 0x21, 0x46, 0x21,
  0x46, 0x21, 0x46, 0x21, 0x46, 0x21, 0x46, 0x21, 0x46, 0x21, 0x46, 0x21, 0x46, 0x21, 0x46, 0x21,
  0x46, 0x21, 0x46, 0x21, 0x46, 0x21, 0x46, 0x21, 0x46, 0x21, 0x46, 0x21, 0x46, 0x21, 0x46, 0x21,
  0x46, 0x21, 0x46, 0x21, 0x46, 0x21, 0x46, 0x21, 0x46, 0x21, 0x46, 0x21, 0x46, 0x21, 0x46, 0x21,
  0x46, 0x21, 0x46, 0x21, 0x46, 0x21, 0x46, 0x21, 0x46, 0x21, 0x46, 0x21, 0x46, 0x21, 0x46, 0x21,
  0x46, 0x21, 0x46, 0x21, 0x46, 0x21, 0x46, 0x21, 0x46, 0x21, 0x46, 0x21, 0x46, 0x21, 0x46, 0x21,
  0x46, 0x21, 0x46, 0x21, 0x46, 0x21, 0x46, 0x21, 0x46, 0x21, 0x46, 0x21, 0x46, 0x21, 0x46, 0x21,
  0x46, 0x21, 0x46, 0x21, 0x46, 0x21, 0x46, 0x21, 0x46, 0x21, 0x46, 0x21, 0x46, 0x21, 0x46, 0x21,
  0x46, 0x21, 0x46, 0x21, 0x46, 0x21, 0x46, 0x21, 0x46, 0x21, 0x46, 0x21, 0x46, 0x21, 0x46, 0x21,
  0x46, 0x21, 0x46, 0x21, 0x46, 0x21, 0x46, 0x21, 0x46, 0x21, 0x46, 0x21, 0x46, 0x21, 0x46, 0x21,
  0x46, 0x21, 0x46, 0x21, 0x46, 0x21, 0x46, 0x21, 0x46, 0x21, 0x46, 0x21, 0x46, 0x21, 0x46, 0x21,
  0x46, 0x21, 0x46, 0x21, 0x46, 0x21, 0x46, 0x21, 0x46, 0x21, 0x46, 0x21, 0x46, 0x21, 0x46, 0x21,
  0x46, 0x21, 0x46, 0x21, 0x46, 0x21, 0x46, 0x21, 0x46, 0x21, 0x46, 0x21, 0x46, 0x21, 0x46, 0x21,
  0x46, 0x21, 0x46, 0x21, 0x46, 0x21, 0x46, 0x21, 0x46, 0x21, 0x46, 0x21, 0x46, 0x21, 0x46, 0x21,
  0x46, 0x21, 0x46, 0x21, 0x46, 0x21, 0x46, 0x21, 0x46, 0x21, 0x46, 0x21, 0x46, 0x21, 0x46, 0x21,
  0x46, 0x21, 0x46, 0x21, 0x46, 0x21, 0x46, 0x21, 0x46, 0x21, 0x46, 0x21, 0x46, 0x21, 0x46, 0x21,
  0x46, 0x21, 0x46, 0x21, 0x46, 0x21, 0x46, 0x21, 0x46, 0x21, 0x46, 0x21, 0x46, 0x21, 0x46, 0x21,
  0x46, 0x21, 0x46, 0x21, 0x46, 0x21, 0x46, 0x21, 0x46, 0x21, 0x46, 0x21, 0x46, 0x21, 0x46, 0x21,
  0x46, 0x21, 0x46, 0x21, 0x46, 0x21, 0x46, 0x21, 0x46, 0x21, 0x46, 0x21, 0x46, 0x21, 0x46, 0x21,
  0x46, 0x21, 0x46, 0x21, 0x46, 0x21, 0x46, 0x21, 0x46, 0x21, 0x46, 0x21, 0x46, 0x21, 0x46, 0x21,
  0x46, 0x21, 0x46, 0x21, 0x46, 0x21, 0x46, 0x21, 0x46, 0x21, 0x46, 0x21, 0x46, 0x21, 0x46, 0x21,
  0x46, 0x21, 0x46, 0x21, 0x46, 0x21, 0x46, 0x21, 0x46, 0x21, 0x46, 0x21, 0x46, 0x21, 0x46, 0x21,
  0x46, 0x21, 0x46, 0x21, 0x46, 0x21, 0x46, 0x21, 0x46, 0x21, 0x46, 0x21, 0x46, 0x21, 0x46, 0x21,
  0x46, 0x21, 0x46, 0x21, 0x46, 0x21, 0x46, 0x21, 0x46, 0x21, 0x46, 0x21, 0x46, 0x21, 0x46, 0x21,
  0x46, 0x21, 0x46, 0x21, 0x46, 0x21, 0x46, 0x21, 0x46, 0x21, 0x46, 0x21, 0x46, 0x21, 0x46, 0x21,
  0x46, 0x21, 0x46, 0x21, 0x46, 0x21, 0x46, 0x21, 0x46, 0x21, 0x46, 0x21, 0x46, 0x21, 0x46, 0x21,
  0x46, 0x21, 0x46, 0x21, 0x46, 0x21, 0x46, 0x21, 0x46, 0x21, 0x46, 0x21, 0x46, 0x21, 0x46, 0x21,
  0x46, 0x21, 0x46, 0x21, 0x46, 0x21, 0x46, 0x21, 0x46, 0x21, 0x46, 0x21, 0x46, 0x21, 0x46, 0x21,
  0x46, 0x21, 0x46, 0x21, 0x46, 0x21, 0x46, 0x21, 0x46, 0x21, 0x46, 0x21, 0x46, 0x21, 0x46, 0x21,
  0x46, 0x21, 0x46, 0x21, 0x46, 0x21, 0x46, 0x21, 0x46, 0x21, 0x46, 0x21, 0x46, 0x21, 0x46, 0x21,
  0x46, 0x21, 0x46, 0x21, 0x46, 0x21, 0x46, 0x21, 0x46, 0x21, 0x46, 0x21, 0x46, 0x21, 0x46, 0x21,
  0x46, 0x21, 0x46, 0x21, 0x46, 0x21, 0x46, 0x21, 0x46, 0x21, 0x46, 0x21, 0x46, 0x21, 0x46, 0x21,
  0x46, 0x21, 0x46, 0x21, 0x46, 0x21, 0x46, 0x21, 0x46, 0x21, 0x46, 0x21, 0x46, 0x21, 0x46, 0x21,
  0x46, 0x21, 0x46, 0x21, 0x46, 0x21, 0x46, 0x21, 0x46, 0x21, 0x46, 0x21, 0x46, 0x21, 0x46, 0x21,
  0x46, 0x21, 0x46, 0x21, 0x46, 0x21, 0x46, 0x21, 0x46, 0x21, 0x46, 0x21, 0x46, 0x21, 0x46, 0x21,
  0x46, 0x21, 0x46, 0x21, 0x46, 0x21, 0x46, 0x21, 0x46, 0x21, 0x46, 0x21, 0x46, 0x21, 0x46, 0x21,
  0x46, 0x21, 0x46, 0x21, 0x46, 0x21, 0x46, 0x21, 0x46, 0x21, 0x46, 0x21, 0x46, 0x21, 0x46, 0x21,
  0x46, 0x21, 0x46, 0x21, 0x46, 0x21, 0x46, 0x21, 0x46, 0x21, 0x46, 0x21, 0x46, 0x21, 0x46, 0x21,
  0x46, 0x21, 0x46, 0x21, 0x46, 0x21, 0x46, 0x21, 0x46, 0x21, 0x46, 0x21, 0x46, 0x21, 0x46, 0x21,
  0x46, 0x21, 0x46, 0x21, 0x46, 0x21, 0x46, 0x21, 0x46, 0x21, 0x46, 0x21, 0x46, 0x21, 0x46, 0x21,
  0x46, 0x21, 0x46, 0x21, 0x46, 0x21, 0x46, 0x21, 0x46, 0x21, 0x46, 0x21, 0x46, 0x21, 0x46, 0x21,
  0x46, 0x21, 0x46, 0x21, 0x46, 0x21, 0x46, 0x21, 0x46, 0x21, 0x46, 0x21, 0x46, 0x21, 0x46, 0x21,
  0x46, 0x21, 0x46, 0x21, 0x46, 0x21, 0x46, 0x21, 0x46, 0x21, 0x46, 0x21, 0x46, 0x21, 0x46, 0x21,
  0x46, 0x21, 0x46, 0x21, 0x46, 0x21, 0x46, 0x21, 0x46, 0x21, 0x46, 0x21, 0x46, 0x21, 0x46, 0x21,
  0x46, 0x21, 0x46, 0x21, 0x46, 0x21, 0x46, 0x21, 0x46, 0x21, 0x46, 0x21, 0x46, 0x21, 0x46, 0x21,
  0x46, 0x21, 0x46, 0x21, 0x46, 0x21, 0x46, 0x21, 0x46, 0x21, 0x46, 0x21, 0x46, 0x21, 0x46, 0x21,
  0x46, 0x21, 0x46, 0x21, 0x46, 0x21, 0x46, 0x21, 0x46, 0x21, 0x46, 0x21, 0x46, 0x21, 0x46, 0x21,
  0x46, 0x21, 0x46, 0x21, 0x46, 0x21, 0x46, 0x21, 0x46, 0x21, 0x46, 0x21, 0x46, 0x21, 0x46, 0x21,
  0x46, 0x21, 0x46, 0x21, 0x46, 0x21, 0x46, 0x21, 0x46, 0x21, 0x46, 0x21, 0x46, 0x21, 0x46, 0x21,
  0x46, 0x21, 0x46, 0x21, 0x46, 0x21, 0x46, 0x21, 0x46, 0x21, 0x46, 0x21, 0x46, 0x21, 0x46, 0x21,
  0x46, 0x21, 0x46, 0x21, 0x46, 0x21, 0x46, 0x21, 0x46, 0x21, 0x46, 0x21, 0x46, 0x21, 0x46, 0x21,
  0x46, 0x21, 0x46, 0x21, 0x46, 0x21, 0x46, 0x21, 0x46, 0x21, 0x46, 0x21, 0x46, 0x21, 0x46, 0x21,
  0x46, 0x21, 0x46, 0x21, 0x46, 0x21, 0x46, 0x21, 0x46, 0x21, 0x46, 0x21, 0x46, 0x21, 0x46, 0x21,
  0x46, 0x21, 0x46, 0x21, 0x46, 0x21, 0x46, 0x21, 0x46, 0x21, 0x46, 0x21, 0x46, 0x21, 0x46, 0x21,
  0x46, 0x21, 0x46, 0x21, 0x46, 0x21, 0x46, 0x21, 0x46, 0x21, 0x46, 0x21, 0x46, 0x21, 0x46, 0x21,
  0x46, 0x21, 0x46, 0x21, 0x46, 0x21, 0x46, 0x21, 0x46, 0x21, 0x46, 0x21, 0x46, 0x21, 0x46, 0x21,
  0x46, 0x21, 0x46, 0x21, 0x46, 0x21, 0x46, 0x21, 0x46, 0x21, 0x46, 0x21, 0x46, 0x21, 0x46, 0x21,
  0x46, 0x21, 0x46, 0x21, 0x46, 0x21, 0x46, 0x21, 0x46, 0x21, 0x46, 0x21, 0x46, 0x21, 0x46, 0x21,
  0x46, 0x21, 0x46, 0x21, 0x46, 0x21, 0x46, 0x21, 0x46, 0x21, 0x46, 0x21, 0x46, 0x21, 0x46, 0x21,
  0x46, 0x21, 0x46, 0x21, 0x46, 0x21, 0x46, 0x21, 0x46, 0x21, 0x46, 0x21, 0x46, 0x21, 0x46, 0x21,
  0x46, 0x21, 0x46, 0x21, 0x46, 0x21, 0x46, 0x21, 0x46, 0x21, 0x46, 0x21, 0x46, 0x21, 0x46, 0x21,
  0x46, 0x21, 0x46, 0x21, 0x46, 0x21, 0x46, 0x21, 0x46, 0x21, 0x46, 0x21, 0x46, 0x21, 0x46, 0x21,
  0x46, 0x21, 0x46, 0x21, 0x46, 0x21, 0x46, 0x21, 0x46, 0x21, 0x46, 0x21, 0x46, 0x21, 0x46, 0x21,
  0x46, 0x21, 0x46, 0x21, 0x46, 0x21, 0x46, 0x21, 0x46, 0x21, 0x46, 0x21, 0x46, 0x21, 0x46, 0x21,
  0x46, 0x21, 0x46, 0x21, 0x46, 0x21, 0x46, 0x21, 0x46, 0x21, 0x46, 0x21, 0x46, 0x21, 0x46, 0x21,
  0x46, 0x21, 0x46, 0x21, 0x46, 0x21, 0x46, 0x21, 0x46, 0x21, 0x46, 0x21, 0x46, 0x21, 0x46, 0x21,
  0x46, 0x21, 0x46, 0x21, 0x46, 0x21, 0x46, 0x21, 0x46, 0x21, 0x46, 0x21, 0x46, 0x21, 0x46, 0x21,
  0x46, 0x21, 0x46, 0x21, 0x46, 0x21, 0x46, 0x21, 0x46, 0x21, 0x46, 0x21, 0x46, 0x21, 0x46, 0x21,
  0x46, 0x21, 0x46, 0x21, 0x46, 0x21, 0x46, 0x21, 0x46, 0x21, 0x46, 0x21, 0x46, 0x21, 0x46, 0x21,
  0x46, 0x21, 0x46, 0x21, 0x46, 0x21, 0x46, 0x21, 0x46, 0x21, 0x46, 0x21, 0x46, 0x21, 0x46, 0x21,
  0x46, 0x21, 0x46, 0x21, 0x46, 0x21, 0x46, 0x21, 0x46, 0x21, 0x46, 0x21, 0x46, 0x21, 0x46, 0x21,
  0x46, 0x21, 0x46, 0x21, 0x46, 0x21, 0x46, 0x21, 0x46, 0x21, 0x46, 0x21, 0x46, 0x21, 0x46, 0x21,
  0x46, 0x21, 0x46, 0x21, 0x46, 0x21, 0x46, 0x21, 0x46, 0x21, 0x46, 0x21, 0x46, 0x21, 0x46, 0x21,
  0x46, 0x21, 0x46, 0x21, 0x46, 0x21, 0x46, 0x21, 0x46, 0x21, 0x46, 0x21, 0x46, 0x21, 0x46, 0x21,
  0x46, 0x21, 0x46, 0x21, 0x46, 0x21, 0x46, 0x21, 0x46, 0x21, 0x46, 0x21, 0x46, 0x21, 0x46, 0x21,
  0x46, 0x21, 0x46, 0x21, 0x46, 0x21, 0x46, 0x21, 0x46, 0x21, 0x46, 0x21, 0x46, 0x21, 0x46, 0x21,
  0x46, 0x21, 0x46, 0x21, 0x46, 0x21, 0x46, 0x21, 0x46, 0x21, 0x46, 0x21, 0x46, 0x21, 0x46, 0x21,
  0x46, 0x21, 0x46, 0x21, 0x46, 0x21, 0x46, 0x21, 0x46, 0x21, 0x46, 0x21, 0x46, 0x21, 0x46, 0x21,
  0x46, 0x21, 0x46, 0x21, 0x46, 0x21, 0x46, 0x21, 0x46, 0x21, 0x46, 0x21, 0x46, 0x21, 0x46, 0x21,
  0x46, 0x21, 0x46, 0x21, 0x46, 0x21, 0x46, 0x21, 0x46, 0x21, 0x46, 0x21, 0x46, 0x21, 0x46, 0x21,
  0x46, 0x21, 0x46, 0x21, 0x46, 0x21, 0x46, 0x21, 0x46, 0x21, 0x46, 0x21, 0x46, 0x21, 0x46, 0x21,
  0x46, 0x21, 0x46, 0x21, 0x46, 0x21, 0x46, 0x21, 0x46, 0x21, 0x46, 0x21, 0x46, 0x21, 0x46, 0x21,
  0x46, 0x21, 0x46, 0x21, 0x46, 0x21, 0x46, 0x21, 0x46, 0x21, 0x46, 0x21, 0x46, 0x21, 0x46, 0x21,
  0x46, 0x21, 0x46, 0x21, 0x46, 0x21, 0x46, 0x21, 0x46, 0x21, 0x46, 0x21, 0x46, 0x21, 0x46, 0x21,
  0x46, 0x21, 0x46, 0x21, 0x46, 0x21, 0x46, 0x21, 0x46, 0x21, 0x46, 0x21, 0x46, 0x21, 0x46, 0x21,
  0x46, 0x21, 0x46, 0x21, 0x46, 0x21, 0x46, 0x21, 0x46, 0x21, 0x46, 0x21, 0x46, 0x21, 0x46, 0x21,
  0x46, 0x21, 0x46, 0x21, 0x46, 0x21, 0x46, 0x21, 0x46, 0x21, 0x46, 0x21, 0x46, 0x21, 0x46, 0x21,
  0x46, 0x21, 0x46, 0x21, 0x46, 0x21, 0x46, 0x21, 0x46, 0x21, 0x46, 0x21, 0x46, 0x21, 0x46, 0x21,
  0x46, 0x21, 0x46, 0x21, 0x46, 0x21, 0x46, 0x21, 0x46, 0x21, 0x46, 0x21, 0x46, 0x21, 0x46, 0x21,
  0x46, 0x21, 0x46, 0x21, 0x46, 0x21, 0x46, 0x21, 0x46, 0x21, 0x46, 0x21, 0x46, 0x21, 0x46, 0x21,
  0x46, 0x21, 0x46, 0x21, 0x46, 0x21, 0x46, 0x21, 0x46, 0x21, 0x46, 0x21, 0x46, 0x21, 0x46, 0x21,
  0x46, 0x21, 0x46, 0x21, 0x46, 0x21, 0x46, 0x21, 0x46, 0x21, 0x46, 0x21, 0x46, 0x21, 0x46, 0x21,
  0x46, 0x21, 0x46, 0x21, 0x46, 0x21, 0x46, 0x21, 0x46, 0x21, 0x46, 0x21, 0x46, 0x21, 0x46, 0x21,
  0x46, 0x21, 0x46, 0x21, 0x46, 0x21, 0x46, 0x21, 0x46, 0x21, 0x46, 0x21, 0x46, 0x21, 0x46, 0x21,
  0x46, 0x21, 0x46, 0x21, 0x46, 0x21, 0x46, 0x21, 0x46, 0x21, 0x46, 0x21, 0x46, 0x21, 0x46, 0x21,
  0x46, 0x21, 0x46, 0x21, 0x46, 0x21, 0x46, 0x21, 0x46, 0x21, 0x46, 0x21, 0x46, 0x21, 0x46, 0x21,
  0x46, 0x21, 0x46, 0x21, 0x46, 0x21, 0x46, 0x21, 0x46, 0x21, 0x46, 0x21, 0x46, 0x21, 0x46, 0x21,
  0x46, 0x21, 0x46, 0x21, 0x46, 0x21, 0x46, 0x21, 0x46, 0x21, 0x46, 0x21, 0x46, 0x21, 0x46, 0x21,
  0x46, 0x21, 0x46, 0x21, 0x46, 0x21, 0x46, 0x21, 0x46, 0x21, 0x46, 0x21, 0x46, 0x21, 0x46, 0x21,
  0x46, 0x21, 0x46, 0x21, 0x46, 0x21, 0x46, 0x21, 0x46, 0x21, 0x46, 0x21, 0x46, 0x21, 0x46, 0x21,
  0x46, 0x21, 0x46, 0x21, 0x46, 0x21, 0x46, 0x21, 0x46, 0x21, 0x46, 0x21, 0x46, 0x21, 0x46, 0x21,
  0x46, 0x21, 0x46, 0x21, 0x46, 0x21, 0x46, 0x21, 0x46, 0x21, 0x46, 0x21, 0x46, 0x21, 0x46, 0x21,
  0x46, 0x21, 0x46, 0x21, 0x46, 0x21, 0x46, 0x21, 0x46, 0x21, 0x46, 0x21, 0x46, 0x21, 0x46, 0x21,
  0x46, 0x21, 0x46, 0x21, 0x46, 0x21, 0x46, 0x21, 0x46, 0x21, 0x46, 0x21, 0x46, 0x21, 0x46, 0x21,
  0x46, 0x21, 0x46, 0x21, 0x46, 0x21, 0x46, 0x21, 0x46, 0x21, 0x46, 0x21, 0x46, 0x21, 0x46, 0x21,
  0x46, 0x21, 0x46, 0x21, 0x46, 0x21, 0x46, 0x21, 0x46, 0x21, 0x46, 0x21, 0x46, 0x21, 0x46, 0x21,
  0x46, 0x21, 0x46, 0x21, 0x46, 0x21, 0x46, 0x21, 0x46, 0x21, 0x46, 0x21, 0x46, 0x21, 0x46, 0x21,
  0x46, 0x21, 0x46, 0x21, 0x46, 0x21, 0x46, 0x21, 0x46, 0x21, 0x46, 0x21, 0x46, 0x21, 0x46, 0x21,
  0x46, 0x21, 0x46, 0x21, 0x46, 0x21, 0x46, 0x21, 0x46, 0x21, 0x46, 0x21, 0x46, 0x21, 0x46, 0x21,
  0x46, 0x21, 0x46, 0x21, 0x46, 0x21, 0x46, 0x21, 0x46, 0x21, 0x46, 0x21, 0x46, 0x21, 0x46, 0x21,
  0x46, 0x21, 0x46, 0x21, 0x46, 0x21, 0x46, 0x21, 0x46, 0x21, 0x46, 0x21, 0x46, 0x21, 0x46, 0x21,
  0x46, 0x21, 0x46, 0x21, 0x46, 0x21, 0x46, 0x21, 0x46, 0x21, 0x46, 0x21, 0x46, 0x21, 0x46, 0x21,
  0x46, 0x21, 0x46, 0x21, 0x46, 0x21, 0x46, 0x21, 0x46, 0x21, 0x46, 0x21, 0x46, 0x21, 0x46, 0x21,
  0x46, 0x21, 0x46, 0x21, 0x46, 0x21, 0x46, 0x21, 0x46, 0x21, 0x46, 0x21, 0x46, 0x21, 0x46, 0x21,
  0x46, 0x21, 0x46, 0x21, 0x46, 0x21, 0x46, 0x21, 0x46, 0x21, 0x46, 0x21, 0x46, 0x21, 0x46, 0x21,
  0x46, 0x21, 0x46, 0x21, 0x46, 0x21, 0x46, 0x21, 0x46, 0x21, 0x46, 0x21, 0x46, 0x21, 0x46, 0x21,
  0x46, 0x21, 0x46, 0x21, 0x46, 0x21, 0x46, 0x21, 0x46, 0x21, 0x46, 0x21, 0x46, 0x21, 0x46, 0x21,
  0x46, 0x21, 0x46, 0x21, 0x46, 0x21, 0x46, 0x21, 0x46, 0x21, 0x46, 0x21, 0x46, 0x21, 0x46, 0x21,
  0x46, 0x21, 0x46, 0x21, 0x46, 0x21, 0x46, 0x21, 0x46, 0x21, 0x46, 0x21, 0x46, 0x21, 0x46, 0x21,
  0x46, 0x21, 0x46, 0x21, 0x46, 0x21, 0x46, 0x21, 0x46, 0x21, 0x46, 0x21, 0x46, 0x21, 0x46, 0x21,
  0x46, 0x21, 0x46, 0x21, 0x46, 0x21, 0x46, 0x21, 0x46, 0x21, 0x46, 0x21, 0x46, 0x21, 0x46, 0x21,
  0x46, 0x21, 0x46, 0x21, 0x46, 0x21, 0x46, 0x21, 0x46, 0x21, 0x46, 0x21, 0x46, 0x21, 0x46, 0x21,
  0x46, 0x21, 0x46, 0x21, 0x46, 0x21, 0x46, 0x21, 0x46, 0x21, 0x46, 0x21, 0x46, 0x21, 0x46, 0x21,
  0x46, 0x21, 0x46, 0x21, 0x46, 0x21, 0x46, 0x21, 0x46, 0x21, 0x46, 0x21, 0x46, 0x21, 0x46, 0x21,
  0x46, 0x21, 0x46, 0x21, 0x46, 0x21, 0x46, 0x21, 0x46, 0x21, 0x46, 0x21, 0x46, 0x21, 0x46, 0x21,
  0x46, 0x21, 0x46, 0x21, 0x46, 0x21, 0x46, 0x21, 0x46, 0x21, 0x46, 0x21, 0x46, 0x21, 0x46, 0x21,
  0x46, 0x21, 0x46, 0x21, 0x46, 0x21, 0x46, 0x21, 0x46, 0x21, 0x46, 0x21, 0x46, 0x21, 0x46, 0x21,
  0x46, 0x21, 0x46, 0x21, 0x46, 0x21, 0x46, 0x21, 0x46, 0x21, 0x46, 0x21, 0x46, 0x21, 0x46, 0x21,
  0x46, 0x21, 0x46, 0x21, 0x46, 0x21, 0x46, 0x21, 0x46, 0x21, 0x46, 0x21, 0x46, 0x21, 0x46, 0x21,
  0x46, 0x21, 0x46, 0x21, 0x46, 0x21, 0x46, 0x21, 0x46, 0x21, 0x46, 0x21, 0x46, 0x21, 0x46, 0x21,
  0x46, 0x21, 0x46, 0x21, 0x46, 0x21, 0x46, 0x21, 0x46, 0x21, 0x46, 0x21, 0x46, 0x21, 0x46, 0x21,
  0x46, 0x21, 0x46, 0x21, 0x46, 0x21, 0x46, 0x21, 0x46, 0x21, 0x46, 0x21, 0x46, 0x21, 0x46, 0x21,
  0x46, 0x21, 0x46, 0x21, 0x46, 0x21, 0x46, 0x21, 0x46, 0x21, 0x46, 0x21, 0x46, 0x21, 0x46, 0x21,
  0x46, 0x21, 0x46, 0x21, 0x46, 0x21, 0x46, 0x21, 0x46, 0x21, 0x46, 0x21, 0x46, 0x21, 0x46, 0x21,
  0x46, 0x21, 0x46, 0x21, 0x46, 0x21, 0x46, 0x21, 0x46, 0x21, 0x46, 0x21, 0x46, 0x21, 0x46, 0x21,
  0x46, 0x21, 0x46, 0x21, 0x46, 0x21, 0x46, 0x21, 0x46, 0x21, 0x46, 0x21, 0x46, 0x21, 0x46, 0x21,
  0x46, 0x21, 0x46, 0x21, 0x46, 0x21, 0x46, 0x21, 0x46, 0x21, 0x46, 0x21, 0x46, 0x21, 0x46, 0x21,
  0x46, 0x21, 0x46, 0x21, 0x46, 0x21, 0x46, 0x21, 0x46, 0x21, 0x46, 0x21, 0x46, 0x21, 0x46, 0x21,
  0x46, 0x21, 0x46, 0x21, 0x46, 0x21, 0x46, 0x21, 0x46, 0x21, 0x46, 0x21, 0x46, 0x21, 0x46, 0x21,
  0x46, 0x21, 0x46, 0x21, 0x46, 0x21, 0x46, 0x21, 0x46, 0x21, 0x46, 0x21, 0x46, 0x21, 0x46, 0x21,
  0x46, 0x21, 0x46, 0x21, 0x46, 0x21, 0x46, 0x21, 0x46, 0x21, 0x46, 0x21, 0x46, 0x21, 0x46, 0x21,
  0x46, 0x21, 0x46, 0x21, 0x46, 0x21, 0x46, 0x21, 0x46, 0x21, 0x46, 0x21, 0x46, 0x21, 0x46, 0x21,
  0x46, 0x21, 0x46, 0x21, 0x46, 0x21, 0x46, 0x21, 0x46, 0x21, 0x46, 0x21, 0x46, 0x21, 0x46, 0x21,
  0x46, 0x21, 0x46, 0x21, 0x46, 0x21, 0x46, 0x21, 0x46, 0x21, 0x46, 0x21, 0x46, 0x21, 0x46, 0x21,
  0x46, 0x21, 0x46, 0x21, 0x46, 0x21, 0x46, 0x21, 0x46, 0x21, 0x46, 0x21, 0x46, 0x21, 0x46, 0x21,
  0x46, 0x21, 0x46, 0x21, 0x46, 0x21, 0x46, 0x21, 0x46, 0x21, 0x46, 0x21, 0x46, 0x21, 0x46, 0x21,
  0x46, 0x21, 0x46, 0x21, 0x46, 0x21, 0x46, 0x21, 0x46, 0x21, 0x46, 0x21, 0x46, 0x21, 0x46, 0x21,
  0x46, 0x21, 0x46, 0x21, 0x46, 0x21, 0x46, 0x21, 0x46, 0x21, 0x46, 0x21, 0x46, 0x21, 0x46, 0x21,
  0x46, 0x21, 0x46, 0x21, 0x46, 0x21, 0x46, 0x21, 0x46, 0x21, 0x46, 0x21, 0x46, 0x21, 0x46, 0x21,
  0x46, 0x21, 0x46, 0x21, 0x46, 0x21, 0x46, 0x21, 0x46, 0x21, 0x46, 0x21, 0x46, 0x21, 0x46, 0x21,
  0x46, 0x21, 0x46, 0x21, 0x46, 0x21, 0x46, 0x21, 0x46, 0x21, 0x46, 0x21, 0x46, 0x21, 0x46, 0x21,
  0x46, 0x21, 0x46, 0x21, 0x46, 0x21, 0x46, 0x21, 0x46, 0x21, 0x46, 0x21, 0x46, 0x21, 0x46, 0x21,
  0x46, 0x21, 0x46, 0x21, 0x46, 0x21, 0x46, 0x21, 0x46, 0x21, 0x46, 0x21, 0x46, 0x21, 0x46, 0x21,
  0x46, 0x21, 0x46, 0x21, 0x46, 0x21, 0x46, 0x21, 0x46, 0x21, 0x46, 0x21, 0x46, 0x21, 0x46, 0x21,
  0x46, 0x21, 0x46, 0x21, 0x46, 0x21, 0x46, 0x21, 0x46, 0x21, 0x46, 0x21, 0x46, 0x21, 0x46, 0x21,
  0x46, 0x21, 0x46, 0x21, 0x46, 0x21, 0x46, 0x21, 0x46, 0x21, 0x46, 0x21, 0x46, 0x21, 0x46, 0x21,
  0x46, 0x21, 0x46, 0x21, 0x46, 0x21, 0x46, 0x21, 0x46, 0x21, 0x46, 0x21, 0x46, 0x21, 0x46, 0x21,
  0x46, 0x21, 0x46, 0x21, 0x46, 0x21, 0x46, 0x21, 0x46, 0x21, 0x46, 0x21, 0x46, 0x21, 0x46, 0x21,
  0x46, 0x21, 0x46, 0x21, 0x46, 0x21, 0x46, 0x21, 0x46, 0x21, 0x46, 0x21, 0x46, 0x21, 0x46, 0x21,
  0x46, 0x21, 0x46, 0x21, 0x46, 0x21, 0x46, 0x21, 0x46, 0x21, 0x46, 0x21, 0x46, 0x21, 0x46, 0x21,
  0x46, 0x21, 0x46, 0x21, 0x46, 0x21, 0x46, 0x21, 0x46, 0x21, 0x46, 0x21, 0x46, 0x21, 0x46, 0x21,
  0x46, 0x21, 0x46, 0x21, 0x46, 0x21, 0x46, 0x21, 0x46, 0x21, 0x46, 0x21, 0x46, 0x21, 0x46, 0x21,
  0x46, 0x21, 0x46, 0x21, 0x46, 0x21, 0x46, 0x21, 0x46, 0x21, 0x46, 0x21, 0x46, 0x21, 0x46, 0x21,
  0x46, 0x21, 0x46, 0x21, 0x46, 0x21, 0x46, 0x21, 0x46, 0x21, 0x46, 0x21, 0x46, 0x21, 0x46, 0x21,
  0x46, 0x21, 0x46, 0x21, 0x46, 0x21, 0x46, 0x21, 0x46, 0x21, 0x46, 0x21, 0x46, 0x21, 0x46, 0x21,
  0x46, 0x21, 0x46, 0x21, 0x46, 0x21, 0x46, 0x21, 0x46, 0x21, 0x46, 0x21, 0x46, 0x21, 0x46, 0x21,
  0x46, 0x21, 0x46, 0x21, 0x46, 0x21, 0x46, 0x21, 0x46, 0x21, 0x46, 0x21, 0x46, 0x21, 0x46, 0x21,
  0x46, 0x21, 0x46, 0x21, 0x46, 0x21, 0x46, 0x21, 0x46, 0x21, 0x46, 0x21, 0x46, 0x21, 0x46, 0x21,
  0x46, 0x21, 0x46, 0x21, 0x46, 0x21, 0x46, 0x21, 0x46, 0x21, 0x46, 0x21, 0x46, 0x21, 0x46, 0x21,
  0x46, 0x21, 0x46, 0x21, 0x46, 0x21, 0x46, 0x21, 0x46, 0x21, 0x46, 0x21, 0x46, 0x21, 0x46, 0x21,
  0x46, 0x21, 0x46, 0x21, 0x46, 0x21, 0x46, 0x21, 0x46, 0x21, 0x46, 0x21, 0x46, 0x21, 0x46, 0x21,
  0x46, 0x21, 0x46, 0x21, 0x46, 0x21, 0x46, 0x21, 0x46, 0x21, 0x46, 0x21, 0x46, 0x21, 0x46, 0x21,
  0x46, 0x21, 0x46, 0x21, 0x46, 0x21, 0x46, 0x21, 0x46, 0x21, 0x46, 0x21, 0x46, 0x21, 0x46, 0x21,
  0x46, 0x21, 0x46, 0x21, 0x46, 0x21, 0x46, 0x21, 0x46, 0x21, 0x46, 0x21, 0x46, 0x21, 0x46, 0x21,
  0x46, 0x21, 0x46, 0x21, 0x46, 0x21, 0x46, 0x21, 0x46, 0x21, 0x46, 0x21, 0x46, 0x21, 0x46, 0x21,
  0x46, 0x21, 0x46, 0x21, 0x46, 0x21, 0x46, 0x21, 0x46, 0x21, 0x46, 0x21, 0x46, 0x21, 0x46, 0x21,
  0x46, 0x21, 0x46, 0x21, 0x46, 0x21, 0x46, 0x21, 0x46, 0x21, 0x46, 0x21, 0x46, 0x21, 0x46, 0x21,
  0x46, 0x21, 0x46, 0x21, 0x46, 0x21, 0x46, 0x21, 0x46, 0x21, 0x46, 0x21, 0x46, 0x21, 0x46, 0x21,
  0x46, 0x21, 0x46, 0x21, 0x46, 0x21, 0x46, 0x21, 0x46, 0x21, 0x46, 0x21, 0x46, 0x21, 0x46, 0x21,
  0x46, 0x21, 0x46, 0x21, 0x46, 0x21, 0x46, 0x21, 0x46, 0x21, 0x46, 0x21, 0x46, 0x21, 0x46, 0x21,
  0x46, 0x21, 0x46, 0x21, 0x46, 0x21, 0x46, 0x21, 0x46, 0x21, 0x46, 0x21, 0x46, 0x21, 0x46, 0x21,
  0x46, 0x21, 0x46, 0x21, 0x46, 0x21, 0x46, 0x21, 0x46, 0x21, 0x46, 0x21, 0x46, 0x21, 0x46, 0x21,
  0x46, 0x21, 0x46, 0x21, 0x46, 0x21, 0x46, 0x21, 0x46, 0x21, 0x46, 0x21, 0x46, 0x21, 0x46, 0x21,
  0x46, 0x21, 0x46, 0x21, 0x46, 0x21, 0x46, 0x21, 0x46, 0x21, 0x46, 0x21, 0x46, 0x21, 0x46, 0x21,
  0x46, 0x21, 0x46, 0x21, 0x46, 0x21, 0x46, 0x21, 0x46, 0x21, 0x46, 0x21, 0x46, 0x21, 0x46, 0x21,
  0x46, 0x21, 0x46, 0x21, 0x46, 0x21, 0x46, 0x21, 0x46, 0x21, 0x46, 0x21, 0x46, 0x21, 0x46, 0x21,
  0x46, 0x21, 0x46, 0x21, 0x46, 0x21, 0x46, 0x21, 0x46, 0x21, 0x46, 0x21, 0x46, 0x21, 0x46, 0x21,
  0x46, 0x21, 0x46, 0x21, 0x46, 0x21, 0x46, 0x21, 0x46, 0x21, 0x46, 0x21, 0x46, 0x21, 0x46, 0x21,
  0x46, 0x21, 0x46, 0x21, 0x46, 0x21, 0x46, 0x21, 0x46, 0x21, 0x46, 0x21, 0x46, 0x21, 0x46, 0x21,
  0x46, 0x21, 0x46, 0x21, 0x46, 0x21, 0x46, 0x21, 0x46, 0x21, 0x46, 0x21, 0x46, 0x21, 0x46, 0x21,
  0x46, 0x21, 0x46, 0x21, 0x46, 0x21, 0x46, 0x21, 0x46, 0x21, 0x46, 0x21, 0x46, 0x21, 0x46, 0x21,
  0x46, 0x21, 0x46, 0x21, 0x46, 0x21, 0x46, 0x21, 0x46, 0x21, 0x46, 0x21, 0x46, 0x21, 0x46, 0x21,
  0x46, 0x21, 0x46, 0x21, 0x46, 0x21, 0x46, 0x21, 0x46, 0x21, 0x46, 0x21, 0x46, 0x21, 0x46, 0x21,
  0x46, 0x21, 0x46, 0x21, 0x46, 0x21, 0x46, 0x21, 0x46, 0x21, 0x46, 0x21, 0x46, 0x21, 0x46, 0x21,
  0x46, 0x21, 0x46, 0x21, 0x46, 0x21, 0x46, 0x21, 0x46, 0x21, 0x46, 0x21, 0x46, 0x21, 0x46, 0x21,
  0x46, 0x21, 0x46, 0x21, 0x46, 0x21, 0x46, 0x21, 0x46, 0x21, 0x46, 0x21, 0x46, 0x21, 0x46, 0x21,
  0x46, 0x21, 0x46, 0x21, 0x46, 0x21, 0x46, 0x21, 0x46, 0x21, 0x46, 0x21, 0x46, 0x21, 0x46, 0x21,
  0x46, 0x21, 0x46, 0x21, 0x46, 0x21, 0x46, 0x21, 0x46, 0x21, 0x46, 0x21, 0x46, 0x21, 0x46, 0x21,
  0x46, 0x21, 0x46, 0x21, 0x46, 0x21, 0x46, 0x21, 0x46, 0x21, 0x46, 0x21, 0x46, 0x21, 0x46, 0x21,
  0x46, 0x21, 0x46, 0x21, 0x46, 0x21, 0x46, 0x21, 0x46, 0x21, 0x46, 0x21, 0x46, 0x21, 0x46, 0x21,
  0x46, 0x21, 0x46, 0x21, 0x46, 0x21, 0x46, 0x21, 0x46, 0x21, 0x46, 0x21, 0x46, 0x21, 0x46, 0x21,
  0x46, 0x21, 0x46, 0x21, 0x46, 0x21, 0x46, 0x21, 0x46, 0x21, 0x46, 0x21, 0x46, 0x21, 0x46, 0x21,
  0x46, 0x21, 0x46, 0x21, 0x46, 0x21, 0x46, 0x21, 0x46, 0x21, 0x46, 0x21, 0x46, 0x21, 0x46, 0x21,
  0x46, 0x21, 0x46, 0x21, 0x46, 0x21, 0x46, 0x21, 0x46, 0x21, 0x46, 0x21, 0x46, 0x21, 0x46, 0x21,
  0x46, 0x21, 0x46, 0x21, 0x46, 0x21, 0x46, 0x21, 0x46, 0x21, 0x46, 0x21, 0x46, 0x21, 0x46, 0x21,
  0x46, 0x21, 0x46, 0x21, 0x46, 0x21, 0x46, 0x21, 0x46, 0x21, 0x46, 0x21, 0x46, 0x21, 0x46, 0x21,
  0x46, 0x21, 0x46, 0x21, 0x46, 0x21, 0x46, 0x21, 0x46, 0x21, 0x46, 0x21, 0x46, 0x21, 0x46, 0x21,
  0x46, 0x21, 0x46, 0x21, 0x46, 0x21, 0x46, 0x21, 0x46, 0x21, 0x46, 0x21, 0x46, 0x21, 0x46, 0x21,
  0x46, 0x21, 0x46, 0x21, 0x46, 0x21, 0x46, 0x21, 0x46, 0x21, 0x46, 0x21, 0x46, 0x21, 0x46, 0x21,
  0x46, 0x21, 0x46, 0x21, 0x46, 0x21, 0x46, 0x21, 0x46, 0x21, 0x46, 0x21, 0x46, 0x21, 0x46, 0x21,
  0x46, 0x21, 0x46, 0x21, 0x46, 0x21, 0x46, 0x21, 0x46, 0x21, 0x46, 0x21, 0x46, 0x21, 0x46, 0x21,
  0x46, 0x21, 0x46, 0x21, 0x46, 0x21, 0x46, 0x21, 0x46, 0x21, 0x46, 0x21, 0x46, 0x21, 0x46, 0x21,
  0x46, 0x21, 0x46, 0x21, 0x46, 0x21, 0x46, 0x21, 0x46, 0x21, 0x46, 0x21, 0x46, 0x21, 0x46, 0x21,
  0x46, 0x21, 0x46, 0x21, 0x46, 0x21, 0x46, 0x21, 0x46, 0x21, 0x46, 0x21, 0x46, 0x21, 0x46, 0x21,
  0x46, 0x21, 0x46, 0x21, 0x46, 0x21, 0x46, 0x21, 0x46, 0x21, 0x46, 0x21, 0x46, 0x21, 0x46, 0x21,
  0x46, 0x21, 0x46, 0x21, 0x46, 0x21, 0x46, 0x21, 0x46, 0x21, 0x46, 0x21, 0x46, 0x21, 0x46, 0x21,
  0x46, 0x21, 0x46, 0x21, 0x46, 0x21, 0x46, 0x21, 0x46, 0x21, 0x46, 0x21, 0x46, 0x21, 0x46, 0x21,
  0x46, 0x21, 0x46, 0x21, 0x46, 0x21, 0x46, 0x21, 0x46, 0x21, 0x46, 0x21, 0x46, 0x21, 0x46, 0x21,
  0x46, 0x21, 0x46, 0x21, 0x46, 0x21, 0x46, 0x21, 0x46, 0x21, 0x46, 0x21, 0x46, 0x21, 0x46, 0x21,
  0x46, 0x21, 0x46, 0x21, 0x46, 0x21, 0x46, 0x21, 0x46, 0x21, 0x46, 0x21, 0x46, 0x21, 0x46, 0x21,
  0x46, 0x21, 0x46, 0x21, 0x46, 0x21, 0x46, 0x21, 0x46, 0x21, 0x46, 0x21, 0x46, 0x21, 0x46, 0x21,
  0x46, 0x21, 0x46, 0x21, 0x46, 0x21, 0x46, 0x21, 0x46, 0x21, 0x46, 0x21, 0x46, 0x21, 0x46, 0x21,
  0x46, 0x21, 0x46, 0x21, 0x46, 0x21, 0x46, 0x21, 0x46, 0x21, 0x46, 0x21, 0x46, 0x21, 0x46, 0x21,
  0x46, 0x21, 0x46, 0x21, 0x46, 0x21, 0x46, 0x21, 0x46, 0x21, 0x46, 0x21, 0x46, 0x21, 0x46, 0x21,
  0x46, 0x21, 0x46, 0x21, 0x46, 0x21, 0x46, 0x21, 0x46, 0x21, 0x46, 0x21, 0x46, 0x21, 0x46, 0x21,
  0x46, 0x21, 0x46, 0x21, 0x46, 0x21, 0x46, 0x21, 0x46, 0x21, 0x46, 0x21, 0x46, 0x21, 0x46, 0x21,
  0x46, 0x21, 0x46, 0x21, 0x46, 0x21, 0x46, 0x21, 0x46, 0x21, 0x46, 0x21, 0x46, 0x21, 0x46, 0x21,
  0x46, 0x21, 0x46, 0x21, 0x46, 0x21, 0x46, 0x21, 0x46, 0x21, 0x46, 0x21, 0x46, 0x21, 0x46, 0x21,
  0x46, 0x21, 0x46, 0x21, 0x46, 0x21, 0x46, 0x21, 0x46, 0x21, 0x46, 0x21, 0x46, 0x21, 0x46, 0x21,
  0x46, 0x21, 0x46, 0x21, 0x46, 0x21, 0x46, 0x21, 0x46, 0x21, 0x46, 0x21, 0x46, 0x21, 0x46, 0x21,
  0x46, 0x21, 0x46, 0x21, 0x46, 0x21, 0x46, 0x21, 0x46, 0x21, 0x46, 0x21, 0x46, 0x21, 0x46, 0x21,
  0x46, 0x21, 0x46, 0x21, 0x46, 0x21, 0x46, 0x21, 0x46, 0x21, 0x46, 0x21, 0x46, 0x21, 0x46, 0x21,
  0x46, 0x21, 0x46, 0x21, 0x46, 0x21, 0x46, 0x21, 0x46, 0x21, 0x46, 0x21, 0x46, 0x21, 0x46, 0x21,
  0x46, 0x21, 0x46, 0x21, 0x46, 0x21, 0x46, 0x21, 0x46, 0x21, 0x46, 0x21, 0x46, 0x21, 0x46, 0x21,
  0x46, 0x21, 0x46, 0x21, 0x46, 0x21, 0x46, 0x21, 0x46, 0x21, 0x46, 0x21, 0x46, 0x21, 0x46, 0x21,
  0x46, 0x21, 0x46, 0x21, 0x46, 0x21, 0x46, 0x21, 0x46, 0x21, 0x46, 0x21, 0x46, 0x21, 0x46, 0x21,
  0x46, 0x21, 0x46, 0x21, 0x46, 0x21, 0x46, 0x21, 0x46, 0x21, 0x46, 0x21, 0x46, 0x21, 0x46, 0x21,
  0x46, 0x21, 0x46, 0x21, 0x46, 0x21, 0x46, 0x21, 0x46, 0x21, 0x46, 0x21, 0x46, 0x21, 0x46, 0x21,
  0x46, 0x21, 0x46, 0x21, 0x46, 0x21, 0x46, 0x21, 0x46, 0x21, 0x46, 0x21, 0x46, 0x21, 0x46, 0x21,
  0x46, 0x21, 0x46, 0x21, 0x46, 0x21, 0x46, 0x21, 0x46, 0x21, 0x46, 0x21, 0x46, 0x21, 0x46, 0x21,
  0x46, 0x21, 0x46, 0x21, 0x46, 0x21, 0x46, 0x21, 0x46, 0x21, 0x46, 0x21, 0x46, 0x21, 0x46, 0x21,
  0x46, 0x21, 0x46, 0x21, 0x46, 0x21, 0x46, 0x21, 0x46, 0x21, 0x46, 0x21, 0x46, 0x21, 0x46, 0x21,
  0x46, 0x21, 0x46, 0x21, 0x46, 0x21, 0x46, 0x21, 0x46, 0x21, 0x46, 0x21, 0x46, 0x21, 0x46, 0x21,
  0x46, 0x21, 0x46, 0x21, 0x46, 0x21, 0x46, 0x21, 0x46, 0x21, 0x46, 0x21, 0x46, 0x21, 0x46, 0x21,
  0x46, 0x21, 0x46, 0x21, 0x46, 0x21, 0x46, 0x21, 0x46, 0x21, 0x46, 0x21, 0x46, 0x21, 0x46, 0x21,
  0x46, 0x21, 0x46, 0x21, 0x46, 0x21, 0x46, 0x21, 0x46, 0x21, 0x46, 0x21, 0x46, 0x21, 0x46, 0x21,
  0x46, 0x21, 0x46, 0x21, 0x46, 0x21, 0x46, 0x21, 0x46, 0x21, 0x46, 0x21, 0x46, 0x21, 0x46, 0x21,
  0x46, 0x21, 0x46, 0x21, 0x46, 0x21, 0x46, 0x21, 0x46, 0x21, 0x46, 0x21, 0x46, 0x21, 0x46, 0x21,
  0x46, 0x21, 0x46, 0x21, 0x46, 0x21, 0x46, 0x21, 0x46, 0x21, 0x46, 0x21, 0x46, 0x21, 0x46, 0x21,
  0x46, 0x21, 0x46, 0x21, 0x46, 0x21, 0x46, 0x21, 0x46, 0x21, 0x46, 0x21, 0x46, 0x21, 0x46, 0x21,
  0x46, 0x21, 0x46, 0x21, 0x46, 0x21, 0x46, 0x21, 0x46, 0x21, 0x46, 0x21, 0x46, 0x21, 0x46, 0x21,
  0x46, 0x21, 0x46, 0x21, 0x46, 0x21, 0x46, 0x21, 0x46, 0x21, 0x46, 0x21, 0x46, 0x21, 0x46, 0x21,
  0x46, 0x21, 0x46, 0x21, 0x46, 0x21, 0x46, 0x21, 0x46, 0x21, 0x46, 0x21, 0x46, 0x21, 0x46, 0x21,
  0x46, 0x21, 0x46, 0x21, 0x46, 0x21, 0x46, 0x21, 0x46, 0x21, 0x46, 0x21, 0x46, 0x21, 0x46, 0x21,
  0x46, 0x21, 0x46, 0x21, 0x46, 0x21, 0x46, 0x21, 0x46, 0x21, 0x46, 0x21, 0x46, 0x21, 0x46, 0x21,
  0x46, 0x21, 0x46, 0x21, 0x46, 0x21, 0x46, 0x21, 0x46, 0x21, 0x46, 0x21, 0x46, 0x21, 0x46, 0x21,
  0x46, 0x21, 0x46, 0x21, 0x46, 0x21, 0x46, 0x21, 0x46, 0x21, 0x46, 0x21, 0x46, 0x21, 0x46, 0x21,
  0x46, 0x21, 0x46, 0x21, 0x46, 0x21, 0x46, 0x21, 0x46, 0x21, 0x46, 0x21, 0x46, 0x21, 0x46, 0x21,
  0x46, 0x21, 0x46, 0x21, 0x46, 0x21, 0x46, 0x21, 0x46, 0x21, 0x46, 0x21, 0x46, 0x21, 0x46, 0x21,
  0x46, 0x21, 0x46, 0x21, 0x46, 0x21, 0x46, 0x21, 0x46, 0x21, 0x46, 0x21, 0x46, 0x21, 0x46, 0x21,
  0x46, 0x21, 0x46, 0x21, 0x46, 0x21, 0x46, 0x21, 0x46, 0x21, 0x46, 0x21, 0x46, 0x21, 0x46, 0x21,
  0x46, 0x21, 0x46, 0x21, 0x46, 0x21, 0x46, 0x21, 0x46, 0x21, 0x46, 0x21, 0x46, 0x21, 0x46, 0x21,
  0x46, 0x21, 0x46, 0x21, 0x46, 0x21, 0x46, 0x21, 0x46, 0x21, 0x46, 0x21, 0x46, 0x21, 0x46, 0x21,
  0x46, 0x21, 0x46, 0x21, 0x46, 0x21, 0x46, 0x21, 0x46, 0x21, 0x46, 0x21, 0x46, 0x21, 0x46, 0x21,
  0x46, 0x21, 0x46, 0x21, 0x46, 0x21, 0x46, 0x21, 0x46, 0x21, 0x46, 0x21, 0x46, 0x21, 0x46, 0x21,
  0x46, 0x21, 0x46, 0x21, 0x46, 0x21, 0x46, 0x21, 0x46, 0x21, 0x46, 0x21, 0x46, 0x21, 0x46, 0x21,
  0x46, 0x21, 0x46, 0x21, 0x46, 0x21, 0x46, 0x21, 0x46, 0x21, 0x46, 0x21, 0x46, 0x21, 0x46, 0x21,
  0x46, 0x21, 0x46, 0x21, 0x46, 0x21, 0x46, 0x21, 0x46, 0x21, 0x46, 0x21, 0x46, 0x21, 0x46, 0x21,
  0x46, 0x21, 0x46, 0x21, 0x46, 0x21, 0x46, 0x21, 0x46, 0x21, 0x46, 0x21, 0x46, 0x21, 0x46, 0x21,
  0x46, 0x21, 0x46, 0x21, 0x46, 0x21, 0x46, 0x21, 0x46, 0x21, 0x46, 0x21, 0x46, 0x21, 0x46, 0x21,
  0x46, 0x21, 0x46, 0x21, 0x46, 0x21, 0x46, 0x21, 0x46, 0x21, 0x46, 0x21, 0x46, 0x21, 0x46, 0x21,
  0x46, 0x21, 0x46, 0x21, 0x46, 0x21, 0x46, 0x21, 0x46, 0x21, 0x46, 0x21, 0x46, 0x21, 0x46, 0x21,
  0x46, 0x21, 0x46, 0x21, 0x46, 0x21, 0x46, 0x21, 0x46, 0x21, 0x46, 0x21, 0x46, 0x21, 0x46, 0x21,
  0x46, 0x21, 0x46, 0x21, 0x46, 0x21, 0x46, 0x21, 0x46, 0x21, 0x46, 0x21, 0x46, 0x21, 0x46, 0x21,
  0x46, 0x21, 0x46, 0x21, 0x46, 0x21, 0x46, 0x21, 0x46, 0x21, 0x46, 0x21, 0x46, 0x21, 0x46, 0x21,
  0x46, 0x21, 0x46, 0x21, 0x46, 0x21, 0x46, 0x21, 0x46, 0x21, 0x46, 0x21, 0x46, 0x21, 0x46, 0x21,
  0x46, 0x21, 0x46, 0x21, 0x46, 0x21, 0x46, 0x21, 0x46, 0x21, 0x46, 0x21, 0x46, 0x21, 0x46, 0x21,
  0x46, 0x21, 0x46, 0x21, 0x46, 0x21, 0x46, 0x21, 0x46, 0x21, 0x46, 0x21, 0x46, 0x21, 0x46, 0x21,
  0x46, 0x21, 0x46, 0x21, 0x46, 0x21, 0x46, 0x21, 0x46, 0x21, 0x46, 0x21, 0x46, 0x21, 0x46, 0x21,
  0x46, 0x21, 0x46, 0x21, 0x46, 0x21, 0x46, 0x21, 0x46, 0x21, 0x46, 0x21, 0x46, 0x21, 0x46, 0x21,
  0x46, 0x21, 0x46, 0x21, 0x46, 0x21, 0x46, 0x21, 0x46, 0x21, 0x46, 0x21, 0x46, 0x21, 0x46, 0x21,
  0x46, 0x21, 0x46, 0x21, 0x46, 0x21, 0x46, 0x21, 0x46, 0x21, 0x46, 0x21, 0x46, 0x21, 0x46, 0x21,
  0x46, 0x21, 0x46, 0x21, 0x46, 0x21, 0x46, 0x21, 0x46, 0x21, 0x46, 0x21, 0x46, 0x21, 0x46, 0x21,
  0x46, 0x21, 0x46, 0x21, 0x46, 0x21, 0x46, 0x21, 0x46, 0x21, 0x46, 0x21, 0x46, 0x21, 0x46, 0x21,
  0x46, 0x21, 0x46, 0x21, 0x46, 0x21, 0x46, 0x21, 0x46, 0x21, 0x46, 0x21, 0x46, 0x21, 0x46, 0x21,
  0x46, 0x21, 0x46, 0x21, 0x46, 0x21, 0x46, 0x21, 0x46, 0x21, 0x46, 0x21, 0x46, 0x21, 0x46, 0x21,
  0x46, 0x21, 0x46, 0x21, 0x46, 0x21, 0x46, 0x21, 0x46, 0x21, 0x46, 0x21, 0x46, 0x21, 0x46, 0x21,
  0x46, 0x21, 0x46, 0x21, 0x46, 0x21, 0x46, 0x21, 0x46, 0x21, 0x46, 0x21, 0x46, 0x21, 0x46, 0x21,
  0x46, 0x21, 0x46, 0x21, 0x46, 0x21, 0x46, 0x21, 0x46, 0x21, 0x46, 0x21, 0x46, 0x21, 0x46, 0x21,
  0x46, 0x21, 0x46, 0x21, 0x46, 0x21, 0x46, 0x21, 0x46, 0x21, 0x46, 0x21, 0x46, 0x21, 0x46, 0x21,
  0x46, 0x21, 0x46, 0x21, 0x46, 0x21, 0x46, 0x21, 0x46, 0x21, 0x46, 0x21, 0x46, 0x21, 0x46, 0x21,
  0x46, 0x21, 0x46, 0x21, 0x46, 0x21, 0x46, 0x21, 0x46, 0x21, 0x46, 0x21, 0x46, 0x21, 0x46, 0x21,
  0x46, 0x21, 0x46, 0x21, 0x46, 0x21, 0x46, 0x21, 0x46, 0x21, 0x46, 0x21, 0x46, 0x21, 0x46, 0x21,
  0x46, 0x21, 0x46, 0x21, 0x46, 0x21, 0x46, 0x21, 0x46, 0x21, 0x46, 0x21, 0x46, 0x21, 0x46, 0x21,
  0x46, 0x21, 0x46, 0x21, 0x46, 0x21, 0x46, 0x21, 0x46, 0x21, 0x46, 0x21, 0x46, 0x21, 0x46, 0x21,
  0x46, 0x21, 0x46, 0x21, 0x46, 0x21, 0x46, 0x21, 0x46, 0x21, 0x46, 0x21, 0x46, 0x21, 0x46, 0x21,
  0x46, 0x21, 0x46, 0x21, 0x46, 0x21, 0x46, 0x21, 0x46, 0x21, 0x46, 0x21, 0x46, 0x21, 0x46, 0x21,
  0x46, 0x21, 0x46, 0x21, 0x46, 0x21, 0x46, 0x21, 0x46, 0x21, 0x46, 0x21, 0x46, 0x21, 0x46, 0x21,
  0x46, 0x21, 0x46, 0x21, 0x46, 0x21, 0x46, 0x21, 0x46, 0x21, 0x46, 0x21, 0x46, 0x21, 0x46, 0x21,
  0x46, 0x21, 0x46, 0x21, 0x46, 0x21, 0x46, 0x21, 0x46, 0x21, 0x46, 0x21, 0x46, 0x21, 0x46, 0x21,
  0x46, 0x21, 0x46, 0x21, 0x46, 0x21, 0x46, 0x21, 0x46, 0x21, 0x46, 0x21, 0x46, 0x21, 0x46, 0x21,
  0x46, 0x21, 0x46, 0x21, 0x46, 0x21, 0x46, 0x21, 0x46, 0x21, 0x46, 0x21, 0x46, 0x21, 0x46, 0x21,
  0x46, 0x21, 0x46, 0x21, 0x46, 0x21, 0x46, 0x21, 0x46, 0x21, 0x46, 0x21, 0x46, 0x21, 0x46, 0x21,
  0x46, 0x21, 0x46, 0x21, 0x46, 0x21, 0x46, 0x21, 0x46, 0x21, 0x46, 0x21, 0x46, 0x21, 0x46, 0x21,
  0x46, 0x21, 0x46, 0x21, 0x46, 0x21, 0x46, 0x21, 0x46, 0x21, 0x46, 0x21, 0x46, 0x21, 0x46, 0x21,
  0x46, 0x21, 0x46, 0x21, 0x46, 0x21, 0x46, 0x21, 0x46, 0x21, 0x46, 0x21, 0x46, 0x21, 0x46, 0x21,
  0x46, 0x21, 0x46, 0x21, 0x46, 0x21, 0x46, 0x21, 0x46, 0x21, 0x46, 0x21, 0x46, 0x21, 0x46, 0x21,
  0x46, 0x21, 0x46, 0x21, 0x46, 0x21, 0x46, 0x21, 0x46, 0x21, 0x46, 0x21, 0x46, 0x21, 0x46, 0x21,
  0x46, 0x21, 0x46, 0x21, 0x46, 0x21, 0x46, 0x21, 0x46, 0x21, 0x46, 0x21, 0x46, 0x21, 0x46, 0x21,
  0x46, 0x21, 0x46, 0x21, 0x46, 0x21, 0x46, 0x21, 0x46, 0x21, 0x46, 0x21, 0x46, 0x21, 0x46, 0x21,
  0x46, 0x21, 0x46, 0x21, 0x46, 0x21, 0x46, 0x21, 0x46, 0x21, 0x46, 0x21, 0x46, 0x21, 0x46, 0x21,
  0x46, 0x21, 0x46, 0x21, 0x46, 0x21, 0x46, 0x21, 0x46, 0x21, 0x46, 0x21, 0x46, 0x21, 0x46, 0x21,
  0x46, 0x21, 0x46, 0x21, 0x46, 0x21, 0x46, 0x21, 0x46, 0x21, 0x46, 0x21, 0x46, 0x21, 0x46, 0x21,
  0x46, 0x21, 0x46, 0x21, 0x46, 0x21, 0x46, 0x21, 0x46, 0x21, 0x46, 0x21, 0x46, 0x21, 0x46, 0x21,
  0x46, 0x21, 0x46, 0x21, 0x46, 0x21, 0x46, 0x21, 0x46, 0x21, 0x46, 0x21, 0x46, 0x21, 0x46, 0x21,
  0x46, 0x21, 0x46, 0x21, 0x46, 0x21, 0x46, 0x21, 0x46, 0x21, 0x46, 0x21, 0x46, 0x21, 0x46, 0x21,
  0x46, 0x21, 0x46, 0x21, 0x46, 0x21, 0x46, 0x21, 0x46, 0x21, 0x46, 0x21, 0x46, 0x21, 0x46, 0x21,
  0x46, 0x21, 0x46, 0x21, 0x46, 0x21, 0x46, 0x21, 0x46, 0x21, 0x46, 0x21, 0x46, 0x21, 0x46, 0x21,
  0x46, 0x21, 0x46, 0x21, 0x46, 0x21, 0x46, 0x21, 0x46, 0x21, 0x46, 0x21, 0x46, 0x21, 0x46, 0x21,
  0x46, 0x21, 0x46, 0x21, 0x46, 0x21, 0x46, 0x21, 0x46, 0x21, 0x46, 0x21, 0x46, 0x21, 0x46, 0x21,
  0x46, 0x21, 0x46, 0x21, 0x46, 0x21, 0x46, 0x21, 0x46, 0x21, 0x46, 0x21, 0x46, 0x21, 0x46, 0x21,
  0x46, 0x21, 0x46, 0x21, 0x46, 0x21, 0x46, 0x21, 0x46, 0x21, 0x46, 0x21, 0x46, 0x21, 0x46, 0x21,
  0x46, 0x21, 0x46, 0x21, 0x46, 0x21, 0x46, 0x21, 0x46, 0x21, 0x46, 0x21, 0x46, 0x21, 0x46, 0x21,
  0x46, 0x21, 0x46, 0x21, 0x46, 0x21, 0x46, 0x21, 0x46, 0x21, 0x46, 0x21, 0x46, 0x21, 0x46, 0x21,
  0x46, 0x21, 0x46, 0x21, 0x46, 0x21, 0x46, 0x21, 0x46, 0x21, 0x46, 0x21, 0x46, 0x21, 0x46, 0x21,
  0x46, 0x21, 0x46, 0x21, 0x46, 0x21, 0x46, 0x21, 0x46, 0x21, 0x46, 0x21, 0x46, 0x21, 0x46, 0x21,
  0x46, 0x21, 0x46, 0x21, 0x46, 0x21, 0x46, 0x21, 0x46, 0x21, 0x46, 0x21, 0x46, 0x21, 0x46, 0x21,
  0x46, 0x21, 0x46, 0x21, 0x46, 0x21, 0x46, 0x21, 0x46, 0x21, 0x46, 0x21, 0x46, 0x21, 0x46, 0x21,
  0x46, 0x21, 0x46, 0x21, 0x46, 0x21, 0x46, 0x21, 0x46, 0x21, 0x46, 0x21, 0x46, 0x21, 0x46, 0x21,
  0x46, 0x21, 0x46, 0x21, 0x46, 0x21, 0x46, 0x21, 0x46, 0x21, 0x46, 0x21, 0x46, 0x21, 0x46, 0x21,
  0x46, 0x21, 0x46, 0x21, 0x46, 0x21, 0x46, 0x21, 0x46, 0x21, 0x46, 0x21, 0x46, 0x21, 0x46, 0x21,
  0x46, 0x21, 0x46, 0x21, 0x46, 0x21, 0x46, 0x21, 0x46, 0x21, 0x46, 0x21, 0x46, 0x21, 0x46, 0x21,
  0x46, 0x21, 0x46, 0x21, 0x46, 0x21, 0x46, 0x21, 0x46, 0x21, 0x46, 0x21, 0x46, 0x21, 0x46, 0x21,
  0x46, 0x21, 0x46, 0x21, 0x46, 0x21, 0x46, 0x21, 0x46, 0x21, 0x46, 0x21, 0x46, 0x21, 0x46, 0x21,
  0x46, 0x21, 0x46, 0x21, 0x46, 0x21, 0x46, 0x21, 0x46, 0x21, 0x46, 0x21, 0x46, 0x21, 0x46, 0x21,
  0x46, 0x21, 0x46, 0x21, 0x46, 0x21, 0x46, 0x21, 0x46, 0x21, 0x46, 0x21, 0x46, 0x21, 0x46, 0x21,
  0x46, 0x21, 0x46, 0x21, 0x46, 0x21, 0x46, 0x21, 0x46, 0x21, 0x46, 0x21, 0x46, 0x21, 0x46, 0x21,
  0x46, 0x21, 0x46, 0x21, 0x46, 0x21, 0x46, 0x21, 0x46, 0x21, 0x46, 0x21, 0x46, 0x21, 0x46, 0x21,
  0x46, 0x21, 0x46, 0x21, 0x46, 0x21, 0x46, 0x21, 0x46, 0x21, 0x46, 0x21, 0x46, 0x21, 0x46, 0x21,
  0x46, 0x21, 0x46, 0x21, 0x46, 0x21, 0x46, 0x21, 0x46, 0x21, 0x46, 0x21, 0x46, 0x21, 0x46, 0x21,
  0x46, 0x21, 0x46, 0x21, 0x46, 0x21, 0x46, 0x21, 0x46, 0x21, 0x46, 0x21, 0x46, 0x21, 0x46, 0x21,
  0x46, 0x21, 0x46, 0x21, 0x46, 0x21, 0x46, 0x21, 0x46, 0x21, 0x46, 0x21, 0x46, 0x21, 0x46, 0x21,
  0x46, 0x21, 0x46, 0x21, 0x46, 0x21, 0x46, 0x21, 0x46, 0x21, 0x46, 0x21, 0x46, 0x21, 0x46, 0x21,
  0x46, 0x21, 0x46, 0x21, 0x46, 0x21, 0x46, 0x21, 0x46, 0x21, 0x46, 0x21, 0x46, 0x21, 0x46, 0x21,
  0x46, 0x21, 0x46, 0x21, 0x46, 0x21, 0x46, 0x21, 0x46, 0x21, 0x46, 0x21, 0x46, 0x21, 0x46, 0x21,
  0x46, 0x21, 0x46, 0x21, 0x46, 0x21, 0x46, 0x21, 0x46, 0x21, 0x46, 0x21, 0x46, 0x21, 0x46, 0x21,
  0x46, 0x21, 0x46, 0x21, 0x46, 0x21, 0x46, 0x21, 0x46, 0x21, 0x46, 0x21, 0x46, 0x21, 0x46, 0x21,
  0x46, 0x21, 0x46, 0x21, 0x46, 0x21, 0x46, 0x21, 0x46, 0x21, 0x46, 0x21, 0x46, 0x21, 0x46, 0x21,
  0x46, 0x21, 0x46, 0x21, 0x46, 0x21, 0x46, 0x21, 0x46, 0x21, 0x46, 0x21, 0x46, 0x21, 0x46, 0x21,
  0x46, 0x21, 0x46, 0x21, 0x46, 0x21, 0x46, 0x21, 0x46, 0x21, 0x46, 0x21, 0x46, 0x21, 0x46, 0x21,
  0x46, 0x21, 0x46, 0x21, 0x46, 0x21, 0x46, 0x21, 0x46, 0x21, 0x46, 0x21, 0x46, 0x21, 0x46, 0x21,
  0x46, 0x21, 0x46, 0x21, 0x46, 0x21, 0x46, 0x21, 0x46, 0x21, 0x46, 0x21, 0x46, 0x21, 0x46, 0x21,
  0x46, 0x21, 0x46, 0x21, 0x46, 0x21, 0x46, 0x21, 0x46, 0x21, 0x46, 0x21, 0x46, 0x21, 0x46, 0x21,
  0x46, 0x21, 0x46, 0x21, 0x46, 0x21, 0x46, 0x21, 0x46, 0x21, 0x46, 0x21, 0x46, 0x21, 0x46, 0x21,
  0x46, 0x21, 0x46, 0x21, 0x46, 0x21, 0x46, 0x21, 0x46, 0x21, 0x46, 0x21, 0x46, 0x21, 0x46, 0x21,
  0x46, 0x21, 0x46, 0x21, 0x46, 0x21, 0x46, 0x21, 0x46, 0x21, 0x46, 0x21, 0x46, 0x21, 0x46, 0x21,
  0x46, 0x21, 0x46, 0x21, 0x46, 0x21, 0x46, 0x21, 0x46, 0x21, 0x46, 0x21, 0x46, 0x21, 0x46, 0x21,
  0x46, 0x21, 0x46, 0x21, 0x46, 0x21, 0x46, 0x21, 0x46, 0x21, 0x46, 0x21, 0x46, 0x21, 0x46, 0x21,
  0x46, 0x21, 0x46, 0x21, 0x46, 0x21, 0x46, 0x21, 0x46, 0x21, 0x46, 0x21, 0x46, 0x21, 0x46, 0x21,
  0x46, 0x21, 0x46, 0x21, 0x46, 0x21, 0x46, 0x21, 0x46, 0x21, 0x46, 0x21, 0x46, 0x21, 0x46, 0x21,
  0x46, 0x21, 0x46, 0x21, 0x46, 0x21, 0x46, 0x21, 0x46, 0x21, 0x46, 0x21, 0x46, 0x21, 0x46, 0x21,
  0x46, 0x21, 0x46, 0x21, 0x46, 0x21, 0x46, 0x21, 0x46, 0x21, 0x46, 0x21, 0x46, 0x21, 0x46, 0x21,
  0x46, 0x21, 0x46, 0x21, 0x46, 0x21, 0x46, 0x21, 0x46, 0x21, 0x46, 0x21, 0x46, 0x21, 0x46, 0x21,
  0x46, 0x21, 0x46, 0x21, 0x46, 0x21, 0x46, 0x21, 0x46, 0x21, 0x46, 0x21, 0x46, 0x21, 0x46, 0x21,
  0x46, 0x21, 0x46, 0x21, 0x46, 0x21, 0x46, 0x21, 0x46, 0x21, 0x46, 0x21, 0x46, 0x21, 0x46, 0x21,
  0x46, 0x21, 0x46, 0x21, 0x46, 0x21, 0x46, 0x21, 0x46, 0x21, 0x46, 0x21, 0x46, 0x21, 0x46, 0x21,
  0x46, 0x21, 0x46, 0x21, 0x46, 0x21, 0x46, 0x21, 0x46, 0x21, 0x46, 0x21, 0x46, 0x21, 0x46, 0x21,
  0x46, 0x21, 0x46, 0x21, 0x46, 0x21, 0x46, 0x21, 0x46, 0x21, 0x46, 0x21, 0x46, 0x21, 0x46, 0x21,
  0x46, 0x21, 0x46, 0x21, 0x46, 0x21, 0x46, 0x21, 0x46, 0x21, 0x46, 0x21, 0x46, 0x21, 0x46, 0x21,
  0x46, 0x21, 0x46, 0x21, 0x46, 0x21, 0x46, 0x21, 0x46, 0x21, 0x46, 0x21, 0x46, 0x21, 0x46, 0x21,
  0x46, 0x21, 0x46, 0x21, 0x46, 0x21, 0x46, 0x21, 0x46, 0x21, 0x46, 0x21, 0x46, 0x21, 0x46, 0x21,
  0x46, 0x21, 0x46, 0x21, 0x46, 0x21, 0x46, 0x21, 0x46, 0x21, 0x46, 0x21, 0x46, 0x21, 0x46, 0x21,
  0x46, 0x21, 0x46, 0x21, 0x46, 0x21, 0x46, 0x21, 0x46, 0x21, 0x46, 0x21, 0x46, 0x21, 0x46, 0x21,
  0x46, 0x21, 0x46, 0x21, 0x46, 0x21, 0x46, 0x21, 0x46, 0x21, 0x46, 0x21, 0x46, 0x21, 0x46, 0x21,
  0x46, 0x21, 0x46, 0x21, 0x46, 0x21, 0x46, 0x21, 0x46, 0x21, 0x46, 0x21, 0x46, 0x21, 0x46, 0x21,
  0x46, 0x21, 0x46, 0x21, 0x46, 0x21, 0x46, 0x21, 0x46, 0x21, 0x46, 0x21, 0x46, 0x21, 0x46, 0x21,
  0x46, 0x21, 0x46, 0x21, 0x46, 0x21, 0x46, 0x21, 0x46, 0x21, 0x46, 0x21, 0x46, 0x21, 0x46, 0x21,
  0x46, 0x21, 0x46, 0x21, 0x46, 0x21, 0x46, 0x21, 0x46, 0x21, 0x46, 0x21, 0x46, 0x21, 0x46, 0x21,
  0x46, 0x21, 0x46, 0x21, 0x46, 0x21, 0x46, 0x21, 0x46, 0x21, 0x46, 0x21, 0x46, 0x21, 0x46, 0x21,
  0x46, 0x21, 0x46, 0x21, 0x46, 0x21, 0x46, 0x21, 0x46, 0x21, 0x46, 0x21, 0x46, 0x21, 0x46, 0x21,
  0x46, 0x21, 0x46, 0x21, 0x46, 0x21, 0x46, 0x21, 0x46, 0x21, 0x46, 0x21, 0x46, 0x21, 0x46, 0x21,
  0x46, 0x21, 0x46, 0x21, 0x46, 0x21, 0x46, 0x21, 0x46, 0x21, 0x46, 0x21, 0x46, 0x21, 0x46, 0x21,
  0x46, 0x21, 0x46, 0x21, 0x46, 0x21, 0x46, 0x21, 0x46, 0x21, 0x46, 0x21, 0x46, 0x21, 0x46, 0x21,
  0x46, 0x21, 0x46, 0x21, 0x46, 0x21, 0x46, 0x21, 0x46, 0x21, 0x46, 0x21, 0x46, 0x21, 0x46, 0x21,
  0x46, 0x21, 0x46, 0x21, 0x46, 0x21, 0x46, 0x21, 0x46, 0x21, 0x46, 0x21, 0x46, 0x21, 0x46, 0x21,
  0x46, 0x21, 0x46, 0x21, 0x46, 0x21, 0x46, 0x21, 0x46, 0x21, 0x46, 0x21, 0x46, 0x21, 0x46, 0x21,
  0x46, 0x21, 0x46, 0x21, 0x46, 0x21, 0x46, 0x21, 0x46, 0x21, 0x46, 0x21, 0x46, 0x21, 0x46, 0x21,
  0x46, 0x21, 0x46, 0x21, 0x46, 0x21, 0x46, 0x21, 0x46, 0x21, 0x46, 0x21, 0x46, 0x21, 0x46, 0x21,
  0x46, 0x21, 0x46, 0x21, 0x46, 0x21, 0x46, 0x21, 0x46, 0x21, 0x46, 0x21, 0x46, 0x21, 0x46, 0x21,
  0x46, 0x21, 0x46, 0x21, 0x46, 0x21, 0x46, 0x21, 0x46, 0x21, 0x46, 0x21, 0x46, 0x21, 0x46, 0x21,
  0x46, 0x21, 0x46, 0x21, 0x46, 0x21, 0x46, 0x21, 0x46, 0x21, 0x46, 0x21, 0x46, 0x21, 0x46, 0x21,
  0x46, 0x21, 0x46, 0x21, 0x46, 0x21, 0x46, 0x21, 0x46, 0x21, 0x46, 0x21, 0x46, 0x21, 0x46, 0x21,
  0x46, 0x21, 0x46, 0x21, 0x46, 0x21, 0x46, 0x21, 0x46, 0x21, 0x46, 0x21, 0x46, 0x21, 0x46, 0x21,
  0x46, 0x21, 0x46, 0x21, 0x46, 0x21, 0x46, 0x21, 0x46, 0x21, 0x46, 0x21, 0x46, 0x21, 0x46, 0x21,
  0x46, 0x21, 0x46, 0x21, 0x46, 0x21, 0x46, 0x21, 0x46, 0x21, 0x46, 0x21, 0x46, 0x21, 0x46, 0x21,
  0x46, 0x21, 0x46, 0x21, 0x46, 0x21, 0x46, 0x21, 0x46, 0x21, 0x46, 0x21, 0x46, 0x21, 0x46, 0x21,
  0x46, 0x21, 0x46, 0x21, 0x46, 0x21, 0x46, 0x21, 0x46, 0x21, 0x46, 0x21, 0x46, 0x21, 0x46, 0x21,
  0x46, 0x21, 0x46, 0x21, 0x46, 0x21, 0x46, 0x21, 0x46, 0x21, 0x46, 0x21, 0x46, 0x21, 0x46, 0x21,
  0x46, 0x21, 0x46, 0x21, 0x46, 0x21, 0x46, 0x21, 0x46, 0x21, 0x46, 0x21, 0x46, 0x21, 0x46, 0x21,
  0x46, 0x21, 0x46, 0x21, 0x46, 0x21, 0x46, 0x21, 0x46, 0x21, 0x46, 0x21, 0x46, 0x21, 0x46, 0x21,
  0x46, 0x21, 0x46, 0x21, 0x46, 0x21, 0x46, 0x21, 0x46, 0x21, 0x46, 0x21, 0x46, 0x21, 0x46, 0x21,
  0x46, 0x21, 0x46, 0x21, 0x46, 0x21, 0x46, 0x21, 0x46, 0x21, 0x46, 0x21, 0x46, 0x21, 0x46, 0x21,
  0x46, 0x21, 0x46, 0x21, 0x46, 0x21, 0x46, 0x21, 0x46, 0x21, 0x46, 0x21, 0x46, 0x21, 0x46, 0x21,
  0x46, 0x21, 0x46, 0x21, 0x46, 0x21, 0x46, 0x21, 0x46, 0x21, 0x46, 0x21, 0x46, 0x21, 0x46, 0x21,
  0x46, 0x21, 0x46, 0x21, 0x46, 0x21, 0x46, 0x21, 0x46, 0x21, 0x46, 0x21, 0x46, 0x21, 0x46, 0x21,
  0x46, 0x21, 0x46, 0x21, 0x46, 0x21, 0x46, 0x21, 0x46, 0x21, 0x46, 0x21, 0x46, 0x21, 0x46, 0x21,
  0x46, 0x21, 0x46, 0x21, 0x46, 0x21, 0x46, 0x21, 0x46, 0x21, 0x46, 0x21, 0x46, 0x21, 0x46, 0x21,
  0x46, 0x21, 0x46, 0x21, 0x46, 0x21, 0x46, 0x21, 0x46, 0x21, 0x46, 0x21, 0x46, 0x21, 0x46, 0x21,
  0x46, 0x21, 0x46, 0x21, 0x46, 0x21, 0x46, 0x21, 0x46, 0x21, 0x46, 0x21, 0x46, 0x21, 0x46, 0x21,
  0x46, 0x21, 0x46, 0x21, 0x46, 0x21, 0x46, 0x21, 0x46, 0x21, 0x46, 0x21, 0x46, 0x21, 0x46, 0x21,
  0x46, 0x21, 0x46, 0x21, 0x46, 0x21, 0x46, 0x21, 0x46, 0x21, 0x46, 0x21, 0x46, 0x21, 0x46, 0x21,
  0x46, 0x21, 0x46, 0x21, 0x46, 0x21, 0x46, 0x21, 0x46, 0x21, 0x46, 0x21, 0x46, 0x21, 0x46, 0x21,
  0x46, 0x21, 0x46, 0x21, 0x46, 0x21, 0x46, 0x21, 0x46, 0x21, 0x46, 0x21, 0x46, 0x21, 0x46, 0x21,
  0x46, 0x21, 0x46, 0x21, 0x46, 0x21, 0x46, 0x21, 0x46, 0x21, 0x46, 0x21, 0x46, 0x21, 0x46, 0x21,
  0x46, 0x21, 0x46, 0x21, 0x46, 0x21, 0x46, 0x21, 0x46, 0x21, 0x46, 0x21, 0x46, 0x21, 0x46, 0x21,
  0x46, 0x21, 0x46, 0x21, 0x46, 0x21, 0x46, 0x21, 0x46, 0x21, 0x46, 0x21, 0x46, 0x21, 0x46, 0x21,
  0x46, 0x21, 0x46, 0x21, 0x46, 0x21, 0x46, 0x21, 0x46, 0x21, 0x46, 0x21, 0x46, 0x21, 0x46, 0x21,
  0x46, 0x21, 0x46, 0x21, 0x46, 0x21, 0x46, 0x21, 0x46, 0x21, 0x46, 0x21, 0x46, 0x21, 0x46, 0x21,
  0x46, 0x21, 0x46, 0x21, 0x46, 0x21, 0x46, 0x21, 0x46, 0x21, 0x46, 0x21, 0x46, 0x21, 0x46, 0x21,
  0x46, 0x21, 0x46, 0x21, 0x46, 0x21, 0x46, 0x21, 0x46, 0x21, 0x46, 0x21, 0x46, 0x21, 0x46, 0x21,
  0x46, 0x21, 0x46, 0x21, 0x46, 0x21, 0x46, 0x21, 0x46, 0x21, 0x46, 0x21, 0x46, 0x21, 0x46, 0x21,
  0x46, 0x21, 0x46, 0x21, 0x46, 0x21, 0x46, 0x21, 0x46, 0x21, 0x46, 0x21, 0x46, 0x21, 0x46, 0x21,
  0x46, 0x21, 0x46, 0x21, 0x46, 0x21, 0x46, 0x21, 0x46, 0x21, 0x46, 0x21, 0x46, 0x21, 0x46, 0x21,
  0x46, 0x21, 0x46, 0x21, 0x46, 0x21, 0x46, 0x21, 0x46, 0x21, 0x46, 0x21, 0x46, 0x21, 0x46, 0x21,
  0x46, 0x21, 0x46, 0x21, 0x46, 0x21, 0x46, 0x21, 0x46, 0x21, 0x46, 0x21, 0x46, 0x21, 0x46, 0x21,
  0x46, 0x21, 0x46, 0x21, 0x46, 0x21, 0x46, 0x21, 0x46, 0x21, 0x46, 0x21, 0x46, 0x21, 0x46, 0x21,
  0x46, 0x21, 0x46, 0x21, 0x46, 0x21, 0x46, 0x21, 0x46, 0x21, 0x46, 0x21, 0x46, 0x21, 0x46, 0x21,
  0x46, 0x21, 0x46, 0x21, 0x46, 0x21, 0x46, 0x21, 0x46, 0x21, 0x46, 0x21, 0x46, 0x21, 0x46, 0x21,
  0x46, 0x21, 0x46, 0x21, 0x46, 0x21, 0x46, 0x21, 0x46, 0x21, 0x46, 0x21, 0x46, 0x21, 0x46, 0x21,
  0x46, 0x21, 0x46, 0x21, 0x46, 0x21, 0x46, 0x21, 0x46, 0x21, 0x46, 0x21, 0x46, 0x21, 0x46, 0x21,
  0x46, 0x21, 0x46, 0x21, 0x46, 0x21, 0x46, 0x21, 0x46, 0x21, 0x46, 0x21, 0x46, 0x21, 0x46, 0x21,
  0x46, 0x21, 0x46, 0x21, 0x46, 0x21, 0x46, 0x21, 0x46, 0x21, 0x46, 0x21, 0x46, 0x21, 0x46, 0x21,
  0x46, 0x21, 0x46, 0x21, 0x46, 0x21, 0x46, 0x21, 0x46, 0x21, 0x46, 0x21, 0x46, 0x21, 0x46, 0x21,
  0x46, 0x21, 0x46, 0x21, 0x46, 0x21, 0x46, 0x21, 0x46, 0x21, 0x46, 0x21, 0x46, 0x21, 0x46, 0x21,
  0x46, 0x21, 0x46, 0x21, 0x46, 0x21, 0x46, 0x21, 0x46, 0x21, 0x46, 0x21, 0x46, 0x21, 0x46, 0x21,
  0x46, 0x21, 0x46, 0x21, 0x46, 0x21, 0x46, 0x21, 0x46, 0x21, 0x46, 0x21, 0x46, 0x21, 0x46, 0x21,
  0x46, 0x21, 0x46, 0x21, 0x46, 0x21, 0x46, 0x21, 0x46, 0x21, 0x46, 0x21, 0x46, 0x21, 0x46, 0x21,
  0x46, 0x21, 0x46, 0x21, 0x46, 0x21, 0x46, 0x21, 0x46, 0x21, 0x46, 0x21, 0x46, 0x21, 0x46, 0x21,
  0x46, 0x21, 0x46, 0x21, 0x46, 0x21, 0x46, 0x21, 0x46, 0x21, 0x46, 0x21, 0x46, 0x21, 0x46, 0x21,
  0x46, 0x21, 0x46, 0x21, 0x46, 0x21, 0x46, 0x21, 0x46, 0x21, 0x46, 0x21, 0x46, 0x21, 0x46, 0x21,
  0x46, 0x21, 0x46, 0x21, 0x46, 0x21, 0x46, 0x21, 0x46, 0x21, 0x46, 0x21, 0x46, 0x21, 0x46, 0x21,
  0x46, 0x21, 0x46, 0x21, 0x46, 0x21, 0x46, 0x21, 0x46, 0x21, 0x46, 0x21, 0x46, 0x21, 0x46, 0x21,
  0x46, 0x21, 0x46, 0x21, 0x46, 0x21, 0x46, 0x21, 0x46, 0x21, 0x46, 0x21, 0x46, 0x21, 0x46, 0x21,
  0x46, 0x21, 0x46, 0x21, 0x46, 0x21, 0x46, 0x21, 0x46, 0x21, 0x46, 0x21, 0x46, 0x21, 0x46, 0x21,
  0x46, 0x21, 0x46, 0x21, 0x46, 0x21, 0x46, 0x21, 0x46, 0x21, 0x46, 0x21, 0x46, 0x21, 0x46, 0x21,
  0x46, 0x21, 0x46, 0x21, 0x46, 0x21, 0x46, 0x21, 0x46, 0x21, 0x46, 0x21, 0x46, 0x21, 0x46, 0x21,
  0x46, 0x21, 0x46, 0x21, 0x46, 0x21, 0x46, 0x21, 0x46, 0x21, 0x46, 0x21, 0x46, 0x21, 0x46, 0x21,
  0x46, 0x21, 0x46, 0x21, 0x46, 0x21, 0x46, 0x21, 0x46, 0x21, 0x46, 0x21, 0x46, 0x21, 0x46, 0x21,
  0x46, 0x21, 0x46, 0x21, 0x46, 0x21, 0x46, 0x21, 0x46, 0x21, 0x46, 0x21, 0x46, 0x21, 0x46, 0x21,
  0x46, 0x21, 0x46, 0x21, 0x46, 0x21, 0x46, 0x21, 0x46, 0x21, 0x46, 0x21, 0x46, 0x21, 0x46, 0x21,
  0x46, 0x21, 0x46, 0x21, 0x46, 0x21, 0x46, 0x21, 0x46, 0x21, 0x46, 0x21, 0x46, 0x21, 0x46, 0x21,
  0x46, 0x21, 0x46, 0x21, 0x46, 0x21, 0x46, 0x21, 0x46, 0x21, 0x46, 0x21, 0x46, 0x21, 0x46, 0x21,
  0x46, 0x21, 0x46, 0x21, 0x46, 0x21, 0x46, 0x21, 0x46, 0x21, 0x46, 0x21, 0x46, 0x21, 0x46, 0x21,
  0x46, 0x21, 0x46, 0x21, 0x46, 0x21, 0x46, 0x21, 0x46, 0x21, 0x46, 0x21, 0x46, 0x21, 0x46, 0x21,
  0x46, 0x21, 0x46, 0x21, 0x46, 0x21, 0x46, 0x21, 0x46, 0x21, 0x46, 0x21, 0x46, 0x21, 0x46, 0x21,
  0x46, 0x21, 0x46, 0x21, 0x46, 0x21, 0x46, 0x21, 0x46, 0x21, 0x46, 0x21, 0x46, 0x21, 0x46, 0x21,
  0x46, 0x21, 0x46, 0x21, 0x46, 0x21, 0x46, 0x21, 0x46, 0x21, 0x46, 0x21, 0x46, 0x21, 0x46, 0x21,
  0x46, 0x21, 0x46, 0x21, 0x46, 0x21, 0x46, 0x21, 0x46, 0x21, 0x46, 0x21, 0x46, 0x21, 0x46, 0x21,
  0x46, 0x21, 0x46, 0x21, 0x46, 0x21, 0x46, 0x21, 0x46, 0x21, 0x46, 0x21, 0x46, 0x21, 0x46, 0x21,
  0x46, 0x21, 0x46, 0x21, 0x46, 0x21, 0x46, 0x21, 0x46, 0x21, 0x46, 0x21, 0x46, 0x21, 0x46, 0x21,
  0x46, 0x21, 0x46, 0x21, 0x46, 0x21, 0x46, 0x21, 0x46, 0x21, 0x46, 0x21, 0x46, 0x21, 0x46, 0x21,
  0x46, 0x21, 0x46, 0x21, 0x46, 0x21, 0x46, 0x21, 0x46, 0x21, 0x46, 0x21, 0x46, 0x21, 0x46, 0x21,
  0x46, 0x21, 0x46, 0x21, 0x46, 0x21, 0x46, 0x21, 0x46, 0x21, 0x46, 0x21, 0x46, 0x21, 0x46, 0x21,
  0x46, 0x21, 0x46, 0x21, 0x46, 0x21, 0x46, 0x21, 0x46, 0x21, 0x46, 0x21, 0x46, 0x21, 0x46, 0x21,
  0x46, 0x21, 0x46, 0x21, 0x46, 0x21, 0x46, 0x21, 0x46, 0x21, 0x46, 0x21, 0x46, 0x21, 0x46, 0x21,
  0x46, 0x21, 0x46, 0x21, 0x46, 0x21, 0x46, 0x21, 0x46, 0x21, 0x46, 0x21, 0x46, 0x21, 0x46, 0x21,
  0x46, 0x21, 0x46, 0x21, 0x46, 0x21, 0x46, 0x21, 0x46, 0x21, 0x46, 0x21, 0x46, 0x21, 0x46, 0x21,
  0x46, 0x21, 0x46, 0x21, 0x46, 0x21, 0x46, 0x21, 0x46, 0x21, 0x46, 0x21, 0x46, 0x21, 0x46, 0x21,
  0x46, 0x21, 0x46, 0x21, 0x46, 0x21, 0x46, 0x21, 0x46, 0x21, 0x46, 0x21, 0x46, 0x21, 0x46, 0x21,
  0x46, 0x21, 0x46, 0x21, 0x46, 0x21, 0x46, 0x21, 0x46, 0x21, 0x46, 0x21, 0x46, 0x21, 0x46, 0x21,
  0x46, 0x21, 0x46, 0x21, 0x46, 0x21, 0x46, 0x21, 0x46, 0x21, 0x46, 0x21, 0x46, 0x21, 0x46, 0x21,
  0x46, 0x21, 0x46, 0x21, 0x46, 0x21, 0x46, 0x21, 0x46, 0x21, 0x46, 0x21, 0x46, 0x21, 0x46, 0x21,
  0x46, 0x21, 0x46, 0x21, 0x46, 0x21, 0x46, 0x21, 0x46, 0x21, 0x46, 0x21, 0x46, 0x21, 0x46, 0x21,
  0x46, 0x21, 0x46, 0x21, 0x46, 0x21, 0x46, 0x21, 0x46, 0x21, 0x46, 0x21, 0x46, 0x21, 0x46, 0x21,
  0x46, 0x21, 0x46, 0x21, 0x46, 0x21, 0x46, 0x21, 0x46, 0x21, 0x46, 0x21, 0x46, 0x21, 0x46, 0x21,
  0x46, 0x21, 0x46, 0x21, 0x46, 0x21, 0x46, 0x21, 0x46, 0x21, 0x46, 0x21, 0x46, 0x21, 0x46, 0x21,
  0x46, 0x21, 0x46, 0x21, 0x46, 0x21, 0x46, 0x21, 0x46, 0x21, 0x46, 0x21, 0x46, 0x21, 0x46, 0x21,
  0x46, 0x21, 0x46, 0x21, 0x46, 0x21, 0x46, 0x21, 0x46, 0x21, 0x46, 0x21, 0x46, 0x21, 0x46, 0x21,
  0x46, 0x21, 0x46, 0x21, 0x46, 0x21, 0x46, 0x21, 0x46, 0x21, 0x46, 0x21, 0x46, 0x21, 0x46, 0x21,
  0x46, 0x21, 0x46, 0x21, 0x46, 0x21, 0x46, 0x21, 0x46, 0x21, 0x46, 0x21, 0x46, 0x21, 0x46, 0x21,
  0x46, 0x21, 0x46, 0x21, 0x46, 0x21, 0x46, 0x21, 0x46, 0x21, 0x46, 0x21, 0x46, 0x21, 0x46, 0x21,
  0x46, 0x21, 0x46, 0x21, 0x46, 0x21, 0x46, 0x21, 0x46, 0x21, 0x46, 0x21, 0x46, 0x21, 0x46, 0x21,
  0x46, 0x21, 0x46, 0x21, 0x46, 0x21, 0x46, 0x21, 0x46, 0x21, 0x46, 0x21, 0x46, 0x21, 0x46, 0x21,
  0x46, 0x21, 0x46, 0x21, 0x46, 0x21, 0x46, 0x21, 0x46, 0x21, 0x46, 0x21, 0x46, 0x21, 0x46, 0x21,
  0x46, 0x21, 0x46, 0x21, 0x46, 0x21, 0x46, 0x21, 0x46, 0x21, 0x46, 0x21, 0x46, 0x21, 0x46, 0x21,
  0x46, 0x21, 0x46, 0x21, 0x46, 0x21, 0x46, 0x21, 0x46, 0x21, 0x46, 0x21, 0x46, 0x21, 0x46, 0x21,
  0x46, 0x21, 0x46, 0x21, 0x46, 0x21, 0x46, 0x21, 0x46, 0x21, 0x46, 0x21, 0x46, 0x21, 0x46, 0x21,
  0x46, 0x21, 0x46, 0x21, 0x46, 0x21, 0x46, 0x21, 0x46, 0x21, 0x46, 0x21, 0x46, 0x21, 0x46, 0x21,
  0x46, 0x21, 0x46, 0x21, 0x46, 0x21, 0x46, 0x21, 0x46, 0x21, 0x46, 0x21, 0x46, 0x21, 0x46, 0x21,
  0x46, 0x21, 0x46, 0x21, 0x46, 0x21, 0x46, 0x21, 0x46, 0x21, 0x46, 0x21, 0x46, 0x21, 0x46, 0x21,
  0x46, 0x21, 0x46, 0x21, 0x46, 0x21, 0x46, 0x21, 0x46, 0x21, 0x46, 0x21, 0x46, 0x21, 0x46, 0x21,
  0x46, 0x21, 0x46, 0x21, 0x46, 0x21, 0x46, 0x21, 0x46, 0x21, 0x46, 0x21, 0x46, 0x21, 0x46, 0x21,
  0x46, 0x21, 0x46, 0x21, 0x46, 0x21, 0x46, 0x21, 0x46, 0x21, 0x46, 0x21, 0x46, 0x21, 0x46, 0x21,
  0x46, 0x21, 0x46, 0x21, 0x46, 0x21, 0x46, 0x21, 0x46, 0x21, 0x46, 0x21, 0x46, 0x21, 0x46, 0x21,
  0x46, 0x21, 0x46, 0x21, 0x46, 0x21, 0x46, 0x21, 0x46, 0x21, 0x46, 0x21, 0x46, 0x21, 0x46, 0x21,
  0x46, 0x21, 0x46, 0x21, 0x46, 0x21, 0x46, 0x21, 0x46, 0x21, 0x46, 0x21, 0x46, 0x21, 0x46, 0x21,
  0x46, 0x21, 0x46, 0x21, 0x46, 0x21, 0x46, 0x21, 0x46, 0x21, 0x46, 0x21, 0x46, 0x21, 0x46, 0x21,
  0x46, 0x21, 0x46, 0x21, 0x46, 0x21, 0x46, 0x21, 0x46, 0x21, 0x46, 0x21, 0x46, 0x21, 0x46, 0x21,
  0x46, 0x21, 0x46, 0x21, 0x46, 0x21, 0x46, 0x21, 0x46, 0x21, 0x46, 0x21, 0x46, 0x21, 0x46, 0x21,
  0x46, 0x21, 0x46, 0x21, 0x46, 0x21, 0x46, 0x21, 0x46, 0x21, 0x46, 0x21, 0x46, 0x21, 0x46, 0x21,
  0x46, 0x21, 0x46, 0x21, 0x46, 0x21, 0x46, 0x21, 0x46, 0x21, 0x46, 0x21, 0x46, 0x21, 0x46, 0x21,
  0x46, 0x21, 0x46, 0x21, 0x46, 0x21, 0x46, 0x21, 0x46, 0x21, 0x46, 0x21, 0x46, 0x21, 0x46, 0x21,
  0x46, 0x21, 0x46, 0x21, 0x46, 0x21, 0x46, 0x21, 0x46, 0x21, 0x46, 0x21, 0x46, 0x21, 0x46, 0x21,
  0x46, 0x21, 0x46, 0x21, 0x46, 0x21, 0x46, 0x21, 0x46, 0x21, 0x46, 0x21, 0x46, 0x21, 0x46, 0x21,
  0x46, 0x21, 0x46, 0x21, 0x46, 0x21, 0x46, 0x21, 0x46, 0x21, 0x46, 0x21, 0x46, 0x21, 0x46, 0x21,
  0x46, 0x21, 0x46, 0x21, 0x46, 0x21, 0x46, 0x21, 0x46, 0x21, 0x46, 0x21, 0x46, 0x21, 0x46, 0x21,
  0x46, 0x21, 0x46, 0x21, 0x46, 0x21, 0x46, 0x21, 0x46, 0x21, 0x46, 0x21, 0x46, 0x21, 0x46, 0x21,
  0x46, 0x21, 0x46, 0x21, 0x46, 0x21, 0x46, 0x21, 0x46, 0x21, 0x46, 0x21, 0x46, 0x21, 0x46, 0x21,
  0x46, 0x21, 0x46, 0x21, 0x46, 0x21, 0x46, 0x21, 0x46, 0x21, 0x46, 0x21, 0x46, 0x21, 0x46, 0x21,
  0x46, 0x21, 0x46, 0x21, 0x46, 0x21, 0x46, 0x21, 0x46, 0x21, 0x46, 0x21, 0x46, 0x21, 0x46, 0x21,
  0x46, 0x21, 0x46, 0x21, 0x46, 0x21, 0x46, 0x21, 0x46, 0x21, 0x46, 0x21, 0x46, 0x21, 0x46, 0x21,
  0x46, 0x21, 0x46, 0x21, 0x46, 0x21, 0x46, 0x21, 0x46, 0x21, 0x46, 0x21, 0x46, 0x21, 0x46, 0x21,
  0x46, 0x21, 0x46, 0x21, 0x46, 0x21, 0x46, 0x21, 0x46, 0x21, 0x46, 0x21, 0x46, 0x21, 0x46, 0x21,
  0x46, 0x21, 0x46, 0x21, 0x46, 0x21, 0x46, 0x21, 0x46, 0x21, 0x46, 0x21, 0x46, 0x21, 0x46, 0x21,
  0x46, 0x21, 0x46, 0x21, 0x46, 0x21, 0x46, 0x21, 0x46, 0x21, 0x46, 0x21, 0x46, 0x21, 0x46, 0x21,
  0x46, 0x21, 0x46, 0x21, 0x46, 0x21, 0x46, 0x21, 0x46, 0x21, 0x46, 0x21, 0x46, 0x21, 0x46, 0x21,
  0x46, 0x21, 0x46, 0x21, 0x46, 0x21, 0x46, 0x21, 0x46, 0x21, 0x46, 0x21, 0x46, 0x21, 0x46, 0x21,
  0x46, 0x21, 0x46, 0x21, 0x46, 0x21, 0x46, 0x21, 0x46, 0x21, 0x46, 0x21, 0x46, 0x21, 0x46, 0x21,
  0x46, 0x21, 0x46, 0x21, 0x46, 0x21, 0x46, 0x21, 0x46, 0x21, 0x46, 0x21, 0x46, 0x21, 0x46, 0x21,
  0x46, 0x21, 0x46, 0x21, 0x46, 0x21, 0x46, 0x21, 0x46, 0x21, 0x46, 0x21, 0x46, 0x21, 0x46, 0x21,
  0x46, 0x21, 0x46, 0x21, 0x46, 0x21, 0x46, 0x21, 0x46, 0x21, 0x46, 0x21, 0x46, 0x21, 0x46, 0x21,
  0x46, 0x21, 0x46, 0x21, 0x46, 0x21, 0x46, 0x21, 0x46, 0x21, 0x46, 0x21, 0x46, 0x21, 0x46, 0x21,
  0x46, 0x21, 0x46, 0x21, 0x46, 0x21, 0x46, 0x21, 0x46, 0x21, 0x46, 0x21, 0x46, 0x21, 0x46, 0x21,
  0x46, 0x21, 0x46, 0x21, 0x46, 0x21, 0x46, 0x21, 0x46, 0x21, 0x46, 0x21, 0x46, 0x21, 0x46, 0x21,
  0x46, 0x21, 0x46, 0x21, 0x46, 0x21, 0x46, 0x21, 0x46, 0x21, 0x46, 0x21, 0x46, 0x21, 0x46, 0x21,
  0x46, 0x21, 0x46, 0x21, 0x46, 0x21, 0x46, 0x21, 0x46, 0x21, 0x46, 0x21, 0x46, 0x21, 0x46, 0x21,
  0x46, 0x21, 0x46, 0x21, 0x46, 0x21, 0x46, 0x21, 0x46, 0x21, 0x46, 0x21, 0x46, 0x21, 0x46, 0x21,
  0x46, 0x21, 0x46, 0x21, 0x46, 0x21, 0x46, 0x21, 0x46, 0x21, 0x46, 0x21, 0x46, 0x21, 0x46, 0x21,
  0x46, 0x21, 0x46, 0x21, 0x46, 0x21, 0x46, 0x21, 0x46, 0x21, 0x46, 0x21, 0x46, 0x21, 0x46, 0x21,
  0x46, 0x21, 0x46, 0x21, 0x46, 0x21, 0x46, 0x21, 0x46, 0x21, 0x46, 0x21, 0x46, 0x21, 0x46, 0x21,
  0x46, 0x21, 0x46, 0x21, 0x46, 0x21, 0x46, 0x21, 0x46, 0x21, 0x46, 0x21, 0x46, 0x21, 0x46, 0x21,
  0x46, 0x21, 0x46, 0x21, 0x46, 0x21, 0x46, 0x21, 0x46, 0x21, 0x46, 0x21, 0x46, 0x21, 0x46, 0x21,
  0x46, 0x21, 0x46, 0x21, 0x46, 0x21, 0x46, 0x21, 0x46, 0x21, 0x46, 0x21, 0x46, 0x21, 0x46, 0x21,
  0x46, 0x21, 0x46, 0x21, 0x46, 0x21, 0x46, 0x21, 0x46, 0x21, 0x46, 0x21, 0x46, 0x21, 0x46, 0x21,
  0x46, 0x21, 0x46, 0x21, 0x46, 0x21, 0x46, 0x21, 0x46, 0x21, 0x46, 0x21, 0x46, 0x21, 0x46, 0x21,
  0x46, 0x21, 0x46, 0x21, 0x46, 0x21, 0x46, 0x21, 0x46, 0x21, 0x46, 0x21, 0x46, 0x21, 0x46, 0x21,
  0x46, 0x21, 0x46, 0x21, 0x46, 0x21, 0x46, 0x21, 0x46, 0x21, 0x46, 0x21, 0x46, 0x21, 0x46, 0x21,
  0x46, 0x21, 0x46, 0x21, 0x46, 0x21, 0x46, 0x21, 0x46, 0x21, 0x46, 0x21, 0x46, 0x21, 0x46, 0x21,
  0x46, 0x21, 0x46, 0x21, 0x46, 0x21, 0x46, 0x21, 0x46, 0x21, 0x46, 0x21, 0x46, 0x21, 0x46, 0x21,
  0x46, 0x21, 0x46, 0x21, 0x46, 0x21, 0x46, 0x21, 0x46, 0x21, 0x46, 0x21, 0x46, 0x21, 0x46, 0x21,
  0x46, 0x21, 0x46, 0x21, 0x46, 0x21, 0x46, 0x21, 0x46, 0x21, 0x46, 0x21, 0x46, 0x21, 0x46, 0x21,
  0x46, 0x21, 0x46, 0x21, 0x46, 0x21, 0x46, 0x21, 0x46, 0x21, 0x46, 0x21, 0x46, 0x21, 0x46, 0x21,
  0x46, 0x21, 0x46, 0x21, 0x46, 0x21, 0x46, 0x21, 0x46, 0x21, 0x46, 0x21, 0x46, 0x21, 0x46, 0x21,
  0x46, 0x21, 0x46, 0x21, 0x46, 0x21, 0x46, 0x21, 0x46, 0x21, 0x46, 0x21, 0x46, 0x21, 0x46, 0x21,
  0x46, 0x21, 0x46, 0x21, 0x46, 0x21, 0x46, 0x21, 0x46, 0x21, 0x46, 0x21, 0x46, 0x21, 0x46, 0x21,
  0x46, 0x21, 0x46, 0x21, 0x46, 0x21, 0x46, 0x21, 0x46, 0x21, 0x46, 0x21, 0x46, 0x21, 0x46, 0x21,
  0x46, 0x21, 0x46, 0x21, 0x46, 0x21, 0x46, 0x21, 0x46, 0x21, 0x46, 0x21, 0x46, 0x21, 0x46, 0x21,
  0x46, 0x21, 0x46, 0x21, 0x46, 0x21, 0x46, 0x21, 0x46, 0x21, 0x46, 0x21, 0x46, 0x21, 0x46, 0x21,
  0x46, 0x21, 0x46, 0x21, 0x46, 0x21, 0x46, 0x21, 0x46, 0x21, 0x46, 0x21, 0x46, 0x21, 0x46, 0x21,
  0x46, 0x21, 0x46, 0x21, 0x46, 0x21, 0x46, 0x21, 0x46, 0x21, 0x46, 0x21, 0x46, 0x21, 0x46, 0x21,
  0x46, 0x21, 0x46, 0x21, 0x46, 0x21, 0x46, 0x21, 0x46, 0x21, 0x46, 0x21, 0x46, 0x21, 0x46, 0x21,
  0x46, 0x21, 0x46, 0x21, 0x46, 0x21, 0x46, 0x21, 0x46, 0x21, 0x46, 0x21, 0x46, 0x21, 0x46, 0x21,
  0x46, 0x21, 0x46, 0x21, 0x46, 0x21, 0x46, 0x21, 0x46, 0x21, 0x46, 0x21, 0x46, 0x21, 0x46, 0x21,
  0x46, 0x21, 0x46, 0x21, 0x46, 0x21, 0x46, 0x21, 0x46, 0x21, 0x46, 0x21, 0x46, 0x21, 0x46, 0x21,
  0x46, 0x21, 0x46, 0x21, 0x46, 0x21, 0x46, 0x21, 0x46, 0x21, 0x46, 0x21, 0x46, 0x21, 0x46, 0x21,
  0x46, 0x21, 0x46, 0x21, 0x46, 0x21, 0x46, 0x21, 0x46, 0x21, 0x46, 0x21, 0x46, 0x21, 0x46, 0x21,
  0x46, 0x21, 0x46, 0x21, 0x46, 0x21, 0x46, 0x21, 0x46, 0x21, 0x46, 0x21, 0x46, 0x21, 0x46, 0x21,
  0x46, 0x21, 0x46, 0x21, 0x46, 0x21, 0x46, 0x21, 0x46, 0x21, 0x46, 0x21, 0x46, 0x21, 0x46, 0x21,
  0x46, 0x21, 0x46, 0x21, 0x46, 0x21, 0x46, 0x21, 0x46, 0x21, 0x46, 0x21, 0x46, 0x21, 0x46, 0x21,
  0x46, 0x21, 0x46, 0x21, 0x46, 0x21, 0x46, 0x21, 0x46, 0x21, 0x46, 0x21, 0x46, 0x21, 0x46, 0x21,
  0x46, 0x21, 0x46, 0x21, 0x46, 0x21, 0x46, 0x21, 0x46, 0x21, 0x46, 0x21, 0x46, 0x21, 0x46, 0x21,
  0x46, 0x21, 0x46, 0x21, 0x46, 0x21, 0x46, 0x21, 0x46, 0x21, 0x46, 0x21, 0x46, 0x21, 0x46, 0x21,
  0x46, 0x21, 0x46, 0x21, 0x46, 0x21, 0x46, 0x21, 0x46, 0x21, 0x46, 0x21, 0x46, 0x21, 0x46, 0x21,
  0x46, 0x21, 0x46, 0x21, 0x46, 0x21, 0x46, 0x21, 0x46, 0x21, 0x46, 0x21, 0x46, 0x21, 0x46, 0x21,
  0x46, 0x21, 0x46, 0x21, 0x46, 0x21, 0x46, 0x21, 0x46, 0x21, 0x46, 0x21, 0x46, 0x21, 0x46, 0x21,
  0x46, 0x21, 0x46, 0x21, 0x46, 0x21, 0x46, 0x21, 0x46, 0x21, 0x46, 0x21, 0x46, 0x21, 0x46, 0x21,
  0x46, 0x21, 0x46, 0x21, 0x46, 0x21, 0x46, 0x21, 0x46, 0x21, 0x46, 0x21, 0x46, 0x21, 0x46, 0x21,
  0x46, 0x21, 0x46, 0x21, 0x46, 0x21, 0x46, 0x21, 0x46, 0x21, 0x46, 0x21, 0x46, 0x21, 0x46, 0x21,
  0x46, 0x21, 0x46, 0x21, 0x46, 0x21, 0x46, 0x21, 0x46, 0x21, 0x46, 0x21, 0x46, 0x21, 0x46, 0x21,
  0x46, 0x21, 0x46, 0x21, 0x46, 0x21, 0x46, 0x21, 0x46, 0x21, 0x46, 0x21, 0x46, 0x21, 0x46, 0x21,
  0x46, 0x21, 0x46, 0x21, 0x46, 0x21, 0x46, 0x21, 0x46, 0x21, 0x46, 0x21, 0x46, 0x21, 0x46, 0x21,
  0x46, 0x21, 0x46, 0x21, 0x46, 0x21, 0x46, 0x21, 0x46, 0x21, 0x46, 0x21, 0x46, 0x21, 0x46, 0x21,
  0x46, 0x21, 0x46, 0x21, 0x46, 0x21, 0x46, 0x21, 0x46, 0x21, 0x46, 0x21, 0x46, 0x21, 0x46, 0x21,
  0x46, 0x21, 0x46, 0x21, 0x46, 0x21, 0x46, 0x21, 0x46, 0x21, 0x46, 0x21, 0x46, 0x21, 0x46, 0x21,
  0x46, 0x21, 0x46, 0x21, 0x46, 0x21, 0x46, 0x21, 0x46, 0x21, 0x46, 0x21, 0x46, 0x21, 0x46, 0x21,
  0x46, 0x21, 0x46, 0x21, 0x46, 0x21, 0x46, 0x21, 0x46, 0x21, 0x46, 0x21, 0x46, 0x21, 0x46, 0x21,
  0x46, 0x21, 0x46, 0x21, 0x46, 0x21, 0x46, 0x21, 0x46, 0x21, 0x46, 0x21, 0x46, 0x21, 0x46, 0x21,
  0x46, 0x21, 0x46, 0x21, 0x46, 0x21, 0x46, 0x21, 0x46, 0x21, 0x46, 0x21, 0x46, 0x21, 0x46, 0x21,
  0x46, 0x21, 0x46, 0x21, 0x46, 0x21, 0x46, 0x21, 0x46, 0x21, 0x46, 0x21, 0x46, 0x21, 0x46, 0x21,
  0x46, 0x21, 0x46, 0x21, 0x46, 0x21, 0x46, 0x21, 0x46, 0x21, 0x46, 0x21, 0x46, 0x21, 0x46, 0x21,
  0x46, 0x21, 0x46, 0x21, 0x46, 0x21, 0x46, 0x21, 0x46, 0x21, 0x46, 0x21, 0x46, 0x21, 0x46, 0x21,
  0x46, 0x21, 0x46, 0x21, 0x46, 0x21, 0x46, 0x21, 0x46, 0x21, 0x46, 0x21, 0x46, 0x21, 0x46, 0x21,
  0x46, 0x21, 0x46, 0x21, 0x46, 0x21, 0x46, 0x21, 0x46, 0x21, 0x46, 0x21, 0x46, 0x21, 0x46, 0x21,
  0x46, 0x21, 0x46, 0x21, 0x46, 0x21, 0x46, 0x21, 0x46, 0x21, 0x46, 0x21, 0x46, 0x21, 0x46, 0x21,
  0x46, 0x21, 0x46, 0x21, 0x46, 0x21, 0x46, 0x21, 0x46, 0x21, 0x46, 0x21, 0x46, 0x21, 0x46, 0x21,
  0x46, 0x21, 0x46, 0x21, 0x46, 0x21, 0x46, 0x21, 0x46, 0x21, 0x46, 0x21, 0x46, 0x21, 0x46, 0x21,
  0x46, 0x21, 0x46, 0x21, 0x46, 0x21, 0x46, 0x21, 0x46, 0x21, 0x46, 0x21, 0x46, 0x21, 0x46, 0x21,
  0x46, 0x21, 0x46, 0x21, 0x46, 0x21, 0x46, 0x21, 0x46, 0x21, 0x46, 0x21, 0x46, 0x21, 0x46, 0x21,
  0x46, 0x21, 0x46, 0x21, 0x46, 0x21, 0x46, 0x21, 0x46, 0x21, 0x46, 0x21, 0x46, 0x21, 0x46, 0x21,
  0x46, 0x21, 0x46, 0x21, 0x46, 0x21, 0x46, 0x21, 0x46, 0x21, 0x46, 0x21, 0x46, 0x21, 0x46, 0x21,
  0x46, 0x21, 0x46, 0x21, 0x46, 0x21, 0x46, 0x21, 0x46, 0x21, 0x46, 0x21, 0x46, 0x21, 0x46, 0x21,
  0x46, 0x21, 0x46, 0x21, 0x46, 0x21, 0x46, 0x21, 0x46, 0x21, 0x46, 0x21, 0x46, 0x21, 0x46, 0x21,
  0x46, 0x21, 0x46, 0x21, 0x46, 0x21, 0x46, 0x21, 0x46, 0x21, 0x46, 0x21, 0x46, 0x21, 0x46, 0x21,
  0x46, 0x21, 0x46, 0x21, 0x46, 0x21, 0x46, 0x21, 0x46, 0x21, 0x46, 0x21, 0x46, 0x21, 0x46, 0x21,
  0x46, 0x21, 0x46, 0x21, 0x46, 0x21, 0x46, 0x21, 0x46, 0x21, 0x46, 0x21, 0x46, 0x21, 0x46, 0x21,
  0x46, 0x21, 0x46, 0x21, 0x46, 0x21, 0x46, 0x21, 0x46, 0x21, 0x46, 0x21, 0x46, 0x21, 0x46, 0x21,
  0x46, 0x21, 0x46, 0x21, 0x46, 0x21, 0x46, 0x21, 0x46, 0x21, 0x46, 0x21, 0x46, 0x21, 0x46, 0x21,
  0x46, 0x21, 0x46, 0x21, 0x46, 0x21, 0x46, 0x21, 0x46, 0x21, 0x46, 0x21, 0x46, 0x21, 0x46, 0x21,
  0x46, 0x21, 0x46, 0x21, 0x46, 0x21, 0x46, 0x21, 0x46, 0x21, 0x46, 0x21, 0x46, 0x21, 0x46, 0x21,
  0x46, 0x21, 0x46, 0x21, 0x46, 0x21, 0x46, 0x21, 0x46, 0x21, 0x46, 0x21, 0x46, 0x21, 0x46, 0x21,
  0x46, 0x21, 0x46, 0x21, 0x46, 0x21, 0x46, 0x21, 0x46, 0x21, 0x46, 0x21, 0x46, 0x21, 0x46, 0x21,
  0x46, 0x21, 0x46, 0x21, 0x46, 0x21, 0x46, 0x21, 0x46, 0x21, 0x46, 0x21, 0x46, 0x21, 0x46, 0x21,
  0x46, 0x21, 0x46, 0x21, 0x46, 0x21, 0x46, 0x21, 0x46, 0x21, 0x46, 0x21, 0x46, 0x21, 0x46, 0x21,
  0x46, 0x21, 0x46, 0x21, 0x46, 0x21, 0x46, 0x21, 0x46, 0x21, 0x46, 0x21, 0x46, 0x21, 0x46, 0x21,
  0x46, 0x21, 0x46, 0x21, 0x46, 0x21, 0x46, 0x21, 0x46, 0x21, 0x46, 0x21, 0x46, 0x21, 0x46, 0x21,
  0x46, 0x21, 0x46, 0x21, 0x46, 0x21, 0x46, 0x21, 0x46, 0x21, 0x46, 0x21, 0x46, 0x21, 0x46, 0x21,
  0x46, 0x21, 0x46, 0x21, 0x46, 0x21, 0x46, 0x21, 0x46, 0x21, 0x46, 0x21, 0x46, 0x21, 0x46, 0x21,
  0x46, 0x21, 0x46, 0x21, 0x46, 0x21, 0x46, 0x21, 0x46, 0x21, 0x46, 0x21, 0x46, 0x21, 0x46, 0x21,
  0x46, 0x21, 0x46, 0x21, 0x46, 0x21, 0x46, 0x21, 0x46, 0x21, 0x46, 0x21, 0x46, 0x21, 0x46, 0x21,
  0x46, 0x21, 0x46, 0x21, 0x46, 0x21, 0x46, 0x21, 0x46, 0x21, 0x46, 0x21, 0x46, 0x21, 0x46, 0x21,
  0x46, 0x21, 0x46, 0x21, 0x46, 0x21, 0x46, 0x21, 0x46, 0x21, 0x46, 0x21, 0x46, 0x21, 0x46, 0x21,
  0x46, 0x21, 0x46, 0x21, 0x46, 0x21, 0x46, 0x21, 0x46, 0x21, 0x46, 0x21, 0x46, 0x21, 0x46, 0x21,
  0x46, 0x21, 0x46, 0x21, 0x46, 0x21, 0x46, 0x21, 0x46, 0x21, 0x46, 0x21, 0x46, 0x21, 0x46, 0x21,
  0x46, 0x21, 0x46, 0x21, 0x46, 0x21, 0x46, 0x21, 0x46, 0x21, 0x46, 0x21, 0x46, 0x21, 0x46, 0x21,
  0x46, 0x21, 0x46, 0x21, 0x46, 0x21, 0x46, 0x21, 0x46, 0x21, 0x46, 0x21, 0x46, 0x21, 0x46, 0x21,
  0x46, 0x21, 0x46, 0x21, 0x46, 0x21, 0x46, 0x21, 0x46, 0x21, 0x46, 0x21, 0x46, 0x21, 0x46, 0x21,
  0x46, 0x21, 0x46, 0x21, 0x46, 0x21, 0x46, 0x21, 0x46, 0x21, 0x46, 0x21, 0x46, 0x21, 0x46, 0x21,
  0x46, 0x21, 0x46, 0x21, 0x46, 0x21, 0x46, 0x21, 0x46, 0x21, 0x46, 0x21, 0x46, 0x21, 0x46, 0x21,
  0x46, 0x21, 0x46, 0x21, 0x46, 0x21, 0x46, 0x21, 0x46, 0x21, 0x46, 0x21, 0x46, 0x21, 0x46, 0x21,
  0x46, 0x21, 0x46, 0x21, 0x46, 0x21, 0x46, 0x21, 0x46, 0x21, 0x46, 0x21, 0x46, 0x21, 0x46, 0x21,
  0x46, 0x21, 0x46, 0x21, 0x46, 0x21, 0x46, 0x21, 0x46, 0x21, 0x46, 0x21, 0x46, 0x21, 0x46, 0x21,
  0x46, 0x21, 0x46, 0x21, 0x46, 0x21, 0x46, 0x21, 0x46, 0x21, 0x46, 0x21, 0x46, 0x21, 0x46, 0x21,
  0x46, 0x21, 0x46, 0x21, 0x46, 0x21, 0x46, 0x21, 0x46, 0x21, 0x46, 0x21, 0x46, 0x21, 0x46, 0x21,
  0x46, 0x21, 0x46, 0x21, 0x46, 0x21, 0x46, 0x21, 0x46, 0x21, 0x46, 0x21, 0x46, 0x21, 0x46, 0x21,
  0x46, 0x21, 0x46, 0x21, 0x46, 0x21, 0x46, 0x21, 0x46, 0x21, 0x46, 0x21, 0x46, 0x21, 0x46, 0x21,
  0x46, 0x21, 0x46, 0x21, 0x46, 0x21, 0x46, 0x21, 0x46, 0x21, 0x46, 0x21, 0x46, 0x21, 0x46, 0x21,
  0x46, 0x21, 0x46, 0x21, 0x46, 0x21, 0x46, 0x21, 0x46, 0x21, 0x46, 0x21, 0x46, 0x21, 0x46, 0x21,
  0x46, 0x21, 0x46, 0x21, 0x46, 0x21, 0x46, 0x21, 0x46, 0x21, 0x46, 0x21, 0x46, 0x21, 0x46, 0x21,
  0x46, 0x21, 0x46, 0x21, 0x46, 0x21, 0x46, 0x21, 0x46, 0x21, 0x46, 0x21, 0x46, 0x21, 0x46, 0x21,
  0x46, 0x21, 0x46, 0x21, 0x46, 0x21, 0x46, 0x21, 0x46, 0x21, 0x46, 0x21, 0x46, 0x21, 0x46, 0x21,
  0x46, 0x21, 0x46, 0x21, 0x46, 0x21, 0x46, 0x21, 0x46, 0x21, 0x46, 0x21, 0x46, 0x21, 0x46, 0x21,
  0x46, 0x21, 0x46, 0x21, 0x46, 0x21, 0x46, 0x21, 0x46, 0x21, 0x46, 0x21, 0x46, 0x21, 0x46, 0x21,
  0x46, 0x21, 0x46, 0x21, 0x46, 0x21, 0x46, 0x21, 0x46, 0x21, 0x46, 0x21, 0x46, 0x21, 0x46, 0x21,
  0x46, 0x21, 0x46, 0x21, 0x46, 0x21, 0x46, 0x21, 0x46, 0x21, 0x46, 0x21, 0x46, 0x21, 0x46, 0x21,
  0x46, 0x21, 0x46, 0x21, 0x46, 0x21, 0x46, 0x21, 0x46, 0x21, 0x46, 0x21, 0x46, 0x21, 0x46, 0x21,
  0x46, 0x21, 0x46, 0x21, 0x46, 0x21, 0x46, 0x21, 0x46, 0x21, 0x46, 0x21, 0x46, 0x21, 0x46, 0x21,
  0x46, 0x21, 0x46, 0x21, 0x46, 0x21, 0x46, 0x21, 0x46, 0x21, 0x46, 0x21, 0x46, 0x21, 0x46, 0x21,
  0x46, 0x21, 0x46, 0x21, 0x46, 0x21, 0x46, 0x21, 0x46, 0x21, 0x46, 0x21, 0x46, 0x21, 0x46, 0x21,
  0x46, 0x21, 0x46, 0x21, 0x46, 0x21, 0x46, 0x21, 0x46, 0x21, 0x46, 0x21, 0x46, 0x21, 0x46, 0x21,
  0x46, 0x21, 0x46, 0x21, 0x46, 0x21, 0x46, 0x21, 0x46, 0x21, 0x46, 0x21, 0x46, 0x21, 0x46, 0x21,
  0x46, 0x21, 0x46, 0x21, 0x46, 0x21, 0x46, 0x21, 0x46, 0x21, 0x46, 0x21, 0x46, 0x21, 0x46, 0x21,
  0x46, 0x21, 0x46, 0x21, 0x46, 0x21, 0x46, 0x21, 0x46, 0x21, 0x46, 0x21, 0x46, 0x21, 0x46, 0x21,
  0x46, 0x21, 0x46, 0x21, 0x46, 0x21, 0x46, 0x21, 0x46, 0x21, 0x46, 0x21, 0x46, 0x21, 0x46, 0x21,
  0x46, 0x21, 0x46, 0x21, 0x46, 0x21, 0x46, 0x21, 0x46, 0x21, 0x46, 0x21, 0x46, 0x21, 0x46, 0x21,
  0x46, 0x21, 0x46, 0x21, 0x46, 0x21, 0x46, 0x21, 0x46, 0x21, 0x46, 0x21, 0x46, 0x21, 0x46, 0x21,
  0x46, 0x21, 0x46, 0x21, 0x46, 0x21, 0x46, 0x21, 0x46, 0x21, 0x46, 0x21, 0x46, 0x21, 0x46, 0x21,
  0x46, 0x21, 0x46, 0x21, 0x46, 0x21, 0x46, 0x21, 0x46, 0x21, 0x46, 0x21, 0x46, 0x21, 0x46, 0x21,
  0x46, 0x21, 0x46, 0x21, 0x46, 0x21, 0x46, 0x21, 0x46, 0x21, 0x46, 0x21, 0x46, 0x21, 0x46, 0x21,
  0x46, 0x21, 0x46, 0x21, 0x46, 0x21, 0x46, 0x21, 0x46, 0x21, 0x46, 0x21, 0x46, 0x21, 0x46, 0x21,
  0x46, 0x21, 0x46, 0x21, 0x46, 0x21, 0x46, 0x21, 0x46, 0x21, 0x46, 0x21, 0x46, 0x21, 0x46, 0x21,
  0x46, 0x21, 0x46, 0x21, 0x46, 0x21, 0x46, 0x21, 0x46, 0x21, 0x46, 0x21, 0x46, 0x21, 0x46, 0x21,
  0x46, 0x21, 0x46, 0x21, 0x46, 0x21, 0x46, 0x21, 0x46, 0x21, 0x46, 0x21, 0x46, 0x21, 0x46, 0x21,
  0x46, 0x21, 0x46, 0x21, 0x46, 0x21, 0x46, 0x21, 0x46, 0x21, 0x46, 0x21, 0x46, 0x21, 0x46, 0x21,
  0x46, 0x21, 0x46, 0x21, 0x46, 0x21, 0x46, 0x21, 0x46, 0x21, 0x46, 0x21, 0x46, 0x21, 0x46, 0x21,
  0x46, 0x21, 0x46, 0x21, 0x46, 0x21, 0x46, 0x21, 0x46, 0x21, 0x46, 0x21, 0x46, 0x21, 0x46, 0x21,
  0x46, 0x21, 0x46, 0x21, 0x46, 0x21, 0x46, 0x21, 0x46, 0x21, 0x46, 0x21, 0x46, 0x21, 0x46, 0x21,
  0x46, 0x21, 0x46, 0x21, 0x46, 0x21, 0x46, 0x21, 0x46, 0x21, 0x46, 0x21, 0x46, 0x21, 0x46, 0x21,
  0x46, 0x21, 0x46, 0x21, 0x46, 0x21, 0x46, 0x21, 0x46, 0x21, 0x46, 0x21, 0x46, 0x21, 0x46, 0x21,
  0x46, 0x21, 0x46, 0x21, 0x46, 0x21, 0x46, 0x21, 0x46, 0x21, 0x46, 0x21, 0x46, 0x21, 0x46, 0x21,
  0x46, 0x21, 0x46, 0x21, 0x46, 0x21, 0x46, 0x21, 0x46, 0x21, 0x46, 0x21, 0x46, 0x21, 0x46, 0x21,
  0x46, 0x21, 0x46, 0x21, 0x46, 0x21, 0x46, 0x21, 0x46, 0x21, 0x46, 0x21, 0x46, 0x21, 0x46, 0x21,
  0x46, 0x21, 0x46, 0x21, 0x46, 0x21, 0x46, 0x21, 0x46, 0x21, 0x46, 0x21, 0x46, 0x21, 0x46, 0x21,
  0x46, 0x21, 0x46, 0x21, 0x46, 0x21, 0x46, 0x21, 0x46, 0x21, 0x46, 0x21, 0x46, 0x21, 0x46, 0x21,
  0x46, 0x21, 0x46, 0x21, 0x46, 0x21, 0x46, 0x21, 0x46, 0x21, 0x46, 0x21, 0x46, 0x21, 0x46, 0x21,
  0x46, 0x21, 0x46, 0x21, 0x46, 0x21, 0x46, 0x21, 0x46, 0x21, 0x46, 0x21, 0x46, 0x21, 0x46, 0x21,
  0x46, 0x21, 0x46, 0x21, 0x46, 0x21, 0x46, 0x21, 0x46, 0x21, 0x46, 0x21, 0x46, 0x21, 0x46, 0x21,
  0x46, 0x21, 0x46, 0x21, 0x46, 0x21, 0x46, 0x21, 0x46, 0x21, 0x46, 0x21, 0x46, 0x21, 0x46, 0x21,
  0x46, 0x21, 0x46, 0x21, 0x46, 0x21, 0x46, 0x21, 0x46, 0x21, 0x46, 0x21, 0x46, 0x21, 0x46, 0x21,
  0x46, 0x21, 0x46, 0x21, 0x46, 0x21, 0x46, 0x21, 0x46, 0x21, 0x46, 0x21, 0x46, 0x21, 0x46, 0x21,
  0x46, 0x21, 0x46, 0x21, 0x46, 0x21, 0x46, 0x21, 0x46, 0x21, 0x46, 0x21, 0x46, 0x21, 0x46, 0x21,
  0x46, 0x21, 0x46, 0x21, 0x46, 0x21, 0x46, 0x21, 0x46, 0x21, 0x46, 0x21, 0x46, 0x21, 0x46, 0x21,
  0x46, 0x21, 0x46, 0x21, 0x46, 0x21, 0x46, 0x21, 0x46, 0x21, 0x46, 0x21, 0x46, 0x21, 0x46, 0x21,
  0x46, 0x21, 0x46, 0x21, 0x46, 0x21, 0x46, 0x21, 0x46, 0x21, 0x46, 0x21, 0x46, 0x21, 0x46, 0x21,
  0x46, 0x21, 0x46, 0x21, 0x46, 0x21, 0x46, 0x21, 0x46, 0x21, 0x46, 0x21, 0x46, 0x21, 0x46, 0x21,
  0x46, 0x21, 0x46, 0x21, 0x46, 0x21, 0x46, 0x21, 0x46, 0x21, 0x46, 0x21, 0x46, 0x21, 0x46, 0x21,
  0x46, 0x21, 0x46, 0x21, 0x46, 0x21, 0x46, 0x21, 0x46, 0x21, 0x46, 0x21, 0x46, 0x21, 0x46, 0x21,
  0x46, 0x21, 0x46, 0x21, 0x46, 0x21, 0x46, 0x21, 0x46, 0x21, 0x46, 0x21, 0x46, 0x21, 0x46, 0x21,
  0x46, 0x21, 0x46, 0x21, 0x46, 0x21, 0x46, 0x21, 0x46, 0x21, 0x46, 0x21, 0x46, 0x21, 0x46, 0x21,
  0x46, 0x21, 0x46, 0x21, 0x46, 0x21, 0x46, 0x21, 0x46, 0x21, 0x46, 0x21, 0x46, 0x21, 0x46, 0x21,
  0x46, 0x21, 0x46, 0x21, 0x46, 0x21, 0x46, 0x21, 0x46, 0x21, 0x46, 0x21, 0x46, 0x21, 0x46, 0x21,
  0x46, 0x21, 0x46, 0x21, 0x46, 0x21, 0x46, 0x21, 0x46, 0x21, 0x46, 0x21, 0x46, 0x21, 0x46, 0x21,
  0x46, 0x21, 0x46, 0x21, 0x46, 0x21, 0x46, 0x21, 0x46, 0x21, 0x46, 0x21, 0x46, 0x21, 0x46, 0x21,
  0x46, 0x21, 0x46, 0x21, 0x46, 0x21, 0x46, 0x21, 0x46, 0x21, 0x46, 0x21, 0x46, 0x21, 0x46, 0x21,
  0x46, 0x21, 0x46, 0x21, 0x46, 0x21, 0x46, 0x21, 0x46, 0x21, 0x46, 0x21, 0x46, 0x21, 0x46, 0x21,
  0x46, 0x21, 0x46, 0x21, 0x46, 0x21, 0x46, 0x21, 0x46, 0x21, 0x46, 0x21, 0x46, 0x21, 0x46, 0x21,
  0x46, 0x21, 0x46, 0x21, 0x46, 0x21, 0x46, 0x21, 0x46, 0x21, 0x46, 0x21, 0x46, 0x21, 0x46, 0x21,
  0x46, 0x21, 0x46, 0x21, 0x46, 0x21, 0x46, 0x21, 0x46, 0x21, 0x46, 0x21, 0x46, 0x21, 0x46, 0x21,
  0x46, 0x21, 0x46, 0x21, 0x46, 0x21, 0x46, 0x21, 0x46, 0x21, 0x46, 0x21, 0x46, 0x21, 0x46, 0x21,
  0x46, 0x21, 0x46, 0x21, 0x46, 0x21, 0x46, 0x21, 0x46, 0x21, 0x46, 0x21, 0x46, 0x21, 0x46, 0x21,
  0x46, 0x21, 0x46, 0x21, 0x46, 0x21, 0x46, 0x21, 0x46, 0x21, 0x46, 0x21, 0x46, 0x21, 0x46, 0x21,
  0x46, 0x21, 0x46, 0x21, 0x46, 0x21, 0x46, 0x21, 0x46, 0x21, 0x46, 0x21, 0x46, 0x21, 0x46, 0x21,
  0x46, 0x21, 0x46, 0x21, 0x46, 0x21, 0x46, 0x21, 0x46, 0x21, 0x46, 0x21, 0x46, 0x21, 0x46, 0x21,
  0x46, 0x21, 0x46, 0x21, 0x46, 0x21, 0x46, 0x21, 0x46, 0x21, 0x46, 0x21, 0x46, 0x21, 0x46, 0x21,
  0x46, 0x21, 0x46, 0x21, 0x46, 0x21, 0x46, 0x21, 0x46, 0x21, 0x46, 0x21, 0x46, 0x21, 0x46, 0x21,
  0x46, 0x21, 0x46, 0x21, 0x46, 0x21, 0x46, 0x21, 0x46, 0x21, 0x46, 0x21, 0x46, 0x21, 0x46, 0x21,
  0x46, 0x21, 0x46, 0x21, 0x46, 0x21, 0x46, 0x21, 0x46, 0x21, 0x46, 0x21, 0x46, 0x21, 0x46, 0x21,
  0x46, 0x21, 0x46, 0x21, 0x46, 0x21, 0x46, 0x21, 0x46, 0x21, 0x46, 0x21, 0x46, 0x21, 0x46, 0x21,
  0x46, 0x21, 0x46, 0x21, 0x46, 0x21, 0x46, 0x21, 0x46, 0x21, 0x46, 0x21, 0x46, 0x21, 0x46, 0x21,
  0x46, 0x21, 0x46, 0x21, 0x46, 0x21, 0x46, 0x21, 0x46, 0x21, 0x46, 0x21, 0x46, 0x21, 0x46, 0x21,
  0x46, 0x21, 0x46, 0x21, 0x46, 0x21, 0x46, 0x21, 0x46, 0x21, 0x46, 0x21, 0x46, 0x21, 0x46, 0x21,
  0x46, 0x21, 0x46, 0x21, 0x46, 0x21, 0x46, 0x21, 0x46, 0x21, 0x46, 0x21, 0x46, 0x21, 0x46, 0x21,
  0x46, 0x21, 0x46, 0x21, 0x46, 0x21, 0x46, 0x21, 0x46, 0x21, 0x46, 0x21, 0x46, 0x21, 0x46, 0x21,
  0x46, 0x21, 0x46, 0x21, 0x46, 0x21, 0x46, 0x21, 0x46, 0x21, 0x46, 0x21, 0x46, 0x21, 0x46, 0x21,
  0x46, 0x21, 0x46, 0x21, 0x46, 0x21, 0x46, 0x21, 0x46, 0x21, 0x46, 0x21, 0x46, 0x21, 0x46, 0x21,
  0x46, 0x21, 0x46, 0x21, 0x46, 0x21, 0x46, 0x21, 0x46, 0x21, 0x46, 0x21, 0x46, 0x21, 0x46, 0x21,
  0x46, 0x21, 0x46, 0x21, 0x46, 0x21, 0x46, 0x21, 0x46, 0x21, 0x46, 0x21, 0x46, 0x21, 0x46, 0x21,
  0x46, 0x21, 0x46, 0x21, 0x46, 0x21, 0x46, 0x21, 0x46, 0x21, 0x46, 0x21, 0x46, 0x21, 0x46, 0x21,
  0x46, 0x21, 0x46, 0x21, 0x46, 0x21, 0x46, 0x21, 0x46, 0x21, 0x46, 0x21, 0x46, 0x21, 0x46, 0x21,
  0x46, 0x21, 0x46, 0x21, 0x46, 0x21, 0x46, 0x21, 0x46, 0x21, 0x46, 0x21, 0x46, 0x21, 0x46, 0x21,
  0x46, 0x21, 0x46, 0x21, 0x46, 0x21, 0x46, 0x21, 0x46, 0x21, 0x46, 0x21, 0x46, 0x21, 0x46, 0x21,
  0x46, 0x21, 0x46, 0x21, 0x46, 0x21, 0x46, 0x21, 0x46, 0x21, 0x46, 0x21, 0x46, 0x21, 0x46, 0x21,
  0x46, 0x21, 0x46, 0x21, 0x46, 0x21, 0x46, 0x21, 0x46, 0x21, 0x46, 0x21, 0x46, 0x21, 0x46, 0x21,
  0x46, 0x21, 0x46, 0x21, 0x46, 0x21, 0x46, 0x21, 0x46, 0x21, 0x46, 0x21, 0x46, 0x21, 0x46, 0x21,
  0x46, 0x21, 0x46, 0x21, 0x46, 0x21, 0x46, 0x21, 0x46, 0x21, 0x46, 0x21, 0x46, 0x21, 0x46, 0x21,
  0x46, 0x21, 0x46, 0x21, 0x46, 0x21, 0x46, 0x21, 0x46, 0x21, 0x46, 0x21, 0x46, 0x21, 0x46, 0x21,
  0x46, 0x21, 0x46, 0x21, 0x46, 0x21, 0x46, 0x21, 0x46, 0x21, 0x46, 0x21, 0x46, 0x21, 0x46, 0x21,
  0x46, 0x21, 0x46, 0x21, 0x46, 0x21, 0x46, 0x21, 0x46, 0x21, 0x46, 0x21, 0x46, 0x21, 0x46, 0x21,
  0x46, 0x21, 0x46, 0x21, 0x46, 0x21, 0x46, 0x21, 0x46, 0x21, 0x46, 0x21, 0x46, 0x21, 0x46, 0x21,
  0x46, 0x21, 0x46, 0x21, 0x46, 0x21, 0x46, 0x21, 0x46, 0x21, 0x46, 0x21, 0x46, 0x21, 0x46, 0x21,
  0x46, 0x21, 0x46, 0x21, 0x46, 0x21, 0x46, 0x21, 0x46, 0x21, 0x46, 0x21, 0x46, 0x21, 0x46, 0x21,
  0x46, 0x21, 0x46, 0x21, 0x46, 0x21, 0x46, 0x21, 0x46, 0x21, 0x46, 0x21, 0x46, 0x21, 0x46, 0x21,
  0x46, 0x21, 0x46, 0x21, 0x46, 0x21, 0x46, 0x21, 0x46, 0x21, 0x46, 0x21, 0x46, 0x21, 0x46, 0x21,
  0x46, 0x21, 0x46, 0x21, 0x46, 0x21, 0x46, 0x21, 0x46, 0x21, 0x46, 0x21, 0x46, 0x21, 0x46, 0x21,
  0x46, 0x21, 0x46, 0x21, 0x46, 0x21, 0x46, 0x21, 0x46, 0x21, 0x46, 0x21, 0x46, 0x21, 0x46, 0x21,
  0x46, 0x21, 0x46, 0x21, 0x46, 0x21, 0x46, 0x21, 0x46, 0x21, 0x46, 0x21, 0x46, 0x21, 0x46, 0x21,
  0x46, 0x21, 0x46, 0x21, 0x46, 0x21, 0x46, 0x21, 0x46, 0x21, 0x46, 0x21, 0x46, 0x21, 0x46, 0x21,
  0x46, 0x21, 0x46, 0x21, 0x46, 0x21, 0x46, 0x21, 0x46, 0x21, 0x46, 0x21, 0x46, 0x21, 0x46, 0x21,
  0x46, 0x21, 0x46, 0x21, 0x46, 0x21, 0x46, 0x21, 0x46, 0x21, 0x46, 0x21, 0x46, 0x21, 0x46, 0x21,
  0x46, 0x21, 0x46, 0x21, 0x46, 0x21, 0x46, 0x21, 0x46, 0x21, 0x46, 0x21, 0x46, 0x21, 0x46, 0x21,
  0x46, 0x21, 0x46, 0x21, 0x46, 0x21, 0x46, 0x21, 0x46, 0x21, 0x46, 0x21, 0x46, 0x21, 0x46, 0x21,
  0x46, 0x21, 0x46, 0x21, 0x46, 0x21, 0x46, 0x21, 0x46, 0x21, 0x46, 0x21, 0x46, 0x21, 0x46, 0x21,
  0x46, 0x21, 0x46, 0x21, 0x46, 0x21, 0x46, 0x21, 0x46, 0x21, 0x46, 0x21, 0x46, 0x21, 0x46, 0x21,
  0x46, 0x21, 0x46, 0x21, 0x46, 0x21, 0x46, 0x21, 0x46, 0x21, 0x46, 0x21, 0x46, 0x21, 0x46, 0x21,
  0x46, 0x21, 0x46, 0x21, 0x46, 0x21, 0x46, 0x21, 0x46, 0x21, 0x46, 0x21, 0x46, 0x21, 0x46, 0x21,
  0x46, 0x21, 0x46, 0x21, 0x46, 0x21, 0x46, 0x21, 0x46, 0x21, 0x46, 0x21, 0x46, 0x21, 0x46, 0x21,
  0x46, 0x21, 0x46, 0x21, 0x46, 0x21, 0x46, 0x21, 0x46, 0x21, 0x46, 0x21, 0x46, 0x21, 0x46, 0x21,
  0x46, 0x21, 0x46, 0x21, 0x46, 0x21, 0x46, 0x21, 0x46, 0x21, 0x46, 0x21, 0x46, 0x21, 0x46, 0x21,
  0x46, 0x21, 0x46, 0x21, 0x46, 0x21, 0x46, 0x21, 0x46, 0x21, 0x46, 0x21, 0x46, 0x21, 0x46, 0x21,
  0x46, 0x21, 0x46, 0x21, 0x46, 0x21, 0x46, 0x21, 0x46, 0x21, 0x46, 0x21, 0x46, 0x21, 0x46, 0x21,
  0x46, 0x21, 0x46, 0x21, 0x46, 0x21, 0x46, 0x21, 0x46, 0x21, 0x46, 0x21, 0x46, 0x21, 0x46, 0x21,
  0x46, 0x21, 0x46, 0x21, 0x46, 0x21, 0x46, 0x21, 0x46, 0x21, 0x46, 0x21, 0x46, 0x21, 0x46, 0x21,
  0x46, 0x21, 0x46, 0x21, 0x46, 0x21, 0x46, 0x21, 0x46, 0x21, 0x46, 0x21, 0x46, 0x21, 0x46, 0x21,
  0x46, 0x21, 0x46, 0x21, 0x46, 0x21, 0x46, 0x21, 0x46, 0x21, 0x46, 0x21, 0x46, 0x21, 0x46, 0x21,
  0x46, 0x21, 0x46, 0x21, 0x46, 0x21, 0x46, 0x21, 0x46, 0x21, 0x46, 0x21, 0x46, 0x21, 0x46, 0x21,
  0x46, 0x21, 0x46, 0x21, 0x46, 0x21, 0x46, 0x21, 0x46, 0x21, 0x46, 0x21, 0x46, 0x21, 0x46, 0x21,
  0x46, 0x21, 0x46, 0x21, 0x46, 0x21, 0x46, 0x21, 0x46, 0x21, 0x46, 0x21, 0x46, 0x21, 0x46, 0x21,
  0x46, 0x21, 0x46, 0x21, 0x46, 0x21, 0x46, 0x21, 0x46, 0x21, 0x46, 0x21, 0x46, 0x21, 0x46, 0x21,
  0x46, 0x21, 0x46, 0x21, 0x46, 0x21, 0x46, 0x21, 0x46, 0x21, 0x46, 0x21, 0x46, 0x21, 0x46, 0x21,
  0x46, 0x21, 0x46, 0x21, 0x46, 0x21, 0x46, 0x21, 0x46, 0x21, 0x46, 0x21, 0x46, 0x21, 0x46, 0x21,
  0x46, 0x21, 0x46, 0x21, 0x46, 0x21, 0x46, 0x21, 0x46, 0x21, 0x46, 0x21, 0x46, 0x21, 0x46, 0x21,
  0x46, 0x21, 0x46, 0x21, 0x46, 0x21, 0x46, 0x21, 0x46, 0x21, 0x46, 0x21, 0x46, 0x21, 0x46, 0x21,
  0x46, 0x21, 0x46, 0x21, 0x46, 0x21, 0x46, 0x21, 0x46, 0x21, 0x46, 0x21, 0x46, 0x21, 0x46, 0x21,
  0x46, 0x21, 0x46, 0x21, 0x46, 0x21, 0x46, 0x21, 0x46, 0x21, 0x46, 0x21, 0x46, 0x21, 0x46, 0x21,
  0x46, 0x21, 0x46, 0x21, 0x46, 0x21, 0x46, 0x21, 0x46, 0x21, 0x46, 0x21, 0x46, 0x21, 0x46, 0x21,
  0x46, 0x21, 0x46, 0x21, 0x46, 0x21, 0x46, 0x21, 0x46, 0x21, 0x46, 0x21, 0x46, 0x21, 0x46, 0x21,
  0x46, 0x21, 0x46, 0x21, 0x46, 0x21, 0x46, 0x21, 0x46, 0x21, 0x46, 0x21, 0x46, 0x21, 0x46, 0x21,
  0x46, 0x21, 0x46, 0x21, 0x46, 0x21, 0x46, 0x21, 0x46, 0x21, 0x46, 0x21, 0x46, 0x21, 0x46, 0x21,
  0x46, 0x21, 0x46, 0x21, 0x46, 0x21, 0x46, 0x21, 0x46, 0x21, 0x46, 0x21, 0x46, 0x21, 0x46, 0x21,
  0x46, 0x21, 0x46, 0x21, 0x46, 0x21, 0x46, 0x21, 0x46, 0x21, 0x46, 0x21, 0x46, 0x21, 0x46, 0x21,
  0x46, 0x21, 0x46, 0x21, 0x46, 0x21, 0x46, 0x21, 0x46, 0x21, 0x46, 0x21, 0x46, 0x21, 0x46, 0x21,
  0x46, 0x21, 0x46, 0x21, 0x46, 0x21, 0x46, 0x21, 0x46, 0x21, 0x46, 0x21, 0x46, 0x21, 0x46, 0x21,
  0x46, 0x21, 0x46, 0x21, 0x46, 0x21, 0x46, 0x21, 0x46, 0x21, 0x46, 0x21, 0x46, 0x21, 0x46, 0x21,
  0x46, 0x21, 0x46, 0x21, 0x46, 0x21, 0x46, 0x21, 0x46, 0x21, 0x46, 0x21, 0x46, 0x21, 0x46, 0x21,
  0x46, 0x21, 0x46, 0x21, 0x46, 0x21, 0x46, 0x21, 0x46, 0x21, 0x46, 0x21, 0x46, 0x21, 0x46, 0x21,
  0x46, 0x21, 0x46, 0x21, 0x46, 0x21, 0x46, 0x21, 0x46, 0x21, 0x46, 0x21, 0x46, 0x21, 0x46, 0x21,
  0x46, 0x21, 0x46, 0x21, 0x46, 0x21, 0x46, 0x21, 0x46, 0x21, 0x46, 0x21, 0x46, 0x21, 0x46, 0x21,
  0x46, 0x21, 0x46, 0x21, 0x46, 0x21, 0x46, 0x21, 0x46, 0x21, 0x46, 0x21, 0x46, 0x21, 0x46, 0x21,
  0x46, 0x21, 0x46, 0x21, 0x46, 0x21, 0x46, 0x21, 0x46, 0x21, 0x46, 0x21, 0x46, 0x21, 0x46, 0x21,
  0x46, 0x21, 0x46, 0x21, 0x46, 0x21, 0x46, 0x21, 0x46, 0x21, 0x46, 0x21, 0x46, 0x21, 0x46, 0x21,
  0x46, 0x21, 0x46, 0x21, 0x46, 0x21, 0x46, 0x21, 0x46, 0x21, 0x46, 0x21, 0x46, 0x21, 0x46, 0x21,
  0x46, 0x21, 0x46, 0x21, 0x46, 0x21, 0x46, 0x21, 0x46, 0x21, 0x46, 0x21, 0x46, 0x21, 0x46, 0x21,
  0x46, 0x21, 0x46, 0x21, 0x46, 0x21, 0x46, 0x21, 0x46, 0x21, 0x46, 0x21, 0x46, 0x21, 0x46, 0x21,
  0x46, 0x21, 0x46, 0x21, 0x46, 0x21, 0x46, 0x21, 0x46, 0x21, 0x46, 0x21, 0x46, 0x21, 0x46, 0x21,
  0x46, 0x21, 0x46, 0x21, 0x46, 0x21, 0x46, 0x21, 0x46, 0x21, 0x46, 0x21, 0x46, 0x21, 0x46, 0x21,
  0x46, 0x21, 0x46, 0x21, 0x46, 0x21, 0x46, 0x21, 0x46, 0x21, 0x46, 0x21, 0x46, 0x21, 0x46, 0x21,
  0x46, 0x21, 0x46, 0x21, 0x46, 0x21, 0x46, 0x21, 0x46, 0x21, 0x46, 0x21, 0x46, 0x21, 0x46, 0x21,
  0x46, 0x21, 0x46, 0x21, 0x46, 0x21, 0x46, 0x21, 0x46, 0x21, 0x46, 0x21, 0x46, 0x21, 0x46, 0x21,
  0x46, 0x21, 0x46, 0x21, 0x46, 0x21, 0x46, 0x21, 0x46, 0x21, 0x46, 0x21, 0x46, 0x21, 0x46, 0x21,
  0x46, 0x21, 0x46, 0x21, 0x46, 0x21, 0x46, 0x21, 0x46, 0x21, 0x46, 0x21, 0x46, 0x21, 0x46, 0x21,
  0x46, 0x21, 0x46, 0x21, 0x46, 0x21, 0x46, 0x21, 0x46, 0x21, 0x46, 0x21, 0x46, 0x21, 0x46, 0x21,
  0x46, 0x21, 0x46, 0x21, 0x46, 0x21, 0x46, 0x21, 0x46, 0x21, 0x46, 0x21, 0x46, 0x21, 0x46, 0x21,
  0x46, 0x21, 0x46, 0x21, 0x46, 0x21, 0x46, 0x21, 0x46, 0x21, 0x46, 0x21, 0x46, 0x21, 0x46, 0x21,
  0x46, 0x21, 0x46, 0x21, 0x46, 0x21, 0x46, 0x21, 0x46, 0x21, 0x46, 0x21, 0x46, 0x21, 0x46, 0x21,
  0x46, 0x21, 0x46, 0x21, 0x46, 0x21, 0x46, 0x21, 0x46, 0x21, 0x46, 0x21, 0x46, 0x21, 0x46, 0x21,
  0x46, 0x21, 0x46, 0x21, 0x46, 0x21, 0x46, 0x21, 0x46, 0x21, 0x46, 0x21, 0x46, 0x21, 0x46, 0x21,
  0x46, 0x21, 0x46, 0x21, 0x46, 0x21, 0x46, 0x21, 0x46, 0x21, 0x46, 0x21, 0x46, 0x21, 0x46, 0x21,
  0x46, 0x21, 0x46, 0x21, 0x46, 0x21, 0x46, 0x21, 0x46, 0x21, 0x46, 0x21, 0x46, 0x21, 0x46, 0x21,
  0x46, 0x21, 0x46, 0x21, 0x46, 0x21, 0x46, 0x21, 0x46, 0x21, 0x46, 0x21, 0x46, 0x21, 0x46, 0x21,
  0x46, 0x21, 0x46, 0x21, 0x46, 0x21, 0x46, 0x21, 0x46, 0x21, 0x46, 0x21, 0x46, 0x21, 0x46, 0x21,
  0x46, 0x21, 0x46, 0x21, 0x46, 0x21, 0x46, 0x21, 0x46, 0x21, 0x46, 0x21, 0x46, 0x21, 0x46, 0x21,
  0x46, 0x21, 0x46, 0x21, 0x46, 0x21, 0x46, 0x21, 0x46, 0x21, 0x46, 0x21, 0x46, 0x21, 0x46, 0x21,
  0x46, 0x21, 0x46, 0x21, 0x46, 0x21, 0x46, 0x21, 0x46, 0x21, 0x46, 0x21, 0x46, 0x21, 0x46, 0x21,
  0x46, 0x21, 0x46, 0x21, 0x46, 0x21, 0x46, 0x21, 0x46, 0x21, 0x46, 0x21, 0x46, 0x21, 0x46, 0x21,
  0x46, 0x21, 0x46, 0x21, 0x46, 0x21, 0x46, 0x21, 0x46, 0x21, 0x46, 0x21, 0x46, 0x21, 0x46, 0x21,
  0x46, 0x21, 0x46, 0x21, 0x46, 0x21, 0x46, 0x21, 0x46, 0x21, 0x46, 0x21, 0x46, 0x21, 0x46, 0x21,
  0x46, 0x21, 0x46, 0x21, 0x46, 0x21, 0x46, 0x21, 0x46, 0x21, 0x46, 0x21, 0x46, 0x21, 0x46, 0x21,
  0x46, 0x21, 0x46, 0x21, 0x46, 0x21, 0x46, 0x21, 0x46, 0x21, 0x46, 0x21, 0x46, 0x21, 0x46, 0x21,
  0x46, 0x21, 0x46, 0x21, 0x46, 0x21, 0x46, 0x21, 0x46, 0x21, 0x46, 0x21, 0x46, 0x21, 0x46, 0x21,
  0x46, 0x21, 0x46, 0x21, 0x46, 0x21, 0x46, 0x21, 0x46, 0x21, 0x46, 0x21, 0x46, 0x21, 0x46, 0x21,
  0x46, 0x21, 0x46, 0x21, 0x46, 0x21, 0x46, 0x21, 0x46, 0x21, 0x46, 0x21, 0x46, 0x21, 0x46, 0x21,
  0x46, 0x21, 0x46, 0x21, 0x46, 0x21, 0x46, 0x21, 0x46, 0x21, 0x46, 0x21, 0x46, 0x21, 0x46, 0x21,
  0x46, 0x21, 0x46, 0x21, 0x46, 0x21, 0x46, 0x21, 0x46, 0x21, 0x46, 0x21, 0x46, 0x21, 0x46, 0x21,
  0x46, 0x21, 0x46, 0x21, 0x46, 0x21, 0x46, 0x21, 0x46, 0x21, 0x46, 0x21, 0x46, 0x21, 0x46, 0x21,
  0x46, 0x21, 0x46, 0x21, 0x46, 0x21, 0x46, 0x21, 0x46, 0x21, 0x46, 0x21, 0x46, 0x21, 0x46, 0x21,
  0x46, 0x21, 0x46, 0x21, 0x46, 0x21, 0x46, 0x21, 0x46, 0x21, 0x46, 0x21, 0x46, 0x21, 0x46, 0x21,
  0x46, 0x21, 0x46, 0x21, 0x46, 0x21, 0x46, 0x21, 0x46, 0x21, 0x46, 0x21, 0x46, 0x21, 0x46, 0x21,
  0x46, 0x21, 0x46, 0x21, 0x46, 0x21, 0x46, 0x21, 0x46, 0x21, 0x46, 0x21, 0x46, 0x21, 0x46, 0x21,
  0x46, 0x21, 0x46, 0x21, 0x46, 0x21, 0x46, 0x21, 0x46, 0x21, 0x46, 0x21, 0x46, 0x21, 0x46, 0x21,
  0x46, 0x21, 0x46, 0x21, 0x46, 0x21, 0x46, 0x21, 0x46, 0x21, 0x46, 0x21, 0x46, 0x21, 0x46, 0x21,
  0x46, 0x21, 0x46, 0x21, 0x46, 0x21, 0x46, 0x21, 0x46, 0x21, 0x46, 0x21, 0x46, 0x21, 0x46, 0x21,
  0x46, 0x21, 0x46, 0x21, 0x46, 0x21, 0x46, 0x21, 0x46, 0x21, 0x46, 0x21, 0x46, 0x21, 0x46, 0x21,
  0x46, 0x21, 0x46, 0x21, 0x46, 0x21, 0x46, 0x21, 0x46, 0x21, 0x46, 0x21, 0x46, 0x21, 0x46, 0x21,
  0x46, 0x21, 0x46, 0x21, 0x46, 0x21, 0x46, 0x21, 0x46, 0x21, 0x46, 0x21, 0x46, 0x21, 0x46, 0x21,
  0x46, 0x21, 0x46, 0x21, 0x46, 0x21, 0x46, 0x21, 0x46, 0x21, 0x46, 0x21, 0x46, 0x21, 0x46, 0x21,
  0x46, 0x21, 0x46, 0x21, 0x46, 0x21, 0x46, 0x21, 0x46, 0x21, 0x46, 0x21, 0x46, 0x21, 0x46, 0x21,
  0x46, 0x21, 0x46, 0x21, 0x46, 0x21, 0x46, 0x21, 0x46, 0x21, 0x46, 0x21, 0x46, 0x21, 0x46, 0x21,
  0x46, 0x21, 0x46, 0x21, 0x46, 0x21, 0x46, 0x21, 0x46, 0x21, 0x46, 0x21, 0x46, 0x21, 0x46, 0x21,
  0x46, 0x21, 0x46, 0x21, 0x46, 0x21, 0x46, 0x21, 0x46, 0x21, 0x46, 0x21, 0x46, 0x21, 0x46, 0x21,
  0x46, 0x21, 0x46, 0x21, 0x46, 0x21, 0x46, 0x21, 0x46, 0x21, 0x46, 0x21, 0x46, 0x21, 0x46, 0x21,
  0x46, 0x21, 0x46, 0x21, 0x46, 0x21, 0x46, 0x21, 0x46, 0x21, 0x46, 0x21, 0x46, 0x21, 0x46, 0x21,
  0x46, 0x21, 0x46, 0x21, 0x46, 0x21, 0x46, 0x21, 0x46, 0x21, 0x46, 0x21, 0x46, 0x21, 0x46, 0x21,
  0x46, 0x21, 0x46, 0x21, 0x46, 0x21, 0x46, 0x21, 0x46, 0x21, 0x46, 0x21, 0x46, 0x21, 0x46, 0x21,
  0x46, 0x21, 0x46, 0x21, 0x46, 0x21, 0x46, 0x21, 0x46, 0x21, 0x46, 0x21, 0x46, 0x21, 0x46, 0x21,
  0x46, 0x21, 0x46, 0x21, 0x46, 0x21, 0x46, 0x21, 0x46, 0x21, 0x46, 0x21, 0x46, 0x21, 0x46, 0x21,
  0x46, 0x21, 0x46, 0x21, 0x46, 0x21, 0x46, 0x21, 0x46, 0x21, 0x46, 0x21, 0x46, 0x21, 0x46, 0x21,
  0x46, 0x21, 0x46, 0x21, 0x46, 0x21, 0x46, 0x21, 0x46, 0x21, 0x46, 0x21, 0x46, 0x21, 0x46, 0x21,
  0x46, 0x21, 0x46, 0x21, 0x46, 0x21, 0x46, 0x21, 0x46, 0x21, 0x46, 0x21, 0x46, 0x21, 0x46, 0x21,
  0x46, 0x21, 0x46, 0x21, 0x46, 0x21, 0x46, 0x21, 0x46, 0x21, 0x46, 0x21, 0x46, 0x21, 0x46, 0x21,
  0x46, 0x21, 0x46, 0x21, 0x46, 0x21, 0x46, 0x21, 0x46, 0x21, 0x46, 0x21, 0x46, 0x21, 0x46, 0x21,
  0x46, 0x21, 0x46, 0x21, 0x46, 0x21, 0x46, 0x21, 0x46, 0x21, 0x46, 0x21, 0x46, 0x21, 0x46, 0x21,
  0x46, 0x21, 0x46, 0x21, 0x46, 0x21, 0x46, 0x21, 0x46, 0x21, 0x46, 0x21, 0x46, 0x21, 0x46, 0x21,
  0x46, 0x21, 0x46, 0x21, 0x46, 0x21, 0x46, 0x21, 0x46, 0x21, 0x46, 0x21, 0x46, 0x21, 0x46, 0x21,
  0x46, 0x21, 0x46, 0x21, 0x46, 0x21, 0x46, 0x21, 0x46, 0x21, 0x46, 0x21, 0x46, 0x21, 0x46, 0x21,
  0x46, 0x21, 0x46, 0x21, 0x46, 0x21, 0x46, 0x21, 0x46, 0x21, 0x46, 0x21, 0x46, 0x21, 0x46, 0x21,
  0x46, 0x21, 0x46, 0x21, 0x46, 0x21, 0x46, 0x21, 0x46, 0x21, 0x46, 0x21, 0x46, 0x21, 0x46, 0x21,
  0x46, 0x21, 0x46, 0x21, 0x46, 0x21, 0x46, 0x21, 0x46, 0x21, 0x46, 0x21, 0x46, 0x21, 0x46, 0x21,
  0x46, 0x21, 0x46, 0x21, 0x46, 0x21, 0x46, 0x21, 0x46, 0x21, 0x46, 0x21, 0x46, 0x21, 0x46, 0x21,
  0x46, 0x21, 0x46, 0x21, 0x46, 0x21, 0x46, 0x21, 0x46, 0x21, 0x46, 0x21, 0x46, 0x21, 0x46, 0x21,
  0x46, 0x21, 0x46, 0x21, 0x46, 0x21, 0x46, 0x21, 0x46, 0x21, 0x46, 0x21, 0x46, 0x21, 0x46, 0x21,
  0x46, 0x21, 0x46, 0x21, 0x46, 0x21, 0x46, 0x21, 0x46, 0x21, 0x46, 0x21, 0x46, 0x21, 0x46, 0x21,
  0x46, 0x21, 0x46, 0x21, 0x46, 0x21, 0x46, 0x21, 0x46, 0x21, 0x46, 0x21, 0x46, 0x21, 0x46, 0x21,
  0x46, 0x21, 0x46, 0x21, 0x46, 0x21, 0x46, 0x21, 0x46, 0x21, 0x46, 0x21, 0x46, 0x21, 0x46, 0x21,
  0x46, 0x21, 0x46, 0x21, 0x46, 0x21, 0x46, 0x21, 0x46, 0x21, 0x46, 0x21, 0x46, 0x21, 0x46, 0x21,
  0x46, 0x21, 0x46, 0x21, 0x46, 0x21, 0x46, 0x21, 0x46, 0x21, 0x46, 0x21, 0x46, 0x21, 0x46, 0x21,
  0x46, 0x21, 0x46, 0x21, 0x46, 0x21, 0x46, 0x21, 0x46, 0x21, 0x46, 0x21, 0x46, 0x21, 0x46, 0x21,
  0x46, 0x21, 0x46, 0x21, 0x46, 0x21, 0x46, 0x21, 0x46, 0x21, 0x46, 0x21, 0x46, 0x21, 0x46, 0x21,
  0x46, 0x21, 0x46, 0x21, 0x46, 0x21, 0x46, 0x21, 0x46, 0x21, 0x46, 0x21, 0x46, 0x21, 0x46, 0x21,
  0x46, 0x21, 0x46, 0x21, 0x46, 0x21, 0x46, 0x21, 0x46, 0x21, 0x46, 0x21, 0x46, 0x21, 0x46, 0x21,
  0x46, 0x21, 0x46, 0x21, 0x46, 0x21, 0x46, 0x21, 0x46, 0x21, 0x46, 0x21, 0x46, 0x21, 0x46, 0x21,
  0x46, 0x21, 0x46, 0x21, 0x46, 0x21, 0x46, 0x21, 0x46, 0x21, 0x46, 0x21, 0x46, 0x21, 0x46, 0x21,
  0x46, 0x21, 0x46, 0x21, 0x46, 0x21, 0x46, 0x21, 0x46, 0x21, 0x46, 0x21, 0x46, 0x21, 0x46, 0x21,
  0x46, 0x21, 0x46, 0x21, 0x46, 0x21, 0x46, 0x21, 0x46, 0x21, 0x46, 0x21, 0x46, 0x21, 0x46, 0x21,
  0x46, 0x21, 0x46, 0x21, 0x46, 0x21, 0x46, 0x21, 0x46, 0x21, 0x46, 0x21, 0x46, 0x21, 0x46, 0x21,
  0x46, 0x21, 0x46, 0x21, 0x46, 0x21, 0x46, 0x21, 0x46, 0x21, 0x46, 0x21, 0x46, 0x21, 0x46, 0x21,
  0x46, 0x21, 0x46, 0x21, 0x46, 0x21, 0x46, 0x21, 0x46, 0x21, 0x46, 0x21, 0x46, 0x21, 0x46, 0x21,
  0x46, 0x21, 0x46, 0x21, 0x46, 0x21, 0x46, 0x21, 0x46, 0x21, 0x46, 0x21, 0x46, 0x21, 0x46, 0x21,
  0x46, 0x21, 0x46, 0x21, 0x46, 0x21, 0x46, 0x21, 0x46, 0x21, 0x46, 0x21, 0x46, 0x21, 0x46, 0x21,
  0x46, 0x21, 0x46, 0x21, 0x46, 0x21, 0x46, 0x21, 0x46, 0x21, 0x46, 0x21, 0x46, 0x21, 0x46, 0x21,
  0x46, 0x21, 0x46, 0x21, 0x46, 0x21, 0x46, 0x21, 0x46, 0x21, 0x46, 0x21, 0x46, 0x21, 0x46, 0x21,
  0x46, 0x21, 0x46, 0x21, 0x46, 0x21, 0x46, 0x21, 0x46, 0x21, 0x46, 0x21, 0x46, 0x21, 0x46, 0x21,
  0x46, 0x21, 0x46, 0x21, 0x46, 0x21, 0x46, 0x21, 0x46, 0x21, 0x46, 0x21, 0x46, 0x21, 0x46, 0x21,
  0x46, 0x21, 0x46, 0x21, 0x46, 0x21, 0x46, 0x21, 0x46, 0x21, 0x46, 0x21, 0x46, 0x21, 0x46, 0x21,
  0x46, 0x21, 0x46, 0x21, 0x46, 0x21, 0x46, 0x21, 0x46, 0x21, 0x46, 0x21, 0x46, 0x21, 0x46, 0x21,
  0x46, 0x21, 0x46, 0x21, 0x46, 0x21, 0x46, 0x21, 0x46, 0x21, 0x46, 0x21, 0x46, 0x21, 0x46, 0x21,
  0x46, 0x21, 0x46, 0x21, 0x46, 0x21, 0x46, 0x21, 0x46, 0x21, 0x46, 0x21, 0x46, 0x21, 0x46, 0x21,
  0x46, 0x21, 0x46, 0x21, 0x46, 0x21, 0x46, 0x21, 0x46, 0x21, 0x46, 0x21, 0x46, 0x21, 0x46, 0x21,
  0x46, 0x21, 0x46, 0x21, 0x46, 0x21, 0x46, 0x21, 0x46, 0x21, 0x46, 0x21, 0x46, 0x21, 0x46, 0x21,
  0x46, 0x21, 0x46, 0x21, 0x46, 0x21, 0x46, 0x21, 0x46, 0x21, 0x46, 0x21, 0x46, 0x21, 0x46, 0x21,
  0x46, 0x21, 0x46, 0x21, 0x46, 0x21, 0x46, 0x21, 0x46, 0x21, 0x46, 0x21, 0x46, 0x21, 0x46, 0x21,
  0x46, 0x21, 0x46, 0x21, 0x46, 0x21, 0x46, 0x21, 0x46, 0x21, 0x46, 0x21, 0x46, 0x21, 0x46, 0x21,
  0x46, 0x21, 0x46, 0x21, 0x46, 0x21, 0x46, 0x21, 0x46, 0x21, 0x46, 0x21, 0x46, 0x21, 0x46, 0x21,
  0x46, 0x21, 0x46, 0x21, 0x46, 0x21, 0x46, 0x21, 0x46, 0x21, 0x46, 0x21, 0x46, 0x21, 0x46, 0x21,
  0x46, 0x21, 0x46, 0x21, 0x46, 0x21, 0x46, 0x21, 0x46, 0x21, 0x46, 0x21, 0x46, 0x21, 0x46, 0x21,
  0x46, 0x21, 0x46, 0x21, 0x46, 0x21, 0x46, 0x21, 0x46, 0x21, 0x46, 0x21, 0x46, 0x21, 0x46, 0x21,
  0x46, 0x21, 0x46, 0x21, 0x46, 0x21, 0x46, 0x21, 0x46, 0x21, 0x46, 0x21, 0x46, 0x21, 0x46, 0x21,
  0x46, 0x21, 0x46, 0x21, 0x46, 0x21, 0x46, 0x21, 0x46, 0x21, 0x46, 0x21, 0x46, 0x21, 0x46, 0x21,
  0x46, 0x21, 0x46, 0x21, 0x46, 0x21, 0x46, 0x21, 0x46, 0x21, 0x46, 0x21, 0x46, 0x21, 0x46, 0x21,
  0x46, 0x21, 0x46, 0x21, 0x46, 0x21, 0x46, 0x21, 0x46, 0x21, 0x46, 0x21, 0x46, 0x21, 0x46, 0x21,
  0x46, 0x21, 0x46, 0x21, 0x46, 0x21, 0x46, 0x21, 0x46, 0x21, 0x46, 0x21, 0x46, 0x21, 0x46, 0x21,
  0x46, 0x21, 0x46, 0x21, 0x46, 0x21, 0x46, 0x21, 0x46, 0x21, 0x46, 0x21, 0x46, 0x21, 0x46, 0x21,
  0x46, 0x21, 0x46, 0x21, 0x46, 0x21, 0x46, 0x21, 0x46, 0x21, 0x46, 0x21, 0x46, 0x21, 0x46, 0x21,
  0x46, 0x21, 0x46, 0x21, 0x46, 0x21, 0x46, 0x21, 0x46, 0x21, 0x46, 0x21, 0x46, 0x21, 0x46, 0x21,
  0x46, 0x21, 0x46, 0x21, 0x46, 0x21, 0x46, 0x21, 0x46, 0x21, 0x46, 0x21, 0x46, 0x21, 0x46, 0x21,
  0x46, 0x21, 0x46, 0x21, 0x46, 0x21, 0x46, 0x21, 0x46, 0x21, 0x46, 0x21, 0x46, 0x21, 0x46, 0x21,
  0x46, 0x21, 0x46, 0x21, 0x46, 0x21, 0x46, 0x21, 0x46, 0x21, 0x46, 0x21, 0x46, 0x21, 0x46, 0x21,
  0x46, 0x21, 0x46, 0x21, 0x46, 0x21, 0x46, 0x21, 0x46, 0x21, 0x46, 0x21, 0x46, 0x21, 0x46, 0x21,
  0x46, 0x21, 0x46, 0x21, 0x46, 0x21, 0x46, 0x21, 0x46, 0x21, 0x46, 0x21, 0x46, 0x21, 0x46, 0x21,
  0x46, 0x21, 0x46, 0x21, 0x46, 0x21, 0x46, 0x21, 0x46, 0x21, 0x46, 0x21, 0x46, 0x21, 0x46, 0x21,
  0x46, 0x21, 0x46, 0x21, 0x46, 0x21, 0x46, 0x21, 0x46, 0x21, 0x46, 0x21, 0x46, 0x21, 0x46, 0x21,
  0x46, 0x21, 0x46, 0x21, 0x46, 0x21, 0x46, 0x21, 0x46, 0x21, 0x46, 0x21, 0x46, 0x21, 0x46, 0x21,
  0x46, 0x21, 0x46, 0x21, 0x46, 0x21, 0x46, 0x21, 0x46, 0x21, 0x46, 0x21, 0x46, 0x21, 0x46, 0x21,
  0x46, 0x21, 0x46, 0x21, 0x46, 0x21, 0x46, 0x21, 0x46, 0x21, 0x46, 0x21, 0x46, 0x21, 0x46, 0x21,
  0x46, 0x21, 0x46, 0x21, 0x46, 0x21, 0x46, 0x21, 0x46, 0x21, 0x46, 0x21, 0x46, 0x21, 0x46, 0x21,
  0x46, 0x21, 0x46, 0x21, 0x46, 0x21, 0x46, 0x21, 0x46, 0x21, 0x46, 0x21, 0x46, 0x21, 0x46, 0x21,
  0x46, 0x21, 0x46, 0x21, 0x46, 0x21, 0x46, 0x21, 0x46, 0x21, 0x46, 0x21, 0x46, 0x21, 0x46, 0x21,
  0x46, 0x21, 0x46, 0x21, 0x46, 0x21, 0x46, 0x21, 0x46, 0x21, 0x46, 0x21, 0x46, 0x21, 0x46, 0x21,
  0x46, 0x21, 0x46, 0x21, 0x46, 0x21, 0x46, 0x21, 0x46, 0x21, 0x46, 0x21, 0x46, 0x21, 0x46, 0x21,
  0x46, 0x21, 0x46, 0x21, 0x46, 0x21, 0x46, 0x21, 0x46, 0x21, 0x46, 0x21, 0x46, 0x21, 0x46, 0x21,
  0x46, 0x21, 0x46, 0x21, 0x46, 0x21, 0x46, 0x21, 0x46, 0x21, 0x46, 0x21, 0x46, 0x21, 0x46, 0x21,
  0x46, 0x21, 0x46, 0x21, 0x46, 0x21, 0x46, 0x21, 0x46, 0x21, 0x46, 0x21, 0x46, 0x21, 0x46, 0x21,
  0x46, 0x21, 0x46, 0x21, 0x46, 0x21, 0x46, 0x21, 0x46, 0x21, 0x46, 0x21, 0x46, 0x21, 0x46, 0x21,
  0x46, 0x21, 0x46, 0x21, 0x46, 0x21, 0x46, 0x21, 0x46, 0x21, 0x46, 0x21, 0x46, 0x21, 0x46, 0x21,
  0x46, 0x21, 0x46, 0x21, 0x46, 0x21, 0x46, 0x21, 0x46, 0x21, 0x46, 0x21, 0x46, 0x21, 0x46, 0x21,
  0x46, 0x21, 0x46, 0x21, 0x46, 0x21, 0x46, 0x21, 0x46, 0x21, 0x46, 0x21, 0x46, 0x21, 0x46, 0x21,
  0x46, 0x21, 0x46, 0x21, 0x46, 0x21, 0x46, 0x21, 0x46, 0x21, 0x46, 0x21, 0x46, 0x21, 0x46, 0x21,
  0x46, 0x21, 0x46, 0x21, 0x46, 0x21, 0x46, 0x21, 0x46, 0x21, 0x46, 0x21, 0x46, 0x21, 0x46, 0x21,
  0x46, 0x21, 0x46, 0x21, 0x46, 0x21, 0x46, 0x21, 0x46, 0x21, 0x46, 0x21, 0x46, 0x21, 0x46, 0x21,
  0x46, 0x21, 0x46, 0x21, 0x46, 0x21, 0x46, 0x21, 0x46, 0x21, 0x46, 0x21, 0x46, 0x21, 0x46, 0x21,
  0x46, 0x21, 0x46, 0x21, 0x46, 0x21, 0x46, 0x21, 0x46, 0x21, 0x46, 0x21, 0x46, 0x21, 0x46, 0x21,
  0x46, 0x21, 0x46, 0x21, 0x46, 0x21, 0x46, 0x21, 0x46, 0x21, 0x46, 0x21, 0x46, 0x21, 0x46, 0x21,
  0x46, 0x21, 0x46, 0x21, 0x46, 0x21, 0x46, 0x21, 0x46, 0x21, 0x46, 0x21, 0x46, 0x21, 0x46, 0x21,
  0x46, 0x21, 0x46, 0x21, 0x46, 0x21, 0x46, 0x21, 0x46, 0x21, 0x46, 0x21, 0x46, 0x21, 0x46, 0x21,
  0x46, 0x21, 0x46, 0x21, 0x46, 0x21, 0x46, 0x21, 0x46, 0x21, 0x46, 0x21, 0x46, 0x21, 0x46, 0x21,
  0x46, 0x21, 0x46, 0x21, 0x46, 0x21, 0x46, 0x21, 0x46, 0x21, 0x46, 0x21, 0x46, 0x21, 0x46, 0x21,
  0x46, 0x21, 0x46, 0x21, 0x46, 0x21, 0x46, 0x21, 0x46, 0x21, 0x46, 0x21, 0x46, 0x21, 0x46, 0x21,
  0x46, 0x21, 0x46, 0x21, 0x46, 0x21, 0x46, 0x21, 0x46, 0x21, 0x46, 0x21, 0x46, 0x21, 0x46, 0x21,
  0x46, 0x21, 0x46, 0x21, 0x46, 0x21, 0x46, 0x21, 0x46, 0x21, 0x46, 0x21, 0x46, 0x21, 0x46, 0x21,
  0x46, 0x21, 0x46, 0x21, 0x46, 0x21, 0x46, 0x21, 0x46, 0x21, 0x46, 0x21, 0x46, 0x21, 0x46, 0x21,
  0x46, 0x21, 0x46, 0x21, 0x46, 0x21, 0x46, 0x21, 0x46, 0x21, 0x46, 0x21, 0x46, 0x21, 0x46, 0x21,
  0x46, 0x21, 0x46, 0x21, 0x46, 0x21, 0x46, 0x21, 0x46, 0x21, 0x46, 0x21, 0x46, 0x21, 0x46, 0x21,
  0x46, 0x21, 0x46, 0x21, 0x46, 0x21, 0x46, 0x21, 0x46, 0x21, 0x46, 0x21, 0x46, 0x21, 0x46, 0x21,
  0x46, 0x21, 0x46, 0x21, 0x46, 0x21, 0x46, 0x21, 0x46, 0x21, 0x46, 0x21, 0x46, 0x21, 0x46, 0x21,
  0x46, 0x21, 0x46, 0x21, 0x46, 0x21, 0x46, 0x21, 0x46, 0x21, 0x46, 0x21, 0x46, 0x21, 0x46, 0x21,
  0x46, 0x21, 0x46, 0x21, 0x46, 0x21, 0x46, 0x21, 0x46, 0x21, 0x46, 0x21, 0x46, 0x21, 0x46, 0x21,
  0x46, 0x21, 0x46, 0x21, 0x46, 0x21, 0x46, 0x21, 0x46, 0x21, 0x46, 0x21, 0x46, 0x21, 0x46, 0x21,
  0x46, 0x21, 0x46, 0x21, 0x46, 0x21, 0x46, 0x21, 0x46, 0x21, 0x46, 0x21, 0x46, 0x21, 0x46, 0x21,
  0x46, 0x21, 0x46, 0x21, 0x46, 0x21, 0x46, 0x21, 0x46, 0x21, 0x46, 0x21, 0x46, 0x21, 0x46, 0x21,
  0x46, 0x21, 0x46, 0x21, 0x46, 0x21, 0x46, 0x21, 0x46, 0x21, 0x46, 0x21, 0x46, 0x21, 0x46, 0x21,
  0x46, 0x21, 0x46, 0x21, 0x46, 0x21, 0x46, 0x21, 0x46, 0x21, 0x46, 0x21, 0x46, 0x21, 0x46, 0x21,
  0x46, 0x21, 0x46, 0x21, 0x46, 0x21, 0x46, 0x21, 0x46, 0x21, 0x46, 0x21, 0x46, 0x21, 0x46, 0x21,
  0x46, 0x21, 0x46, 0x21, 0x46, 0x21, 0x46, 0x21, 0x46, 0x21, 0x46, 0x21, 0x46, 0x21, 0x46, 0x21,
  0x46, 0x21, 0x46, 0x21, 0x46, 0x21, 0x46, 0x21, 0x46, 0x21, 0x46, 0x21, 0x46, 0x21, 0x46, 0x21,
  0x46, 0x21, 0x46, 0x21, 0x46, 0x21, 0x46, 0x21, 0x46, 0x21, 0x46, 0x21, 0x46, 0x21, 0x46, 0x21,
  0x46, 0x21, 0x46, 0x21, 0x46, 0x21, 0x46, 0x21, 0x46, 0x21, 0x46, 0x21, 0x46, 0x21, 0x46, 0x21,
  0x46, 0x21, 0x46, 0x21, 0x46, 0x21, 0x46, 0x21, 0x46, 0x21, 0x46, 0x21, 0x46, 0x21, 0x46, 0x21,
  0x46, 0x21, 0x46, 0x21, 0x46, 0x21, 0x46, 0x21, 0x46, 0x21, 0x46, 0x21, 0x46, 0x21, 0x46, 0x21,
  0x46, 0x21, 0x46, 0x21, 0x46, 0x21, 0x46, 0x21, 0x46, 0x21, 0x46, 0x21, 0x46, 0x21, 0x46, 0x21,
  0x46, 0x21, 0x46, 0x21, 0x46, 0x21, 0x46, 0x21, 0x46, 0x21, 0x46, 0x21, 0x46, 0x21, 0x46, 0x21,
  0x46, 0x21, 0x46, 0x21, 0x46, 0x21, 0x46, 0x21, 0x46, 0x21, 0x46, 0x21, 0x46, 0x21, 0x46, 0x21,
  0x46, 0x21, 0x46, 0x21, 0x46, 0x21, 0x46, 0x21, 0x46, 0x21, 0x46, 0x21, 0x46, 0x21, 0x46, 0x21,
  0x46, 0x21, 0x46, 0x21, 0x46, 0x21, 0x46, 0x21, 0x46, 0x21, 0x46, 0x21, 0x46, 0x21, 0x46, 0x21,
  0x46, 0x21, 0x46, 0x21, 0x46, 0x21, 0x46, 0x21, 0x46, 0x21, 0x46, 0x21, 0x46, 0x21, 0x46, 0x21,
  0x46, 0x21, 0x46, 0x21, 0x46, 0x21, 0x46, 0x21, 0x46, 0x21, 0x46, 0x21, 0x46, 0x21, 0x46, 0x21,
  0x46, 0x21, 0x46, 0x21, 0x46, 0x21, 0x46, 0x21, 0x46, 0x21, 0x46, 0x21, 0x46, 0x21, 0x46, 0x21,
  0x46, 0x21, 0x46, 0x21, 0x46, 0x21, 0x46, 0x21, 0x46, 0x21, 0x46, 0x21, 0x46, 0x21, 0x46, 0x21,
  0x46, 0x21, 0x46, 0x21, 0x46, 0x21, 0x46, 0x21, 0x46, 0x21, 0x46, 0x21, 0x46, 0x21, 0x46, 0x21,
  0x46, 0x21, 0x46, 0x21, 0x46, 0x21, 0x46, 0x21, 0x46, 0x21, 0x46, 0x21, 0x46, 0x21, 0x46, 0x21,
  0x46, 0x21, 0x46, 0x21, 0x46, 0x21, 0x46, 0x21, 0x46, 0x21, 0x46, 0x21, 0x46, 0x21, 0x46, 0x21,
  0x46, 0x21, 0x46, 0x21, 0x46, 0x21, 0x46, 0x21, 0x46, 0x21, 0x46, 0x21, 0x46, 0x21, 0x46, 0x21,
  0x46, 0x21, 0x46, 0x21, 0x46, 0x21, 0x46, 0x21, 0x46, 0x21, 0x46, 0x21, 0x46, 0x21, 0x46, 0x21,
  0x46, 0x21, 0x46, 0x21, 0x46, 0x21, 0x46, 0x21, 0x46, 0x21, 0x46, 0x21, 0x46, 0x21, 0x46, 0x21,
  0x46, 0x21, 0x46, 0x21, 0x46, 0x21, 0x46, 0x21, 0x46, 0x21, 0x46, 0x21, 0x46, 0x21, 0x46, 0x21,
  0x46, 0x21, 0x46, 0x21, 0x46, 0x21, 0x46, 0x21, 0x46, 0x21, 0x46, 0x21, 0x46, 0x21, 0x46, 0x21,
  0x46, 0x21, 0x46, 0x21, 0x46, 0x21, 0x46, 0x21, 0x46, 0x21, 0x46, 0x21, 0x46, 0x21, 0x46, 0x21,
  0x46, 0x21, 0x46, 0x21, 0x46, 0x21, 0x46, 0x21, 0x46, 0x21, 0x46, 0x21, 0x46, 0x21, 0x46, 0x21,
  0x46, 0x21, 0x46, 0x21, 0x46, 0x21, 0x46, 0x21, 0x46, 0x21, 0x46, 0x21, 0x46, 0x21, 0x46, 0x21,
  0x46, 0x21, 0x46, 0x21, 0x46, 0x21, 0x46, 0x21, 0x46, 0x21, 0x46, 0x21, 0x46, 0x21, 0x46, 0x21,
  0x46, 0x21, 0x46, 0x21, 0x46, 0x21, 0x46, 0x21, 0x46, 0x21, 0x46, 0x21, 0x46, 0x21, 0x46, 0x21,
  0x46, 0x21, 0x46, 0x21, 0x46, 0x21, 0x46, 0x21, 0x46, 0x21, 0x46, 0x21, 0x46, 0x21, 0x46, 0x21,
  0x46, 0x21, 0x46, 0x21, 0x46, 0x21, 0x46, 0x21, 0x46, 0x21, 0x46, 0x21, 0x46, 0x21, 0x46, 0x21,
  0x46, 0x21, 0x46, 0x21, 0x46, 0x21, 0x46, 0x21, 0x46, 0x21, 0x46, 0x21, 0x46, 0x21, 0x46, 0x21,
  0x46, 0x21, 0x46, 0x21, 0x46, 0x21, 0x46, 0x21, 0x46, 0x21, 0x46, 0x21, 0x46, 0x21, 0x46, 0x21,
  0x46, 0x21, 0x46, 0x21, 0x46, 0x21, 0x46, 0x21, 0x46, 0x21, 0x46, 0x21, 0x46, 0x21, 0x46, 0x21,
  0x46, 0x21, 0x46, 0x21, 0x46, 0x21, 0x46, 0x21, 0x46, 0x21, 0x46, 0x21, 0x46, 0x21, 0x46, 0x21,
  0x46, 0x21, 0x46, 0x21, 0x46, 0x21, 0x46, 0x21, 0x46, 0x21, 0x46, 0x21, 0x66, 0x29, 0x46, 0x21,
  0x46, 0x21, 0x46, 0x21, 0x46, 0x21, 0x46, 0x21, 0x46, 0x21, 0x46, 0x21, 0x46, 0x21, 0x46, 0x21,
  0x46, 0x21, 0x46, 0x21, 0x46, 0x21, 0x46, 0x21, 0x46, 0x21, 0x46, 0x21, 0x46, 0x21, 0x46, 0x21,
  0x46, 0x21, 0x46, 0x21, 0x46, 0x21, 0x46, 0x21, 0x46, 0x21, 0x46, 0x21, 0x46, 0x21, 0x46, 0x21,
  0x46, 0x21, 0x46, 0x21, 0x46, 0x21, 0x46, 0x21, 0x46, 0x21, 0x46, 0x21, 0x46, 0x21, 0x46, 0x21,
  0x46, 0x21, 0x46, 0x21, 0x46, 0x21, 0x46, 0x21, 0x46, 0x21, 0x46, 0x21, 0x46, 0x21, 0x46, 0x21,
  0x46, 0x21, 0x46, 0x21, 0x46, 0x21, 0x46, 0x21, 0x46, 0x21, 0x46, 0x21, 0x46, 0x21, 0x46, 0x21,
  0x46, 0x21, 0x46, 0x21, 0x46, 0x21, 0x46, 0x21, 0x46, 0x21, 0x46, 0x21, 0x46, 0x21, 0x46, 0x21,
  0x46, 0x21, 0x46, 0x21, 0x46, 0x21, 0x46, 0x21, 0x46, 0x21, 0x46, 0x21, 0x46, 0x21, 0x46, 0x21,
  0x46, 0x21, 0x46, 0x21, 0x46, 0x21, 0x46, 0x21, 0x46, 0x21, 0x46, 0x21, 0x46, 0x21, 0x46, 0x21,
  0x46, 0x21, 0x46, 0x21, 0x46, 0x21, 0x46, 0x21, 0x46, 0x21, 0x46, 0x21, 0x46, 0x21, 0x46, 0x21,
  0x46, 0x21, 0x46, 0x21, 0x46, 0x21, 0x46, 0x21, 0x46, 0x21, 0x46, 0x21, 0x46, 0x21, 0x46, 0x21,
  0x46, 0x21, 0x46, 0x21, 0x46, 0x21, 0x46, 0x21, 0x46, 0x21, 0x46, 0x21, 0x46, 0x21, 0x46, 0x21,
  0x46, 0x21, 0x46, 0x21, 0x46, 0x21, 0x46, 0x21, 0x46, 0x21, 0x46, 0x21, 0x46, 0x21, 0x46, 0x21,
  0x46, 0x21, 0x46, 0x21, 0x46, 0x21, 0x46, 0x21, 0x46, 0x21, 0x46, 0x21, 0x46, 0x21, 0x46, 0x21,
  0x46, 0x21, 0x46, 0x21, 0x46, 0x21, 0x46, 0x21, 0x46, 0x21, 0x46, 0x21, 0x46, 0x21, 0x46, 0x21,
  0x46, 0x21, 0x46, 0x21, 0x46, 0x21, 0x46, 0x21, 0x46, 0x21, 0x46, 0x21, 0x46, 0x21, 0x46, 0x21,
  0x46, 0x21, 0x46, 0x21, 0x46, 0x21, 0x46, 0x21, 0x46, 0x21, 0x46, 0x21, 0x46, 0x21, 0x46, 0x21,
  0x46, 0x21, 0x46, 0x21, 0x46, 0x21, 0x46, 0x21, 0x46, 0x21, 0x46, 0x21, 0x46, 0x21, 0x46, 0x21,
  0x46, 0x21, 0x46, 0x21, 0x46, 0x21, 0x46, 0x21, 0x46, 0x21, 0x46, 0x21, 0x46, 0x21, 0x46, 0x21,
  0x46, 0x21, 0x46, 0x21, 0x46, 0x21, 0x46, 0x21, 0x46, 0x21, 0x46, 0x21, 0x46, 0x21, 0x46, 0x21,
  0x46, 0x21, 0x46, 0x21, 0x46, 0x21, 0x46, 0x21, 0x46, 0x21, 0x46, 0x21, 0x46, 0x21, 0x46, 0x21,
  0x46, 0x21, 0x46, 0x21, 0x46, 0x21, 0x46, 0x21, 0x46, 0x21, 0x46, 0x21, 0x46, 0x21, 0x46, 0x21,
  0x46, 0x21, 0x46, 0x21, 0x46, 0x21, 0x46, 0x21, 0x46, 0x21, 0x46, 0x21, 0x46, 0x21, 0x46, 0x21,
  0x46, 0x21, 0x46, 0x21, 0x46, 0x21, 0x46, 0x21, 0x46, 0x21, 0x46, 0x21, 0x46, 0x21, 0x46, 0x21,
  0x46, 0x21, 0x46, 0x21, 0x46, 0x21, 0x46, 0x21, 0x46, 0x21, 0x46, 0x21, 0x46, 0x21, 0x46, 0x21,
  0x46, 0x21, 0x46, 0x21, 0x46, 0x21, 0x46, 0x21, 0x46, 0x21, 0x46, 0x21, 0x46, 0x21, 0x46, 0x21,
  0x46, 0x21, 0x46, 0x21, 0x46, 0x21, 0x46, 0x21, 0x46, 0x21, 0x66, 0x29, 0x46, 0x21, 0x46, 0x21,
  0x46, 0x21, 0x46, 0x21, 0x05, 0x19, 0x26, 0x21, 0x46, 0x21, 0x66, 0x29, 0x46, 0x21, 0x46, 0x21,
  0x46, 0x21, 0x46, 0x21, 0x46, 0x21, 0x46, 0x21, 0x46, 0x21, 0x46, 0x21, 0x46, 0x21, 0x46, 0x21,
  0x46, 0x21, 0x46, 0x21, 0x46, 0x21, 0x46, 0x21, 0x46, 0x21, 0x46, 0x21, 0x46, 0x21, 0x46, 0x21,
  0x46, 0x21, 0x46, 0x21, 0x46, 0x21, 0x46, 0x21, 0x46, 0x21, 0x46, 0x21, 0x46, 0x21, 0x46, 0x21,
  0x46, 0x21, 0x46, 0x21, 0x46, 0x21, 0x46, 0x21, 0x46, 0x21, 0x46, 0x21, 0x46, 0x21, 0x46, 0x21,
  0x46, 0x21, 0x46, 0x21, 0x46, 0x21, 0x46, 0x21, 0x46, 0x21, 0x46, 0x21, 0x46, 0x21, 0x46, 0x21,
  0x46, 0x21, 0x46, 0x21, 0x46, 0x21, 0x46, 0x21, 0x46, 0x21, 0x46, 0x21, 0x46, 0x21, 0x46, 0x21,
  0x46, 0x21, 0x46, 0x21, 0x46, 0x21, 0x46, 0x21, 0x46, 0x21, 0x46, 0x21, 0x46, 0x21, 0x46, 0x21,
  0x46, 0x21, 0x46, 0x21, 0x46, 0x21, 0x46, 0x21, 0x46, 0x21, 0x46, 0x21, 0x46, 0x21, 0x46, 0x21,
  0x46, 0x21, 0x46, 0x21, 0x46, 0x21, 0x46, 0x21, 0x46, 0x21, 0x46, 0x21, 0x46, 0x21, 0x46, 0x21,
  0x46, 0x21, 0x46, 0x21, 0x46, 0x21, 0x46, 0x21, 0x46, 0x21, 0x46, 0x21, 0x46, 0x21, 0x46, 0x21,
  0x46, 0x21, 0x46, 0x21, 0x46, 0x21, 0x46, 0x21, 0x46, 0x21, 0x46, 0x21, 0x46, 0x21, 0x46, 0x21,
  0x46, 0x21, 0x46, 0x21, 0x46, 0x21, 0x46, 0x21, 0x46, 0x21, 0x46, 0x21, 0x46, 0x21, 0x46, 0x21,
  0x46, 0x21, 0x46, 0x21, 0x46, 0x21, 0x46, 0x21, 0x46, 0x21, 0x46, 0x21, 0x46, 0x21, 0x46, 0x21,
  0x46, 0x21, 0x46, 0x21, 0x46, 0x21, 0x46, 0x21, 0x46, 0x21, 0x46, 0x21, 0x46, 0x21, 0x46, 0x21,
  0x46, 0x21, 0x46, 0x21, 0x46, 0x21, 0x46, 0x21, 0x46, 0x21, 0x46, 0x21, 0x46, 0x21, 0x46, 0x21,
  0x46, 0x21, 0x46, 0x21, 0x46, 0x21, 0x46, 0x21, 0x46, 0x21, 0x46, 0x21, 0x46, 0x21, 0x46, 0x21,
  0x46, 0x21, 0x46, 0x21, 0x46, 0x21, 0x46, 0x21, 0x46, 0x21, 0x46, 0x21, 0x46, 0x21, 0x46, 0x21,
  0x46, 0x21, 0x46, 0x21, 0x46, 0x21, 0x46, 0x21, 0x46, 0x21, 0x46, 0x21, 0x46, 0x21, 0x46, 0x21,
  0x46, 0x21, 0x46, 0x21, 0x46, 0x21, 0x46, 0x21, 0x46, 0x21, 0x46, 0x21, 0x46, 0x21, 0x46, 0x21,
  0x46, 0x21, 0x46, 0x21, 0x46, 0x21, 0x46, 0x21, 0x46, 0x21, 0x46, 0x21, 0x46, 0x21, 0x46, 0x21,
  0x46, 0x21, 0x46, 0x21, 0x46, 0x21, 0x46, 0x21, 0x46, 0x21, 0x46, 0x21, 0x46, 0x21, 0x46, 0x21,
  0x46, 0x21, 0x46, 0x21, 0x46, 0x21, 0x46, 0x21, 0x46, 0x21, 0x46, 0x21, 0x46, 0x21, 0x46, 0x21,
  0x46, 0x21, 0x46, 0x21, 0x46, 0x21, 0x46, 0x21, 0x46, 0x21, 0x46, 0x21, 0x46, 0x21, 0x46, 0x21,
  0x46, 0x21, 0x46, 0x21, 0x46, 0x21, 0x46, 0x21, 0x46, 0x21, 0x46, 0x21, 0x46, 0x21, 0x46, 0x21,
  0x46, 0x21, 0x46, 0x21, 0x46, 0x21, 0x46, 0x21, 0x46, 0x21, 0x46, 0x21, 0x46, 0x21, 0x46, 0x21,
  0x46, 0x21, 0x46, 0x21, 0x46, 0x21, 0x46, 0x21, 0x66, 0x29, 0x66, 0x29, 0x46, 0x21, 0x46, 0x21,
  0x05, 0x19, 0x05, 0x19, 0x26, 0x21, 0x46, 0x21, 0x46, 0x21, 0xa8, 0x31, 0x8b, 0x4a, 0x09, 0x3a,
  0x26, 0x21, 0x05, 0x19, 0x05, 0x19, 0x46, 0x21, 0x46, 0x21, 0x66, 0x29, 0x46, 0x21, 0x46, 0x21,
  0x46, 0x21, 0x46, 0x21, 0x46, 0x21, 0x46, 0x21, 0x46, 0x21, 0x46, 0x21, 0x46, 0x21, 0x46, 0x21,
  0x46, 0x21, 0x46, 0x21, 0x46, 0x21, 0x46, 0x21, 0x46, 0x21, 0x46, 0x21, 0x46, 0x21, 0x46, 0x21,
  0x46, 0x21, 0x46, 0x21, 0x46, 0x21, 0x46, 0x21, 0x46, 0x21, 0x46, 0x21, 0x46, 0x21, 0x46, 0x21,
  0x46, 0x21, 0x46, 0x21, 0x46, 0x21, 0x46, 0x21, 0x46, 0x21, 0x46, 0x21, 0x46, 0x21, 0x46, 0x21,
  0x46, 0x21, 0x46, 0x21, 0x46, 0x21, 0x46, 0x21, 0x46, 0x21, 0x46, 0x21, 0x46, 0x21, 0x46, 0x21,
  0x46, 0x21, 0x46, 0x21, 0x46, 0x21, 0x46, 0x21, 0x46, 0x21, 0x46, 0x21, 0x46, 0x21, 0x46, 0x21,
  0x46, 0x21, 0x46, 0x21, 0x46, 0x21, 0x46, 0x21, 0x46, 0x21, 0x46, 0x21, 0x46, 0x21, 0x46, 0x21,
  0x46, 0x21, 0x46, 0x21, 0x46, 0x21, 0x46, 0x21, 0x46, 0x21, 0x46, 0x21, 0x46, 0x21, 0x46, 0x21,
  0x46, 0x21, 0x46, 0x21, 0x46, 0x21, 0x46, 0x21, 0x46, 0x21, 0x46, 0x21, 0x46, 0x21, 0x46, 0x21,
  0x46, 0x21, 0x46, 0x21, 0x46, 0x21, 0x46, 0x21, 0x46, 0x21, 0x46, 0x21, 0x46, 0x21, 0x46, 0x21,
  0x46, 0x21, 0x46, 0x21, 0x46, 0x21, 0x46, 0x21, 0x46, 0x21, 0x46, 0x21, 0x46, 0x21, 0x46, 0x21,
  0x46, 0x21, 0x46, 0x21, 0x46, 0x21, 0x46, 0x21, 0x46, 0x21, 0x46, 0x21, 0x46, 0x21, 0x46, 0x21,
  0x46, 0x21, 0x46, 0x21, 0x46, 0x21, 0x46, 0x21, 0x46, 0x21, 0x46, 0x21, 0x46, 0x21, 0x46, 0x21,
  0x46, 0x21, 0x46, 0x21, 0x46, 0x21, 0x46, 0x21, 0x46, 0x21, 0x46, 0x21, 0x46, 0x21, 0x46, 0x21,
  0x46, 0x21, 0x46, 0x21, 0x46, 0x21, 0x46, 0x21, 0x46, 0x21, 0x46, 0x21, 0x46, 0x21, 0x46, 0x21,
  0x46, 0x21, 0x46, 0x21, 0x46, 0x21, 0x46, 0x21, 0x46, 0x21, 0x46, 0x21, 0x46, 0x21, 0x46, 0x21,
  0x46, 0x21, 0x46, 0x21, 0x46, 0x21, 0x46, 0x21, 0x46, 0x21, 0x46, 0x21, 0x46, 0x21, 0x46, 0x21,
  0x46, 0x21, 0x46, 0x21, 0x46, 0x21, 0x46, 0x21, 0x46, 0x21, 0x46, 0x21, 0x46, 0x21, 0x46, 0x21,
  0x46, 0x21, 0x46, 0x21, 0x46, 0x21, 0x46, 0x21, 0x46, 0x21, 0x46, 0x21, 0x46, 0x21, 0x46, 0x21,
  0x46, 0x21, 0x46, 0x21, 0x46, 0x21, 0x46, 0x21, 0x46, 0x21, 0x46, 0x21, 0x46, 0x21, 0x46, 0x21,
  0x46, 0x21, 0x46, 0x21, 0x46, 0x21, 0x46, 0x21, 0x46, 0x21, 0x46, 0x21, 0x46, 0x21, 0x46, 0x21,
  0x46, 0x21, 0x46, 0x21, 0x46, 0x21, 0x46, 0x21, 0x46, 0x21, 0x46, 0x21, 0x46, 0x21, 0x46, 0x21,
  0x46, 0x21, 0x46, 0x21, 0x46, 0x21, 0x46, 0x21, 0x46, 0x21, 0x46, 0x21, 0x46, 0x21, 0x46, 0x21,
  0x46, 0x21, 0x46, 0x21, 0x46, 0x21, 0x46, 0x21, 0x46, 0x21, 0x46, 0x21, 0x46, 0x21, 0x46, 0x21,
  0x46, 0x21, 0x46, 0x21, 0x66, 0x29, 0x66, 0x29, 0x66, 0x29, 0x46, 0x21, 0x46, 0x21, 0x46, 0x21,
  0x05, 0x19, 0x05, 0x19, 0x26, 0x19, 0x26, 0x21, 0x6a, 0x4a, 0x6a, 0x4a, 0x6a, 0x4a, 0xef, 0x7b,
  0x6d, 0x6b, 0x6d, 0x6b, 0xef, 0x7b, 0xcf, 0x7b, 0x8e, 0x73, 0x6a, 0x4a, 0x4a, 0x42, 0x26, 0x21,
  0x26, 0x21, 0x05, 0x19, 0x46, 0x21, 0x46, 0x21, 0x66, 0x29, 0x46, 0x21, 0x46, 0x21, 0x46, 0x21,
  0x46, 0x21, 0x46, 0x21, 0x46, 0x21, 0x46, 0x21, 0x46, 0x21, 0x46, 0x21, 0x46, 0x21, 0x46, 0x21,
  0x46, 0x21, 0x46, 0x21, 0x46, 0x21, 0x46, 0x21, 0x46, 0x21, 0x46, 0x21, 0x46, 0x21, 0x46, 0x21,
  0x46, 0x21, 0x46, 0x21, 0x46, 0x21, 0x46, 0x21, 0x46, 0x21, 0x46, 0x21, 0x46, 0x21, 0x46, 0x21,
  0x46, 0x21, 0x46, 0x21, 0x46, 0x21, 0x46, 0x21, 0x46, 0x21, 0x46, 0x21, 0x46, 0x21, 0x46, 0x21,
  0x46, 0x21, 0x46, 0x21, 0x46, 0x21, 0x46, 0x21, 0x46, 0x21, 0x46, 0x21, 0x46, 0x21, 0x46, 0x21,
  0x46, 0x21, 0x46, 0x21, 0x46, 0x21, 0x46, 0x21, 0x46, 0x21, 0x46, 0x21, 0x46, 0x21, 0x46, 0x21,
  0x46, 0x21, 0x46, 0x21, 0x46, 0x21, 0x46, 0x21, 0x46, 0x21, 0x46, 0x21, 0x46, 0x21, 0x46, 0x21,
  0x46, 0x21, 0x46, 0x21, 0x46, 0x21, 0x46, 0x21, 0x46, 0x21, 0x46, 0x21, 0x46, 0x21, 0x46, 0x21,
  0x46, 0x21, 0x46, 0x21, 0x46, 0x21, 0x46, 0x21, 0x46, 0x21, 0x46, 0x21, 0x46, 0x21, 0x46, 0x21,
  0x46, 0x21, 0x46, 0x21, 0x46, 0x21, 0x46, 0x21, 0x46, 0x21, 0x46, 0x21, 0x46, 0x21, 0x46, 0x21,
  0x46, 0x21, 0x46, 0x21, 0x46, 0x21, 0x46, 0x21, 0x46, 0x21, 0x46, 0x21, 0x46, 0x21, 0x46, 0x21,
  0x46, 0x21, 0x46, 0x21, 0x46, 0x21, 0x46, 0x21, 0x46, 0x21, 0x46, 0x21, 0x46, 0x21, 0x46, 0x21,
  0x46, 0x21, 0x46, 0x21, 0x46, 0x21, 0x46, 0x21, 0x46, 0x21, 0x46, 0x21, 0x46, 0x21, 0x46, 0x21,
  0x46, 0x21, 0x46, 0x21, 0x46, 0x21, 0x46, 0x21, 0x46, 0x21, 0x46, 0x21, 0x46, 0x21, 0x46, 0x21,
  0x46, 0x21, 0x46, 0x21, 0x46, 0x21, 0x46, 0x21, 0x46, 0x21, 0x46, 0x21, 0x46, 0x21, 0x46, 0x21,
  0x46, 0x21, 0x46, 0x21, 0x46, 0x21, 0x46, 0x21, 0x46, 0x21, 0x46, 0x21, 0x46, 0x21, 0x46, 0x21,
  0x46, 0x21, 0x46, 0x21, 0x46, 0x21, 0x46, 0x21, 0x46, 0x21, 0x46, 0x21, 0x46, 0x21, 0x46, 0x21,
  0x46, 0x21, 0x46, 0x21, 0x46, 0x21, 0x46, 0x21, 0x46, 0x21, 0x46, 0x21, 0x46, 0x21, 0x46, 0x21,
  0x46, 0x21, 0x46, 0x21, 0x46, 0x21, 0x46, 0x21, 0x46, 0x21, 0x46, 0x21, 0x46, 0x21, 0x46, 0x21,
  0x46, 0x21, 0x46, 0x21, 0x46, 0x21, 0x46, 0x21, 0x46, 0x21, 0x46, 0x21, 0x46, 0x21, 0x46, 0x21,
  0x46, 0x21, 0x46, 0x21, 0x46, 0x21, 0x46, 0x21, 0x46, 0x21, 0x46, 0x21, 0x46, 0x21, 0x46, 0x21,
  0x46, 0x21, 0x46, 0x21, 0x46, 0x21, 0x46, 0x21, 0x46, 0x21, 0x46, 0x21, 0x46, 0x21, 0x46, 0x21,
  0x46, 0x21, 0x46, 0x21, 0x46, 0x21, 0x46, 0x21, 0x46, 0x21, 0x46, 0x21, 0x46, 0x21, 0x46, 0x21,
  0x66, 0x29, 0x66, 0x29, 0x46, 0x21, 0x46, 0x21, 0x46, 0x21, 0x26, 0x21, 0x05, 0x19, 0x05, 0x19,
  0x05, 0x19, 0x46, 0x21, 0x66, 0x29, 0x87, 0x29, 0x8b, 0x52, 0xec, 0x5a, 0x29, 0x42, 0xec, 0x5a,
  0xce, 0x7b, 0x0b, 0x63, 0xca, 0x5a, 0x89, 0x4a, 0x69, 0x4a, 0x69, 0x4a, 0x89, 0x4a, 0xcb, 0x5a,
  0x0b, 0x5b, 0xae, 0x73, 0xef, 0x7b, 0xae, 0x73, 0xcc, 0x5a, 0x8b, 0x52, 0x67, 0x29, 0x05, 0x19,
  0x05, 0x19, 0x46, 0x21, 0x46, 0x21, 0x66, 0x29, 0x46, 0x21, 0x46, 0x21, 0x46, 0x21, 0x46, 0x21,
  0x46, 0x21, 0x46, 0x21, 0x46, 0x21, 0x46, 0x21, 0x46, 0x21, 0x46, 0x21, 0x46, 0x21, 0x46, 0x21,
  0x46, 0x21, 0x46, 0x21, 0x46, 0x21, 0x46, 0x21, 0x46, 0x21, 0x46, 0x21, 0x46, 0x21, 0x46, 0x21,
  0x46, 0x21, 0x46, 0x21, 0x46, 0x21, 0x46, 0x21, 0x46, 0x21, 0x46, 0x21, 0x46, 0x21, 0x46, 0x21,
  0x46, 0x21, 0x46, 0x21, 0x46, 0x21, 0x46, 0x21, 0x46, 0x21, 0x46, 0x21, 0x46, 0x21, 0x46, 0x21,
  0x46, 0x21, 0x46, 0x21, 0x46, 0x21, 0x46, 0x21, 0x46, 0x21, 0x46, 0x21, 0x46, 0x21, 0x46, 0x21,
  0x46, 0x21, 0x46, 0x21, 0x46, 0x21, 0x46, 0x21, 0x46, 0x21, 0x46, 0x21, 0x46, 0x21, 0x46, 0x21,
  0x46, 0x21, 0x46, 0x21, 0x46, 0x21, 0x46, 0x21, 0x46, 0x21, 0x46, 0x21, 0x46, 0x21, 0x46, 0x21,
  0x46, 0x21, 0x46, 0x21, 0x46, 0x21, 0x46, 0x21, 0x46, 0x21, 0x46, 0x21, 0x46, 0x21, 0x46, 0x21,
  0x46, 0x21, 0x46, 0x21, 0x46, 0x21, 0x46, 0x21, 0x46, 0x21, 0x46, 0x21, 0x46, 0x21, 0x46, 0x21,
  0x46, 0x21, 0x46, 0x21, 0x46, 0x21, 0x46, 0x21, 0x46, 0x21, 0x46, 0x21, 0x46, 0x21, 0x46, 0x21,
  0x46, 0x21, 0x46, 0x21, 0x46, 0x21, 0x46, 0x21, 0x46, 0x21, 0x46, 0x21, 0x46, 0x21, 0x46, 0x21,
  0x46, 0x21, 0x46, 0x21, 0x46, 0x21, 0x46, 0x21, 0x46, 0x21, 0x46, 0x21, 0x46, 0x21, 0x46, 0x21,
  0x46, 0x21, 0x46, 0x21, 0x46, 0x21, 0x46, 0x21, 0x46, 0x21, 0x46, 0x21, 0x46, 0x21, 0x46, 0x21,
  0x46, 0x21, 0x46, 0x21, 0x46, 0x21, 0x46, 0x21, 0x46, 0x21, 0x46, 0x21, 0x46, 0x21, 0x46, 0x21,
  0x46, 0x21, 0x46, 0x21, 0x46, 0x21, 0x46, 0x21, 0x46, 0x21, 0x46, 0x21, 0x46, 0x21, 0x46, 0x21,
  0x46, 0x21, 0x46, 0x21, 0x46, 0x21, 0x46, 0x21, 0x46, 0x21, 0x46, 0x21, 0x46, 0x21, 0x46, 0x21,
  0x46, 0x21, 0x46, 0x21, 0x46, 0x21, 0x46, 0x21, 0x46, 0x21, 0x46, 0x21, 0x46, 0x21, 0x46, 0x21,
  0x46, 0x21, 0x46, 0x21, 0x46, 0x21, 0x46, 0x21, 0x46, 0x21, 0x46, 0x21, 0x46, 0x21, 0x46, 0x21,
  0x46, 0x21, 0x46, 0x21, 0x46, 0x21, 0x46, 0x21, 0x46, 0x21, 0x46, 0x21, 0x46, 0x21, 0x46, 0x21,
  0x46, 0x21, 0x46, 0x21, 0x46, 0x21, 0x46, 0x21, 0x46, 0x21, 0x46, 0x21, 0x46, 0x21, 0x46, 0x21,
  0x46, 0x21, 0x46, 0x21, 0x46, 0x21, 0x46, 0x21, 0x46, 0x21, 0x46, 0x21, 0x46, 0x21, 0x46, 0x21,
  0x46, 0x21, 0x46, 0x21, 0x46, 0x21, 0x46, 0x21, 0x46, 0x21, 0x66, 0x29, 0x66, 0x29, 0x66, 0x29,
  0x46, 0x21, 0x46, 0x21, 0x46, 0x21, 0x05, 0x19, 0xe5, 0x18, 0x05, 0x19, 0x06, 0x19, 0x67, 0x29,
  0x66, 0x29, 0xc8, 0x31, 0xec, 0x5a, 0xec, 0x5a, 0x29, 0x42, 0x4d, 0x6b, 0x10, 0x84, 0x4d, 0x63,
  0x6d, 0x6b, 0x6c, 0x6b, 0xca, 0x5a, 0xca, 0x5a, 0x49, 0x4a, 0x28, 0x42, 0x69, 0x4a, 0x69, 0x4a,
  0x49, 0x4a, 0x69, 0x4a, 0xaa, 0x52, 0xeb, 0x5a, 0xca, 0x5a, 0xaa, 0x52, 0xca, 0x52, 0xeb, 0x5a,
  0x6d, 0x6b, 0xcf, 0x7b, 0xcf, 0x7b, 0xcb, 0x52, 0xab, 0x52, 0x87, 0x29, 0x26, 0x21, 0x05, 0x19,
  0x46, 0x21, 0x46, 0x21, 0x66, 0x29, 0x46, 0x21, 0x46, 0x21, 0x46, 0x21, 0x46, 0x21, 0x46, 0x21,
  0x46, 0x21, 0x46, 0x21, 0x46, 0x21, 0x46, 0x21, 0x46, 0x21, 0x46, 0x21, 0x46, 0x21, 0x46, 0x21,
  0x46, 0x21, 0x46, 0x21, 0x46, 0x21, 0x46, 0x21, 0x46, 0x21, 0x46, 0x21, 0x46, 0x21, 0x46, 0x21,
  0x46, 0x21, 0x46, 0x21, 0x46, 0x21, 0x46, 0x21, 0x46, 0x21, 0x46, 0x21, 0x46, 0x21, 0x46, 0x21,
  0x46, 0x21, 0x46, 0x21, 0x46, 0x21, 0x46, 0x21, 0x46, 0x21, 0x46, 0x21, 0x46, 0x21, 0x46, 0x21,
  0x46, 0x21, 0x46, 0x21, 0x46, 0x21, 0x46, 0x21, 0x46, 0x21, 0x46, 0x21, 0x46, 0x21, 0x46, 0x21,
  0x46, 0x21, 0x46, 0x21, 0x46, 0x21, 0x46, 0x21, 0x46, 0x21, 0x46, 0x21, 0x46, 0x21, 0x46, 0x21,
  0x46, 0x21, 0x46, 0x21, 0x46, 0x21, 0x46, 0x21, 0x46, 0x21, 0x46, 0x21, 0x46, 0x21, 0x46, 0x21,
  0x46, 0x21, 0x46, 0x21, 0x46, 0x21, 0x46, 0x21, 0x46, 0x21, 0x46, 0x21, 0x46, 0x21, 0x46, 0x21,
  0x46, 0x21, 0x46, 0x21, 0x46, 0x21, 0x46, 0x21, 0x46, 0x21, 0x46, 0x21, 0x46, 0x21, 0x46, 0x21,
  0x46, 0x21, 0x46, 0x21, 0x46, 0x21, 0x46, 0x21, 0x46, 0x21, 0x46, 0x21, 0x46, 0x21, 0x46, 0x21,
  0x46, 0x21, 0x46, 0x21, 0x46, 0x21, 0x46, 0x21, 0x46, 0x21, 0x46, 0x21, 0x46, 0x21, 0x46, 0x21,
  0x46, 0x21, 0x46, 0x21, 0x46, 0x21, 0x46, 0x21, 0x46, 0x21, 0x46, 0x21, 0x46, 0x21, 0x46, 0x21,
  0x46, 0x21, 0x46, 0x21, 0x46, 0x21, 0x46, 0x21, 0x46, 0x21, 0x46, 0x21, 0x46, 0x21, 0x46, 0x21,
  0x46, 0x21, 0x46, 0x21, 0x46, 0x21, 0x46, 0x21, 0x46, 0x21, 0x46, 0x21, 0x46, 0x21, 0x46, 0x21,
  0x46, 0x21, 0x46, 0x21, 0x46, 0x21, 0x46, 0x21, 0x46, 0x21, 0x46, 0x21, 0x46, 0x21, 0x46, 0x21,
  0x46, 0x21, 0x46, 0x21, 0x46, 0x21, 0x46, 0x21, 0x46, 0x21, 0x46, 0x21, 0x46, 0x21, 0x46, 0x21,
  0x46, 0x21, 0x46, 0x21, 0x46, 0x21, 0x46, 0x21, 0x46, 0x21, 0x46, 0x21, 0x46, 0x21, 0x46, 0x21,
  0x46, 0x21, 0x46, 0x21, 0x46, 0x21, 0x46, 0x21, 0x46, 0x21, 0x46, 0x21, 0x46, 0x21, 0x46, 0x21,
  0x46, 0x21, 0x46, 0x21, 0x46, 0x21, 0x46, 0x21, 0x46, 0x21, 0x46, 0x21, 0x46, 0x21, 0x46, 0x21,
  0x46, 0x21, 0x46, 0x21, 0x46, 0x21, 0x46, 0x21, 0x46, 0x21, 0x46, 0x21, 0x46, 0x21, 0x46, 0x21,
  0x46, 0x21, 0x46, 0x21, 0x46, 0x21, 0x66, 0x29, 0x66, 0x29, 0x66, 0x29, 0x46, 0x21, 0x26, 0x21,
  0x46, 0x21, 0x05, 0x19, 0xe5, 0x18, 0x05, 0x19, 0x26, 0x21, 0x87, 0x29, 0x67, 0x29, 0x6a, 0x4a,
  0x4d, 0x63, 0xcc, 0x5a, 0x6a, 0x4a, 0xef, 0x7b, 0xae, 0x73, 0x4c, 0x63, 0x8d, 0x73, 0x4c, 0x6b,
  0xeb, 0x5a, 0x89, 0x4a, 0x49, 0x4a, 0x49, 0x4a, 0x08, 0x42, 0x08, 0x42, 0x08, 0x42, 0xe7, 0x39,
  0x8a, 0x52, 0x69, 0x4a, 0x69, 0x4a, 0x69, 0x4a, 0x69, 0x4a, 0x69, 0x4a, 0x8a, 0x52, 0xeb, 0x5a,
  0xeb, 0x5a, 0xeb, 0x5a, 0xeb, 0x5a, 0xcb, 0x5a, 0xaa, 0x52, 0xaa, 0x52, 0xcb, 0x5a, 0x4c, 0x6b,
  0xce, 0x73, 0xae, 0x73, 0x0c, 0x63, 0xcb, 0x52, 0x87, 0x29, 0x26, 0x21, 0xe5, 0x18, 0x26, 0x21,
  0x46, 0x21, 0x66, 0x29, 0x46, 0x21, 0x46, 0x21, 0x46, 0x21, 0x46, 0x21, 0x46, 0x21, 0x46, 0x21,
  0x46, 0x21, 0x46, 0x21, 0x46, 0x21, 0x46, 0x21, 0x46, 0x21, 0x46, 0x21, 0x46, 0x21, 0x46, 0x21,
  0x46, 0x21, 0x46, 0x21, 0x46, 0x21, 0x46, 0x21, 0x46, 0x21, 0x46, 0x21, 0x46, 0x21, 0x46, 0x21,
  0x46, 0x21, 0x46, 0x21, 0x46, 0x21, 0x46, 0x21, 0x46, 0x21, 0x46, 0x21, 0x46, 0x21, 0x46, 0x21,
  0x46, 0x21, 0x46, 0x21, 0x46, 0x21, 0x46, 0x21, 0x46, 0x21, 0x46, 0x21, 0x46, 0x21, 0x46, 0x21,
  0x46, 0x21, 0x46, 0x21, 0x46, 0x21, 0x46, 0x21, 0x46, 0x21, 0x46, 0x21, 0x46, 0x21, 0x46, 0x21,
  0x46, 0x21, 0x46, 0x21, 0x46, 0x21, 0x46, 0x21, 0x46, 0x21, 0x46, 0x21, 0x46, 0x21, 0x46, 0x21,
  0x46, 0x21, 0x46, 0x21, 0x46, 0x21, 0x46, 0x21, 0x46, 0x21, 0x46, 0x21, 0x46, 0x21, 0x46, 0x21,
  0x46, 0x21, 0x46, 0x21, 0x46, 0x21, 0x46, 0x21, 0x46, 0x21, 0x46, 0x21, 0x46, 0x21, 0x46, 0x21,
  0x46, 0x21, 0x46, 0x21, 0x46, 0x21, 0x46, 0x21, 0x46, 0x21, 0x46, 0x21, 0x46, 0x21, 0x46, 0x21,
  0x46, 0x21, 0x46, 0x21, 0x46, 0x21, 0x46, 0x21, 0x46, 0x21, 0x46, 0x21, 0x46, 0x21, 0x46, 0x21,
  0x46, 0x21, 0x46, 0x21, 0x46, 0x21, 0x46, 0x21, 0x46, 0x21, 0x46, 0x21, 0x46, 0x21, 0x46, 0x21,
  0x46, 0x21, 0x46, 0x21, 0x46, 0x21, 0x46, 0x21, 0x46, 0x21, 0x46, 0x21, 0x46, 0x21, 0x46, 0x21,
  0x46, 0x21, 0x46, 0x21, 0x46, 0x21, 0x46, 0x21, 0x46, 0x21, 0x46, 0x21, 0x46, 0x21, 0x46, 0x21,
  0x46, 0x21, 0x46, 0x21, 0x46, 0x21, 0x46, 0x21, 0x46, 0x21, 0x46, 0x21, 0x46, 0x21, 0x46, 0x21,
  0x46, 0x21, 0x46, 0x21, 0x46, 0x21, 0x46, 0x21, 0x46, 0x21, 0x46, 0x21, 0x46, 0x21, 0x46, 0x21,
  0x46, 0x21, 0x46, 0x21, 0x46, 0x21, 0x46, 0x21, 0x46, 0x21, 0x46, 0x21, 0x46, 0x21, 0x46, 0x21,
  0x46, 0x21, 0x46, 0x21, 0x46, 0x21, 0x46, 0x21, 0x46, 0x21, 0x46, 0x21, 0x46, 0x21, 0x46, 0x21,
  0x46, 0x21, 0x46, 0x21, 0x46, 0x21, 0x46, 0x21, 0x46, 0x21, 0x46, 0x21, 0x46, 0x21, 0x46, 0x21,
  0x46, 0x21, 0x46, 0x21, 0x46, 0x21, 0x46, 0x21, 0x46, 0x21, 0x46, 0x21, 0x46, 0x21, 0x46, 0x21,
  0x46, 0x21, 0x66, 0x29, 0x66, 0x29, 0x46, 0x21, 0x26, 0x21, 0x46, 0x21, 0x05, 0x19, 0xe5, 0x18,
  0x05, 0x19, 0x05, 0x19, 0x67, 0x29, 0x87, 0x31, 0x87, 0x29, 0xcc, 0x5a, 0x4d, 0x63, 0xab, 0x52,
  0x8b, 0x52, 0x30, 0x84, 0x8d, 0x6b, 0x6d, 0x6b, 0x8d, 0x73, 0x2c, 0x63, 0xea, 0x5a, 0x69, 0x4a,
  0x48, 0x42, 0x28, 0x42, 0x08, 0x3a, 0x08, 0x42, 0x28, 0x42, 0x28, 0x42, 0x48, 0x42, 0x49, 0x4a,
  0x49, 0x4a, 0x49, 0x42, 0x48, 0x42, 0xe8, 0x41, 0x6a, 0x4a, 0x49, 0x4a, 0x69, 0x4a, 0x69, 0x4a,
  0x69, 0x4a, 0x69, 0x4a, 0x69, 0x4a, 0xeb, 0x5a, 0xeb, 0x5a, 0xeb, 0x5a, 0xeb, 0x5a, 0xcb, 0x5a,
  0xcb, 0x5a, 0xeb, 0x5a, 0xcb, 0x5a, 0xaa, 0x52, 0xaa, 0x52, 0xeb, 0x5a, 0x2c, 0x63, 0x8d, 0x73,
  0xae, 0x73, 0x0c, 0x63, 0xec, 0x5a, 0xe8, 0x39, 0x46, 0x21, 0x05, 0x19, 0x26, 0x21, 0x46, 0x21,
  0x66, 0x29, 0x46, 0x21, 0x46, 0x21, 0x46, 0x21, 0x46, 0x21, 0x46, 0x21, 0x46, 0x21, 0x46, 0x21,
  0x46, 0x21, 0x46, 0x21, 0x46, 0x21, 0x46, 0x21, 0x46, 0x21, 0x46, 0x21, 0x46, 0x21, 0x46, 0x21,
  0x46, 0x21, 0x46, 0x21, 0x46, 0x21, 0x46, 0x21, 0x46, 0x21, 0x46, 0x21, 0x46, 0x21, 0x46, 0x21,
  0x46, 0x21, 0x46, 0x21, 0x46, 0x21, 0x46, 0x21, 0x46, 0x21, 0x46, 0x21, 0x46, 0x21, 0x46, 0x21,
  0x46, 0x21, 0x46, 0x21, 0x46, 0x21, 0x46, 0x21, 0x46, 0x21, 0x46, 0x21, 0x46, 0x21, 0x46, 0x21,
  0x46, 0x21, 0x46, 0x21, 0x46, 0x21, 0x46, 0x21, 0x46, 0x21, 0x46, 0x21, 0x46, 0x21, 0x46, 0x21,
  0x46, 0x21, 0x46, 0x21, 0x46, 0x21, 0x46, 0x21, 0x46, 0x21, 0x46, 0x21, 0x46, 0x21, 0x46, 0x21,
  0x46, 0x21, 0x46, 0x21, 0x46, 0x21, 0x46, 0x21, 0x46, 0x21, 0x46, 0x21, 0x46, 0x21, 0x46, 0x21,
  0x46, 0x21, 0x46, 0x21, 0x46, 0x21, 0x46, 0x21, 0x46, 0x21, 0x46, 0x21, 0x46, 0x21, 0x46, 0x21,
  0x46, 0x21, 0x46, 0x21, 0x46, 0x21, 0x46, 0x21, 0x46, 0x21, 0x46, 0x21, 0x46, 0x21, 0x46, 0x21,
  0x46, 0x21, 0x46, 0x21, 0x46, 0x21, 0x46, 0x21, 0x46, 0x21, 0x46, 0x21, 0x46, 0x21, 0x46, 0x21,
  0x46, 0x21, 0x46, 0x21, 0x46, 0x21, 0x46, 0x21, 0x46, 0x21, 0x46, 0x21, 0x46, 0x21, 0x46, 0x21,
  0x46, 0x21, 0x46, 0x21, 0x46, 0x21, 0x46, 0x21, 0x46, 0x21, 0x46, 0x21, 0x46, 0x21, 0x46, 0x21,
  0x46, 0x21, 0x46, 0x21, 0x46, 0x21, 0x46, 0x21, 0x46, 0x21, 0x46, 0x21, 0x46, 0x21, 0x46, 0x21,
  0x46, 0x21, 0x46, 0x21, 0x46, 0x21, 0x46, 0x21, 0x46, 0x21, 0x46, 0x21, 0x46, 0x21, 0x46, 0x21,
  0x46, 0x21, 0x46, 0x21, 0x46, 0x21, 0x46, 0x21, 0x46, 0x21, 0x46, 0x21, 0x46, 0x21, 0x46, 0x21,
  0x46, 0x21, 0x46, 0x21, 0x46, 0x21, 0x46, 0x21, 0x46, 0x21, 0x46, 0x21, 0x46, 0x21, 0x46, 0x21,
  0x46, 0x21, 0x46, 0x21, 0x46, 0x21, 0x46, 0x21, 0x46, 0x21, 0x46, 0x21, 0x46, 0x21, 0x46, 0x21,
  0x46, 0x21, 0x46, 0x21, 0x46, 0x21, 0x46, 0x21, 0x46, 0x21, 0x46, 0x21, 0x66, 0x29, 0x66, 0x29,
  0x66, 0x29, 0x46, 0x21, 0x26, 0x21, 0x46, 0x21, 0x05, 0x19, 0xe5, 0x18, 0x05, 0x19, 0x46, 0x21,
  0xa8, 0x31, 0x87, 0x29, 0x8b, 0x4a, 0x8e, 0x6b, 0x0c, 0x63, 0x8a, 0x4a, 0xae, 0x73, 0x0f, 0x84,
  0x4c, 0x6b, 0x6d, 0x6b, 0x6d, 0x6b, 0x0b, 0x5b, 0xca, 0x5a, 0x69, 0x4a, 0x69, 0x4a, 0x48, 0x42,
  0x28, 0x42, 0x28, 0x42, 0x28, 0x42, 0x49, 0x42, 0x49, 0x4a, 0x49, 0x4a, 0x69, 0x4a, 0x49, 0x4a,
  0x69, 0x4a, 0x49, 0x4a, 0x69, 0x4a, 0x69, 0x4a, 0x69, 0x4a, 0x69, 0x4a, 0x69, 0x4a, 0xe8, 0x39,
  0x8a, 0x4a, 0x69, 0x4a, 0x69, 0x4a, 0x69, 0x4a, 0x69, 0x4a, 0x69, 0x4a, 0x69, 0x4a, 0xcb, 0x5a,
  0xeb, 0x5a, 0xeb, 0x5a, 0xeb, 0x5a, 0xcb, 0x5a, 0xca, 0x5a, 0xeb, 0x5a, 0xcb, 0x5a, 0xcb, 0x5a,
  0xcb, 0x5a, 0xcb, 0x5a, 0xca, 0x5a, 0xaa, 0x52, 0xea, 0x5a, 0x2c, 0x63, 0xae, 0x73, 0xcf, 0x7b,
  0x8e, 0x73, 0x0c, 0x5b, 0x09, 0x3a, 0x46, 0x21, 0xe5, 0x18, 0x26, 0x21, 0x46, 0x21, 0x66, 0x29,
  0x46, 0x21, 0x46, 0x21, 0x46, 0x21, 0x46, 0x21, 0x46, 0x21, 0x46, 0x21, 0x46, 0x21, 0x46, 0x21,
  0x46, 0x21, 0x46, 0x21, 0x46, 0x21, 0x46, 0x21, 0x46, 0x21, 0x46, 0x21, 0x46, 0x21, 0x46, 0x21,
  0x46, 0x21, 0x46, 0x21, 0x46, 0x21, 0x46, 0x21, 0x46, 0x21, 0x46, 0x21, 0x46, 0x21, 0x46, 0x21,
  0x46, 0x21, 0x46, 0x21, 0x46, 0x21, 0x46, 0x21, 0x46, 0x21, 0x46, 0x21, 0x46, 0x21, 0x46, 0x21,
  0x46, 0x21, 0x46, 0x21, 0x46, 0x21, 0x46, 0x21, 0x46, 0x21, 0x46, 0x21, 0x46, 0x21, 0x46, 0x21,
  0x46, 0x21, 0x46, 0x21, 0x46, 0x21, 0x46, 0x21, 0x46, 0x21, 0x46, 0x21, 0x46, 0x21, 0x46, 0x21,
  0x46, 0x21, 0x46, 0x21, 0x46, 0x21, 0x46, 0x21, 0x46, 0x21, 0x46, 0x21, 0x46, 0x21, 0x46, 0x21,
  0x46, 0x21, 0x46, 0x21, 0x46, 0x21, 0x46, 0x21, 0x46, 0x21, 0x46, 0x21, 0x46, 0x21, 0x46, 0x21,
  0x46, 0x21, 0x46, 0x21, 0x46, 0x21, 0x46, 0x21, 0x46, 0x21, 0x46, 0x21, 0x46, 0x21, 0x46, 0x21,
  0x46, 0x21, 0x46, 0x21, 0x46, 0x21, 0x46, 0x21, 0x46, 0x21, 0x46, 0x21, 0x46, 0x21, 0x46, 0x21,
  0x46, 0x21, 0x46, 0x21, 0x46, 0x21, 0x46, 0x21, 0x46, 0x21, 0x46, 0x21, 0x46, 0x21, 0x46, 0x21,
  0x46, 0x21, 0x46, 0x21, 0x46, 0x21, 0x46, 0x21, 0x46, 0x21, 0x46, 0x21, 0x46, 0x21, 0x46, 0x21,
  0x46, 0x21, 0x46, 0x21, 0x46, 0x21, 0x46, 0x21, 0x46, 0x21, 0x46, 0x21, 0x46, 0x21, 0x46, 0x21,
  0x46, 0x21, 0x46, 0x21, 0x46, 0x21, 0x46, 0x21, 0x46, 0x21, 0x46, 0x21, 0x46, 0x21, 0x46, 0x21,
  0x46, 0x21, 0x46, 0x21, 0x46, 0x21, 0x46, 0x21, 0x46, 0x21, 0x46, 0x21, 0x46, 0x21, 0x46, 0x21,
  0x46, 0x21, 0x46, 0x21, 0x46, 0x21, 0x46, 0x21, 0x46, 0x21, 0x46, 0x21, 0x46, 0x21, 0x46, 0x21,
  0x46, 0x21, 0x46, 0x21, 0x46, 0x21, 0x46, 0x21, 0x46, 0x21, 0x46, 0x21, 0x46, 0x21, 0x46, 0x21,
  0x46, 0x21, 0x46, 0x21, 0x46, 0x21, 0x46, 0x21, 0x66, 0x29, 0x66, 0x29, 0x46, 0x21, 0x26, 0x21,
  0x26, 0x21, 0x26, 0x21, 0x05, 0x19, 0x05, 0x19, 0x05, 0x19, 0x87, 0x29, 0xc8, 0x31, 0x87, 0x29,
  0x8b, 0x4a, 0x8e, 0x73, 0xeb, 0x5a, 0x4d, 0x6b, 0x30, 0x84, 0xae, 0x73, 0x6d, 0x73, 0x8d, 0x73,
  0x2c, 0x63, 0xeb, 0x5a, 0x8a, 0x52, 0x49, 0x4a, 0x49, 0x4a, 0x48, 0x4a, 0x28, 0x42, 0x49, 0x4a,
  0x69, 0x4a, 0x69, 0x4a, 0x69, 0x4a, 0x69, 0x4a, 0x69, 0x4a, 0x69, 0x4a, 0x69, 0x4a, 0x69, 0x4a,
  0x69, 0x4a, 0x89, 0x4a, 0x8a, 0x52, 0x8a, 0x4a, 0x89, 0x4a, 0x69, 0x4a, 0x49, 0x4a, 0x28, 0x42,
  0xe8, 0x39, 0xc7, 0x39, 0xa7, 0x31, 0xc7, 0x31, 0x8a, 0x4a, 0x69, 0x4a, 0x69, 0x4a, 0x69, 0x4a,
  0x69, 0x4a, 0x49, 0x4a, 0x69, 0x4a, 0xcb, 0x5a, 0xeb, 0x5a, 0xeb, 0x5a, 0xeb, 0x5a, 0xeb, 0x5a,
  0xcb, 0x5a, 0xcb, 0x5a, 0xeb, 0x5a, 0xcb, 0x5a, 0xcb, 0x5a, 0xcb, 0x5a, 0xcb, 0x5a, 0xeb, 0x5a,
  0xeb, 0x5a, 0xca, 0x5a, 0xaa, 0x52, 0xca, 0x5a, 0x0b, 0x63, 0x8d, 0x73, 0xce, 0x7b, 0x8e, 0x6b,
  0x0c, 0x63, 0xe9, 0x39, 0x87, 0x29, 0x05, 0x19, 0x05, 0x19, 0x26, 0x21, 0x66, 0x29, 0x46, 0x21,
  0x46, 0x21, 0x46, 0x21, 0x46, 0x21, 0x46, 0x21, 0x46, 0x21, 0x46, 0x21, 0x46, 0x21, 0x46, 0x21,
  0x46, 0x21, 0x46, 0x21, 0x46, 0x21, 0x46, 0x21, 0x46, 0x21, 0x46, 0x21, 0x46, 0x21, 0x46, 0x21,
  0x46, 0x21, 0x46, 0x21, 0x46, 0x21, 0x46, 0x21, 0x46, 0x21, 0x46, 0x21, 0x46, 0x21, 0x46, 0x21,
  0x46, 0x21, 0x46, 0x21, 0x46, 0x21, 0x46, 0x21, 0x46, 0x21, 0x46, 0x21, 0x46, 0x21, 0x46, 0x21,
  0x46, 0x21, 0x46, 0x21, 0x46, 0x21, 0x46, 0x21, 0x46, 0x21, 0x46, 0x21, 0x46, 0x21, 0x46, 0x21,
  0x46, 0x21, 0x46, 0x21, 0x46, 0x21, 0x46, 0x21, 0x46, 0x21, 0x46, 0x21, 0x46, 0x21, 0x46, 0x21,
  0x46, 0x21, 0x46, 0x21, 0x46, 0x21, 0x46, 0x21, 0x46, 0x21, 0x46, 0x21, 0x46, 0x21, 0x46, 0x21,
  0x46, 0x21, 0x46, 0x21, 0x46, 0x21, 0x46, 0x21, 0x46, 0x21, 0x46, 0x21, 0x46, 0x21, 0x46, 0x21,
  0x46, 0x21, 0x46, 0x21, 0x46, 0x21, 0x46, 0x21, 0x46, 0x21, 0x46, 0x21, 0x46, 0x21, 0x46, 0x21,
  0x46, 0x21, 0x46, 0x21, 0x46, 0x21, 0x46, 0x21, 0x46, 0x21, 0x46, 0x21, 0x46, 0x21, 0x46, 0x21,
  0x46, 0x21, 0x46, 0x21, 0x46, 0x21, 0x46, 0x21, 0x46, 0x21, 0x46, 0x21, 0x46, 0x21, 0x46, 0x21,
  0x46, 0x21, 0x46, 0x21, 0x46, 0x21, 0x46, 0x21, 0x46, 0x21, 0x46, 0x21, 0x46, 0x21, 0x46, 0x21,
  0x46, 0x21, 0x46, 0x21, 0x46, 0x21, 0x46, 0x21, 0x46, 0x21, 0x46, 0x21, 0x46, 0x21, 0x46, 0x21,
  0x46, 0x21, 0x46, 0x21, 0x46, 0x21, 0x46, 0x21, 0x46, 0x21, 0x46, 0x21, 0x46, 0x21, 0x46, 0x21,
  0x46, 0x21, 0x46, 0x21, 0x46, 0x21, 0x46, 0x21, 0x46, 0x21, 0x46, 0x21, 0x46, 0x21, 0x46, 0x21,
  0x46, 0x21, 0x46, 0x21, 0x46, 0x21, 0x46, 0x21, 0x46, 0x21, 0x46, 0x21, 0x46, 0x21, 0x46, 0x21,
  0x46, 0x21, 0x46, 0x21, 0x66, 0x29, 0x66, 0x29, 0x46, 0x21, 0x26, 0x21, 0x26, 0x21, 0x26, 0x21,
  0x05, 0x19, 0x05, 0x19, 0x26, 0x21, 0xa8, 0x31, 0xe8, 0x39, 0xa7, 0x31, 0xec, 0x5a, 0x8e, 0x6b,
  0xeb, 0x5a, 0x8e, 0x73, 0x30, 0x84, 0x6d, 0x6b, 0x4c, 0x6b, 0x6c, 0x6b, 0x0b, 0x63, 0xaa, 0x52,
  0x69, 0x4a, 0x69, 0x4a, 0x49, 0x4a, 0x48, 0x4a, 0x49, 0x4a, 0x69, 0x4a, 0x69, 0x4a, 0x69, 0x4a,
  0x69, 0x4a, 0x6a, 0x4a, 0x8a, 0x52, 0x8a, 0x52, 0x8a, 0x52, 0x8a, 0x52, 0x89, 0x52, 0x8a, 0x52,
  0x8a, 0x52, 0x8a, 0x4a, 0x69, 0x4a, 0x49, 0x4a, 0x28, 0x42, 0x08, 0x3a, 0xc7, 0x31, 0x86, 0x31,
  0x45, 0x29, 0x04, 0x21, 0xe4, 0x18, 0xa3, 0x10, 0x83, 0x10, 0x62, 0x08, 0x42, 0x08, 0x25, 0x21,
  0x8a, 0x52, 0x69, 0x4a, 0x69, 0x4a, 0x69, 0x4a, 0x69, 0x4a, 0x49, 0x4a, 0x49, 0x4a, 0xcb, 0x5a,
  0xeb, 0x5a, 0xeb, 0x5a, 0xeb, 0x5a, 0xeb, 0x5a, 0xeb, 0x5a, 0xeb, 0x5a, 0xeb, 0x5a, 0xeb, 0x5a,
  0xeb, 0x5a, 0xeb, 0x5a, 0xcb, 0x5a, 0xeb, 0x5a, 0xeb, 0x5a, 0xeb, 0x5a, 0xeb, 0x5a, 0xeb, 0x5a,
  0xeb, 0x5a, 0xca, 0x52, 0xeb, 0x5a, 0x0b, 0x63, 0x8d, 0x73, 0xae, 0x73, 0x0f, 0x7c, 0x2d, 0x63,
  0x8a, 0x4a, 0x87, 0x29, 0x05, 0x19, 0x25, 0x21, 0x26, 0x21, 0x46, 0x21, 0x66, 0x29, 0x46, 0x21,
  0x46, 0x21, 0x46, 0x21, 0x46, 0x21, 0x46, 0x21, 0x46, 0x21, 0x46, 0x21, 0x46, 0x21, 0x46, 0x21,
  0x46, 0x21, 0x46, 0x21, 0x46, 0x21, 0x46, 0x21, 0x46, 0x21, 0x46, 0x21, 0x46, 0x21, 0x46, 0x21,
  0x46, 0x21, 0x46, 0x21, 0x46, 0x21, 0x46, 0x21, 0x46, 0x21, 0x46, 0x21, 0x46, 0x21, 0x46, 0x21,
  0x46, 0x21, 0x46, 0x21, 0x46, 0x21, 0x46, 0x21, 0x46, 0x21, 0x46, 0x21, 0x46, 0x21, 0x46, 0x21,
  0x46, 0x21, 0x46, 0x21, 0x46, 0x21, 0x46, 0x21, 0x46, 0x21, 0x46, 0x21, 0x46, 0x21, 0x46, 0x21,
  0x46, 0x21, 0x46, 0x21, 0x46, 0x21, 0x46, 0x21, 0x46, 0x21, 0x46, 0x21, 0x46, 0x21, 0x46, 0x21,
  0x46, 0x21, 0x46, 0x21, 0x46, 0x21, 0x46, 0x21, 0x46, 0x21, 0x46, 0x21, 0x46, 0x21, 0x46, 0x21,
  0x46, 0x21, 0x46, 0x21, 0x46, 0x21, 0x46, 0x21, 0x46, 0x21, 0x46, 0x21, 0x46, 0x21, 0x46, 0x21,
  0x46, 0x21, 0x46, 0x21, 0x46, 0x21, 0x46, 0x21, 0x46, 0x21, 0x46, 0x21, 0x46, 0x21, 0x46, 0x21,
  0x46, 0x21, 0x46, 0x21, 0x46, 0x21, 0x46, 0x21, 0x46, 0x21, 0x46, 0x21, 0x46, 0x21, 0x46, 0x21,
  0x46, 0x21, 0x46, 0x21, 0x46, 0x21, 0x46, 0x21, 0x46, 0x21, 0x46, 0x21, 0x46, 0x21, 0x46, 0x21,
  0x46, 0x21, 0x46, 0x21, 0x46, 0x21, 0x46, 0x21, 0x46, 0x21, 0x46, 0x21, 0x46, 0x21, 0x46, 0x21,
  0x46, 0x21, 0x46, 0x21, 0x46, 0x21, 0x46, 0x21, 0x46, 0x21, 0x46, 0x21, 0x46, 0x21, 0x46, 0x21,
  0x46, 0x21, 0x46, 0x21, 0x46, 0x21, 0x46, 0x21, 0x46, 0x21, 0x46, 0x21, 0x46, 0x21, 0x46, 0x21,
  0x46, 0x21, 0x46, 0x21, 0x46, 0x21, 0x46, 0x21, 0x46, 0x21, 0x46, 0x21, 0x46, 0x21, 0x46, 0x21,
  0x46, 0x21, 0x46, 0x21, 0x46, 0x21, 0x46, 0x21, 0x46, 0x21, 0x26, 0x21, 0x05, 0x19, 0x05, 0x19,
  0x46, 0x21, 0xe8, 0x39, 0xe8, 0x39, 0x09, 0x3a, 0x8e, 0x73, 0x6e, 0x6b, 0x0c, 0x63, 0xcf, 0x7b,
  0x0f, 0x84, 0x6c, 0x6b, 0x4c, 0x6b, 0x2c, 0x63, 0xeb, 0x5a, 0xaa, 0x52, 0x69, 0x4a, 0x69, 0x4a,
  0x49, 0x4a, 0x49, 0x4a, 0x69, 0x4a, 0x69, 0x4a, 0x89, 0x52, 0x89, 0x52, 0x8a, 0x52, 0x8a, 0x52,
  0x8a, 0x52, 0xaa, 0x52, 0xaa, 0x52, 0x8a, 0x52, 0xaa, 0x52, 0xaa, 0x52, 0x8a, 0x52, 0x69, 0x4a,
  0x49, 0x4a, 0x28, 0x42, 0xe7, 0x39, 0xc7, 0x31, 0x86, 0x29, 0x45, 0x21, 0x04, 0x21, 0xc4, 0x18,
  0x83, 0x10, 0x62, 0x08, 0x42, 0x08, 0x21, 0x00, 0x21, 0x00, 0x21, 0x00, 0x21, 0x00, 0x21, 0x00,
  0x21, 0x00, 0x42, 0x00, 0x01, 0x00, 0xe4, 0x18, 0x8a, 0x52, 0x69, 0x4a, 0x69, 0x4a, 0x69, 0x4a,
  0x69, 0x4a, 0x49, 0x4a, 0x69, 0x4a, 0xcb, 0x5a, 0xeb, 0x5a, 0xeb, 0x5a, 0xeb, 0x5a, 0xeb, 0x5a,
  0xeb, 0x5a, 0xeb, 0x5a, 0xeb, 0x5a, 0xeb, 0x5a, 0xeb, 0x5a, 0xeb, 0x5a, 0xeb, 0x5a, 0xeb, 0x5a,
  0xeb, 0x5a, 0xeb, 0x5a, 0xeb, 0x5a, 0xeb, 0x5a, 0xeb, 0x5a, 0xeb, 0x5a, 0xeb, 0x5a, 0xeb, 0x5a,
  0xeb, 0x5a, 0xeb, 0x5a, 0x0b, 0x63, 0x6d, 0x73, 0xce, 0x7b, 0xcf, 0x7b, 0x4d, 0x6b, 0x8b, 0x4a,
  0xa8, 0x31, 0x46, 0x21, 0x05, 0x19, 0x26, 0x21, 0x46, 0x21, 0x66, 0x29, 0x46, 0x21, 0x46, 0x21,
  0x46, 0x21, 0x46, 0x21, 0x46, 0x21, 0x46, 0x21, 0x46, 0x21, 0x46, 0x21, 0x46, 0x21, 0x46, 0x21,
  0x46, 0x21, 0x46, 0x21, 0x46, 0x21, 0x46, 0x21, 0x46, 0x21, 0x46, 0x21, 0x46, 0x21, 0x46, 0x21,
  0x46, 0x21, 0x46, 0x21, 0x46, 0x21, 0x46, 0x21, 0x46, 0x21, 0x46, 0x21, 0x46, 0x21, 0x46, 0x21,
  0x46, 0x21, 0x46, 0x21, 0x46, 0x21, 0x46, 0x21, 0x46, 0x21, 0x46, 0x21, 0x46, 0x21, 0x46, 0x21,
  0x46, 0x21, 0x46, 0x21, 0x46, 0x21, 0x46, 0x21, 0x46, 0x21, 0x46, 0x21, 0x46, 0x21, 0x46, 0x21,
  0x46, 0x21, 0x46, 0x21, 0x46, 0x21, 0x46, 0x21, 0x46, 0x21, 0x46, 0x21, 0x46, 0x21, 0x46, 0x21,
  0x46, 0x21, 0x46, 0x21, 0x46, 0x21, 0x46, 0x21, 0x46, 0x21, 0x46, 0x21, 0x46, 0x21, 0x46, 0x21,
  0x46, 0x21, 0x46, 0x21, 0x46, 0x21, 0x46, 0x21, 0x46, 0x21, 0x46, 0x21, 0x46, 0x21, 0x46, 0x21,
  0x46, 0x21, 0x46, 0x21, 0x46, 0x21, 0x46, 0x21, 0x46, 0x21, 0x46, 0x21, 0x46, 0x21, 0x46, 0x21,
  0x46, 0x21, 0x46, 0x21, 0x46, 0x21, 0x46, 0x21, 0x46, 0x21, 0x46, 0x21, 0x46, 0x21, 0x46, 0x21,
  0x46, 0x21, 0x46, 0x21, 0x46, 0x21, 0x46, 0x21, 0x46, 0x21, 0x46, 0x21, 0x46, 0x21, 0x46, 0x21,
  0x46, 0x21, 0x46, 0x21, 0x46, 0x21, 0x46, 0x21, 0x46, 0x21, 0x46, 0x21, 0x46, 0x21, 0x46, 0x21,
  0x46, 0x21, 0x46, 0x21, 0x46, 0x21, 0x46, 0x21, 0x46, 0x21, 0x46, 0x21, 0x46, 0x21, 0x46, 0x21,
  0x46, 0x21, 0x46, 0x21, 0x46, 0x21, 0x46, 0x21, 0x46, 0x21, 0x46, 0x21, 0x46, 0x21, 0x46, 0x21,
  0x46, 0x21, 0x46, 0x21, 0x46, 0x21, 0x46, 0x21, 0x46, 0x21, 0x46, 0x21, 0x46, 0x21, 0x46, 0x21,
  0x46, 0x21, 0xa8, 0x31, 0x6d, 0x6b, 0x6d, 0x6b, 0x4d, 0x6b, 0x0f, 0x84, 0xee, 0x7b, 0x6d, 0x6b,
  0x6d, 0x73, 0x2c, 0x63, 0xcb, 0x5a, 0x89, 0x52, 0x49, 0x4a, 0x69, 0x4a, 0x49, 0x4a, 0x69, 0x4a,
  0x69, 0x4a, 0x8a, 0x52, 0x8a, 0x52, 0x8a, 0x52, 0x8a, 0x52, 0x8a, 0x52, 0xaa, 0x52, 0xaa, 0x52,
  0xaa, 0x52, 0xaa, 0x52, 0xaa, 0x52, 0x8a, 0x52, 0x69, 0x4a, 0x49, 0x4a, 0x28, 0x42, 0xe7, 0x39,
  0xa6, 0x31, 0x65, 0x29, 0x25, 0x21, 0xe4, 0x18, 0xa3, 0x10, 0x82, 0x10, 0x62, 0x08, 0x41, 0x00,
  0x21, 0x00, 0x21, 0x00, 0x01, 0x00, 0x21, 0x00, 0x21, 0x00, 0x42, 0x00, 0x42, 0x08, 0x82, 0x08,
  0xc3, 0x10, 0xe4, 0x18, 0x25, 0x21, 0x65, 0x29, 0xa6, 0x31, 0xe7, 0x39, 0xe7, 0x39, 0xa7, 0x31,
  0x69, 0x4a, 0x69, 0x4a, 0x69, 0x4a, 0x69, 0x4a, 0x69, 0x4a, 0x49, 0x4a, 0x69, 0x4a, 0xcb, 0x5a,
  0xeb, 0x5a, 0xeb, 0x5a, 0xeb, 0x5a, 0xeb, 0x5a, 0xeb, 0x5a, 0xeb, 0x5a, 0xeb, 0x5a, 0x0b, 0x5b,
  0x0b, 0x63, 0xeb, 0x5a, 0xeb, 0x5a, 0xeb, 0x5a, 0xeb, 0x5a, 0xeb, 0x5a, 0xeb, 0x5a, 0xeb, 0x5a,
  0xeb, 0x5a, 0xeb, 0x5a, 0xeb, 0x5a, 0xeb, 0x5a, 0x0b, 0x5b, 0x0b, 0x5b, 0x0b, 0x63, 0xeb, 0x5a,
  0xeb, 0x5a, 0xeb, 0x5a, 0x6d, 0x6b, 0x8d, 0x73, 0x10, 0x84, 0x8e, 0x73, 0xec, 0x5a, 0xe8, 0x39,
  0x46, 0x21, 0x05, 0x19, 0x26, 0x21, 0x46, 0x21, 0x66, 0x29, 0x46, 0x21, 0x46, 0x21, 0x46, 0x21,
  0x46, 0x21, 0x46, 0x21, 0x46, 0x21, 0x46, 0x21, 0x46, 0x21, 0x46, 0x21, 0x46, 0x21, 0x46, 0x21,
  0x46, 0x21, 0x46, 0x21, 0x46, 0x21, 0x46, 0x21, 0x46, 0x21, 0x46, 0x21, 0x46, 0x21, 0x46, 0x21,
  0x46, 0x21, 0x46, 0x21, 0x46, 0x21, 0x46, 0x21, 0x46, 0x21, 0x46, 0x21, 0x46, 0x21, 0x46, 0x21,
  0x46, 0x21, 0x46, 0x21, 0x46, 0x21, 0x46, 0x21, 0x46, 0x21, 0x46, 0x21, 0x46, 0x21, 0x46, 0x21,
  0x46, 0x21, 0x46, 0x21, 0x46, 0x21, 0x46, 0x21, 0x46, 0x21, 0x46, 0x21, 0x46, 0x21, 0x46, 0x21,
  0x46, 0x21, 0x46, 0x21, 0x46, 0x21, 0x46, 0x21, 0x46, 0x21, 0x46, 0x21, 0x46, 0x21, 0x46, 0x21,
  0x46, 0x21, 0x46, 0x21, 0x46, 0x21, 0x46, 0x21, 0x46, 0x21, 0x46, 0x21, 0x46, 0x21, 0x46, 0x21,
  0x46, 0x21, 0x46, 0x21, 0x46, 0x21, 0x46, 0x21, 0x46, 0x21, 0x46, 0x21, 0x46, 0x21, 0x46, 0x21,
  0x46, 0x21, 0x46, 0x21, 0x46, 0x21, 0x46, 0x21, 0x46, 0x21, 0x46, 0x21, 0x46, 0x21, 0x46, 0x21,
  0x46, 0x21, 0x46, 0x21, 0x46, 0x21, 0x46, 0x21, 0x46, 0x21, 0x46, 0x21, 0x46, 0x21, 0x46, 0x21,
  0x46, 0x21, 0x46, 0x21, 0x46, 0x21, 0x46, 0x21, 0x46, 0x21, 0x46, 0x21, 0x46, 0x21, 0x46, 0x21,
  0x46, 0x21, 0x46, 0x21, 0x46, 0x21, 0x46, 0x21, 0x46, 0x21, 0x46, 0x21, 0x46, 0x21, 0x46, 0x21,
  0x46, 0x21, 0x46, 0x21, 0x46, 0x21, 0x46, 0x21, 0x46, 0x21, 0x46, 0x21, 0x46, 0x21, 0x46, 0x21,
  0x46, 0x21, 0x46, 0x21, 0x46, 0x21, 0x46, 0x21, 0x46, 0x21, 0x46, 0x21, 0x46, 0x21, 0x46, 0x21,
  0x46, 0x21, 0x46, 0x21, 0x46, 0x21, 0x66, 0x29, 0x05, 0x19, 0xec, 0x5a, 0x8d, 0x73, 0xeb, 0x5a,
  0xca, 0x5a, 0x69, 0x4a, 0x49, 0x4a, 0x69, 0x4a, 0x69, 0x4a, 0x69, 0x4a, 0x89, 0x52, 0x8a, 0x52,
  0x8a, 0x52, 0x8a, 0x52, 0x8a, 0x52, 0xaa, 0x52, 0xaa, 0x52, 0xaa, 0x52, 0xaa, 0x52, 0xaa, 0x52,
  0x89, 0x52, 0x69, 0x4a, 0x49, 0x4a, 0x08, 0x42, 0xc7, 0x39, 0x86, 0x31, 0x45, 0x29, 0x04, 0x21,
  0xc3, 0x18, 0xa3, 0x10, 0x62, 0x08, 0x41, 0x08, 0x21, 0x00, 0x21, 0x00, 0x21, 0x00, 0x21, 0x00,
  0x41, 0x00, 0x42, 0x08, 0x62, 0x08, 0x82, 0x10, 0xc3, 0x18, 0x04, 0x21, 0x45, 0x29, 0xa7, 0x31,
  0xe7, 0x39, 0x08, 0x3a, 0x28, 0x42, 0x69, 0x4a, 0x8a, 0x4a, 0x89, 0x4a, 0x89, 0x4a, 0x89, 0x4a,
  0x89, 0x4a, 0x69, 0x4a, 0x49, 0x4a, 0xe7, 0x39, 0x69, 0x4a, 0x69, 0x4a, 0x69, 0x4a, 0x69, 0x4a,
  0x49, 0x4a, 0x49, 0x4a, 0x69, 0x4a, 0xeb, 0x5a, 0xeb, 0x5a, 0xeb, 0x5a, 0xeb, 0x5a, 0xeb, 0x5a,
  0xeb, 0x5a, 0x0b, 0x5b, 0x0b, 0x63, 0x69, 0x4a, 0xaa, 0x52, 0x4c, 0x63, 0x4c, 0x63, 0x2c, 0x63,
  0x0b, 0x63, 0x0b, 0x5b, 0xeb, 0x5a, 0xeb, 0x5a, 0xeb, 0x5a, 0xeb, 0x5a, 0xeb, 0x5a, 0xeb, 0x5a,
  0x0b, 0x5b, 0x0b, 0x5b, 0x0b, 0x63, 0x0c, 0x63, 0x0c, 0x63, 0x0c, 0x63, 0xeb, 0x5a, 0xeb, 0x5a,
  0xeb, 0x5a, 0x4c, 0x6b, 0x8d, 0x73, 0x0f, 0x84, 0x8e, 0x6b, 0xec, 0x5a, 0xe9, 0x39, 0xa7, 0x31,
  0x05, 0x19, 0x26, 0x21, 0x26, 0x21, 0x66, 0x29, 0x46, 0x21, 0x46, 0x21, 0x46, 0x21, 0x46, 0x21,
  0x46, 0x21, 0x46, 0x21, 0x46, 0x21, 0x46, 0x21, 0x46, 0x21, 0x46, 0x21, 0x46, 0x21, 0x46, 0x21,
  0x46, 0x21, 0x46, 0x21, 0x46, 0x21, 0x46, 0x21, 0x46, 0x21, 0x46, 0x21, 0x46, 0x21, 0x46, 0x21,
  0x46, 0x21, 0x46, 0x21, 0x46, 0x21, 0x46, 0x21, 0x46, 0x21, 0x46, 0x21, 0x46, 0x21, 0x46, 0x21,
  0x46, 0x21, 0x46, 0x21, 0x46, 0x21, 0x46, 0x21, 0x46, 0x21, 0x46, 0x21, 0x46, 0x21, 0x46, 0x21,
  0x46, 0x21, 0x46, 0x21, 0x46, 0x21, 0x46, 0x21, 0x46, 0x21, 0x46, 0x21, 0x46, 0x21, 0x46, 0x21,
  0x46, 0x21, 0x46, 0x21, 0x46, 0x21, 0x46, 0x21, 0x46, 0x21, 0x46, 0x21, 0x46, 0x21, 0x46, 0x21,
  0x46, 0x21, 0x46, 0x21, 0x46, 0x21, 0x46, 0x21, 0x46, 0x21, 0x46, 0x21, 0x46, 0x21, 0x46, 0x21,
  0x46, 0x21, 0x46, 0x21, 0x46, 0x21, 0x46, 0x21, 0x46, 0x21, 0x46, 0x21, 0x46, 0x21, 0x46, 0x21,
  0x46, 0x21, 0x46, 0x21, 0x46, 0x21, 0x46, 0x21, 0x46, 0x21, 0x46, 0x21, 0x46, 0x21, 0x46, 0x21,
  0x46, 0x21, 0x46, 0x21, 0x46, 0x21, 0x46, 0x21, 0x46, 0x21, 0x46, 0x21, 0x46, 0x21, 0x46, 0x21,
  0x46, 0x21, 0x46, 0x21, 0x46, 0x21, 0x46, 0x21, 0x46, 0x21, 0x46, 0x21, 0x46, 0x21, 0x46, 0x21,
  0x46, 0x21, 0x46, 0x21, 0x46, 0x21, 0x46, 0x21, 0x46, 0x21, 0x46, 0x21, 0x46, 0x21, 0x46, 0x21,
  0x46, 0x21, 0x46, 0x21, 0x46, 0x21, 0x46, 0x21, 0x46, 0x21, 0x46, 0x21, 0x46, 0x21, 0x46, 0x21,
  0x46, 0x21, 0x46, 0x21, 0x46, 0x21, 0x46, 0x21, 0x46, 0x21, 0x46, 0x21, 0x46, 0x21, 0x46, 0x21,
  0x46, 0x21, 0x28, 0x42, 0xaa, 0x52, 0x69, 0x4a, 0x8a, 0x52, 0xaa, 0x52, 0xaa, 0x52, 0xaa, 0x52,
  0xaa, 0x52, 0xaa, 0x52, 0xaa, 0x52, 0xaa, 0x52, 0x8a, 0x52, 0x6a, 0x4a, 0x69, 0x4a, 0x29, 0x42,
  0x08, 0x3a, 0xa6, 0x31, 0x65, 0x29, 0x25, 0x21, 0xe4, 0x18, 0xa3, 0x10, 0x82, 0x10, 0x42, 0x08,
  0x21, 0x00, 0x21, 0x00, 0x01, 0x00, 0x21, 0x00, 0x41, 0x08, 0x42, 0x08, 0x62, 0x08, 0xa3, 0x10,
  0xe4, 0x18, 0x25, 0x21, 0x86, 0x29, 0xc7, 0x31, 0xe7, 0x39, 0x08, 0x42, 0x28, 0x42, 0x69, 0x4a,
  0x8a, 0x52, 0x8a, 0x52, 0x8a, 0x52, 0xaa, 0x52, 0x8a, 0x52, 0x89, 0x4a, 0x69, 0x4a, 0x69, 0x4a,
  0x49, 0x42, 0x28, 0x42, 0x28, 0x42, 0x48, 0x42, 0x28, 0x42, 0x49, 0x42, 0x28, 0x42, 0xc7, 0x31,
  0x69, 0x4a, 0x69, 0x4a, 0x69, 0x4a, 0x69, 0x4a, 0x69, 0x4a, 0x49, 0x4a, 0x49, 0x4a, 0xcb, 0x5a,
  0xeb, 0x5a, 0xeb, 0x5a, 0xeb, 0x5a, 0xeb, 0x5a, 0xeb, 0x5a, 0xeb, 0x5a, 0x2c, 0x63, 0xe7, 0x39,
  0x41, 0x08, 0x04, 0x19, 0x86, 0x31, 0x8a, 0x52, 0x0c, 0x63, 0x4c, 0x63, 0x4c, 0x63, 0x2c, 0x63,
  0xeb, 0x5a, 0xeb, 0x5a, 0xeb, 0x5a, 0xeb, 0x5a, 0x0b, 0x5b, 0x0b, 0x63, 0x0b, 0x63, 0x0c, 0x63,
  0x0c, 0x63, 0x0c, 0x63, 0x0b, 0x63, 0xeb, 0x5a, 0x0b, 0x63, 0xeb, 0x5a, 0xeb, 0x5a, 0xeb, 0x5a,
  0x4c, 0x63, 0x6d, 0x6b, 0x0f, 0x84, 0xcf, 0x7b, 0x4d, 0x63, 0x2a, 0x42, 0xa8, 0x31, 0x05, 0x19,
  0x26, 0x21, 0x25, 0x21, 0x46, 0x21, 0x46, 0x21, 0x46, 0x21, 0x46, 0x21, 0x46, 0x21, 0x46, 0x21,
  0x46, 0x21, 0x46, 0x21, 0x46, 0x21, 0x46, 0x21, 0x46, 0x21, 0x46, 0x21, 0x46, 0x21, 0x46, 0x21,
  0x46, 0x21, 0x46, 0x21, 0x46, 0x21, 0x46, 0x21, 0x46, 0x21, 0x46, 0x21, 0x46, 0x21, 0x46, 0x21,
  0x46, 0x21, 0x46, 0x21, 0x46, 0x21, 0x46, 0x21, 0x46, 0x21, 0x46, 0x21, 0x46, 0x21, 0x46, 0x21,
  0x46, 0x21, 0x46, 0x21, 0x46, 0x21, 0x46, 0x21, 0x46, 0x21, 0x46, 0x21, 0x46, 0x21, 0x46, 0x21,
  0x46, 0x21, 0x46, 0x21, 0x46, 0x21, 0x46, 0x21, 0x46, 0x21, 0x46, 0x21, 0x46, 0x21, 0x46, 0x21,
  0x46, 0x21, 0x46, 0x21, 0x46, 0x21, 0x46, 0x21, 0x46, 0x21, 0x46, 0x21, 0x46, 0x21, 0x46, 0x21,
  0x46, 0x21, 0x46, 0x21, 0x46, 0x21, 0x46, 0x21, 0x46, 0x21, 0x46, 0x21, 0x46, 0x21, 0x46, 0x21,
  0x46, 0x21, 0x46, 0x21, 0x46, 0x21, 0x46, 0x21, 0x46, 0x21, 0x46, 0x21, 0x46, 0x21, 0x46, 0x21,
  0x46, 0x21, 0x46, 0x21, 0x46, 0x21, 0x46, 0x21, 0x46, 0x21, 0x46, 0x21, 0x46, 0x21, 0x46, 0x21,
  0x46, 0x21, 0x46, 0x21, 0x46, 0x21, 0x46, 0x21, 0x46, 0x21, 0x46, 0x21, 0x46, 0x21, 0x46, 0x21,
  0x46, 0x21, 0x46, 0x21, 0x46, 0x21, 0x46, 0x21, 0x46, 0x21, 0x46, 0x21, 0x46, 0x21, 0x46, 0x21,
  0x46, 0x21, 0x46, 0x21, 0x46, 0x21, 0x46, 0x21, 0x46, 0x21, 0x46, 0x21, 0x46, 0x21, 0x46, 0x21,
  0x46, 0x21, 0x46, 0x21, 0x46, 0x21, 0x46, 0x21, 0x46, 0x21, 0x46, 0x21, 0x46, 0x21, 0x46, 0x21,
  0x46, 0x21, 0x46, 0x21, 0x46, 0x21, 0x26, 0x21, 0xc8, 0x31, 0xcf, 0x7b, 0x69, 0x4a, 0xaa, 0x52,
  0xaa, 0x52, 0x8a, 0x52, 0x69, 0x4a, 0x69, 0x4a, 0x28, 0x42, 0xc7, 0x39, 0xa6, 0x31, 0x45, 0x29,
  0x04, 0x21, 0xc3, 0x18, 0xa2, 0x10, 0x62, 0x08, 0x41, 0x00, 0x21, 0x00, 0x21, 0x00, 0x21, 0x00,
  0x41, 0x08, 0x62, 0x08, 0x82, 0x10, 0xc3, 0x18, 0x04, 0x21, 0x65, 0x29, 0xc7, 0x39, 0xe8, 0x39,
  0x28, 0x42, 0x49, 0x4a, 0x69, 0x4a, 0x89, 0x4a, 0x8a, 0x52, 0xaa, 0x52, 0x8a, 0x52, 0x89, 0x4a,
  0x69, 0x4a, 0x69, 0x4a, 0x49, 0x4a, 0x49, 0x4a, 0x49, 0x4a, 0x49, 0x4a, 0x49, 0x4a, 0x48, 0x42,
  0x48, 0x42, 0x49, 0x42, 0x49, 0x42, 0x49, 0x4a, 0x49, 0x42, 0x48, 0x42, 0x49, 0x42, 0x49, 0x42,
  0x49, 0x4a, 0x49, 0x4a, 0x28, 0x42, 0xc7, 0x31, 0x69, 0x4a, 0x69, 0x4a, 0x69, 0x4a, 0x69, 0x4a,
  0x69, 0x4a, 0x49, 0x4a, 0x49, 0x42, 0xcb, 0x5a, 0xeb, 0x5a, 0xeb, 0x5a, 0xeb, 0x5a, 0xeb, 0x5a,
  0xeb, 0x5a, 0xeb, 0x5a, 0x2c, 0x63, 0x48, 0x4a, 0xc7, 0x39, 0xc7, 0x39, 0xc3, 0x18, 0x62, 0x08,
  0x82, 0x10, 0xe3, 0x18, 0xe7, 0x39, 0xca, 0x52, 0x0b, 0x63, 0x4c, 0x63, 0x2c, 0x63, 0x0b, 0x63,
  0x0b, 0x5b, 0x0b, 0x5b, 0x0b, 0x5b, 0x0c, 0x63, 0x0c, 0x63, 0x0c, 0x63, 0x0b, 0x63, 0xeb, 0x5a,
  0x0b, 0x63, 0xeb, 0x5a, 0x0b, 0x63, 0x0b, 0x63, 0xeb, 0x5a, 0xeb, 0x5a, 0xeb, 0x5a, 0x0b, 0x63,
  0x6d, 0x6b, 0xef, 0x7b, 0xce, 0x7b, 0x4d, 0x6b, 0x49, 0x42, 0x09, 0x3a, 0x26, 0x21, 0x26, 0x21,
  0x05, 0x19, 0x46, 0x21, 0x46, 0x21, 0x66, 0x29, 0x46, 0x21, 0x46, 0x21, 0x46, 0x21, 0x46, 0x21,
  0x46, 0x21, 0x46, 0x21, 0x46, 0x21, 0x46, 0x21, 0x46, 0x21, 0x46, 0x21, 0x46, 0x21, 0x46, 0x21,
  0x46, 0x21, 0x46, 0x21, 0x46, 0x21, 0x46, 0x21, 0x46, 0x21, 0x46, 0x21, 0x46, 0x21, 0x46, 0x21,
  0x46, 0x21, 0x46, 0x21, 0x46, 0x21, 0x46, 0x21, 0x46, 0x21, 0x46, 0x21, 0x46, 0x21, 0x46, 0x21,
  0x46, 0x21, 0x46, 0x21, 0x46, 0x21, 0x46, 0x21, 0x46, 0x21, 0x46, 0x21, 0x46, 0x21, 0x46, 0x21,
  0x46, 0x21, 0x46, 0x21, 0x46, 0x21, 0x46, 0x21, 0x46, 0x21, 0x46, 0x21, 0x46, 0x21, 0x46, 0x21,
  0x46, 0x21, 0x46, 0x21, 0x46, 0x21, 0x46, 0x21, 0x46, 0x21, 0x46, 0x21, 0x46, 0x21, 0x46, 0x21,
  0x46, 0x21, 0x46, 0x21, 0x46, 0x21, 0x46, 0x21, 0x46, 0x21, 0x46, 0x21, 0x46, 0x21, 0x46, 0x21,
  0x46, 0x21, 0x46, 0x21, 0x46, 0x21, 0x46, 0x21, 0x46, 0x21, 0x46, 0x21, 0x46, 0x21, 0x46, 0x21,
  0x46, 0x21, 0x46, 0x21, 0x46, 0x21, 0x46, 0x21, 0x46, 0x21, 0x46, 0x21, 0x46, 0x21, 0x46, 0x21,
  0x46, 0x21, 0x46, 0x21, 0x46, 0x21, 0x46, 0x21, 0x46, 0x21, 0x46, 0x21, 0x46, 0x21, 0x46, 0x21,
  0x46, 0x21, 0x46, 0x21, 0x46, 0x21, 0x46, 0x21, 0x46, 0x21, 0x46, 0x21, 0x46, 0x21, 0x46, 0x21,
  0x46, 0x21, 0x46, 0x21, 0x46, 0x21, 0x46, 0x21, 0x46, 0x21, 0x46, 0x21, 0x46, 0x21, 0x46, 0x21,
  0x46, 0x21, 0x46, 0x21, 0x46, 0x21, 0x46, 0x21, 0x46, 0x21, 0x46, 0x21, 0x46, 0x21, 0x26, 0x21,
  0xa8, 0x31, 0x2c, 0x63, 0xa6, 0x31, 0x65, 0x29, 0x45, 0x29, 0x04, 0x19, 0xc3, 0x18, 0x82, 0x08,
  0x41, 0x08, 0x41, 0x00, 0x21, 0x00, 0x41, 0x08, 0x61, 0x08, 0x62, 0x08, 0xa3, 0x10, 0xe3, 0x18,
  0x25, 0x21, 0x86, 0x31, 0xe7, 0x39, 0x28, 0x42, 0x49, 0x4a, 0x49, 0x4a, 0x89, 0x4a, 0x8a, 0x52,
  0xaa, 0x52, 0xaa, 0x52, 0xaa, 0x52, 0xaa, 0x52, 0x8a, 0x52, 0x89, 0x4a, 0x69, 0x4a, 0x69, 0x4a,
  0x69, 0x4a, 0x69, 0x4a, 0x49, 0x4a, 0x49, 0x42, 0x49, 0x42, 0x49, 0x42, 0x49, 0x42, 0x49, 0x4a,
  0x49, 0x4a, 0x49, 0x4a, 0x49, 0x4a, 0x49, 0x4a, 0x49, 0x4a, 0x49, 0x4a, 0x49, 0x42, 0x49, 0x4a,
  0x49, 0x4a, 0x49, 0x42, 0x49, 0x4a, 0x49, 0x4a, 0x49, 0x4a, 0x49, 0x4a, 0x28, 0x42, 0xc7, 0x31,
  0x69, 0x4a, 0x69, 0x4a, 0x49, 0x4a, 0x69, 0x4a, 0x69, 0x4a, 0x49, 0x4a, 0x49, 0x42, 0xeb, 0x5a,
  0xeb, 0x5a, 0xeb, 0x5a, 0xeb, 0x5a, 0xeb, 0x5a, 0xeb, 0x5a, 0xeb, 0x5a, 0x2c, 0x63, 0xe7, 0x39,
  0x08, 0x42, 0x8d, 0x6b, 0x6d, 0x6b, 0x0c, 0x63, 0xaa, 0x52, 0x86, 0x31, 0xa2, 0x10, 0x82, 0x10,
  0xa2, 0x10, 0x24, 0x21, 0x48, 0x4a, 0xcb, 0x5a, 0x2c, 0x63, 0x6d, 0x6b, 0x4c, 0x63, 0x2c, 0x63,
  0x0b, 0x63, 0x0b, 0x63, 0x0b, 0x63, 0x0b, 0x63, 0x0b, 0x63, 0x0b, 0x63, 0x0b, 0x63, 0x0b, 0x63,
  0xeb, 0x5a, 0x0b, 0x5b, 0x0b, 0x63, 0xeb, 0x5a, 0xeb, 0x5a, 0xeb, 0x5a, 0x0c, 0x63, 0x4c, 0x6b,
  0xce, 0x7b, 0xef, 0x7b, 0x8e, 0x6b, 0x8b, 0x4a, 0x4a, 0x42, 0x67, 0x29, 0x25, 0x19, 0x05, 0x19,
  0x46, 0x21, 0x46, 0x21, 0x66, 0x29, 0x46, 0x21, 0x46, 0x21, 0x46, 0x21, 0x46, 0x21, 0x46, 0x21,
  0x46, 0x21, 0x46, 0x21, 0x46, 0x21, 0x46, 0x21, 0x46, 0x21, 0x46, 0x21, 0x46, 0x21, 0x46, 0x21,
  0x46, 0x21, 0x46, 0x21, 0x46, 0x21, 0x46, 0x21, 0x46, 0x21, 0x46, 0x21, 0x46, 0x21, 0x46, 0x21,
  0x46, 0x21, 0x46, 0x21, 0x46, 0x21, 0x46, 0x21, 0x46, 0x21, 0x46, 0x21, 0x46, 0x21, 0x46, 0x21,
  0x46, 0x21, 0x46, 0x21, 0x46, 0x21, 0x46, 0x21, 0x46, 0x21, 0x46, 0x21, 0x46, 0x21, 0x46, 0x21,
  0x46, 0x21, 0x46, 0x21, 0x46, 0x21, 0x46, 0x21, 0x46, 0x21, 0x46, 0x21, 0x46, 0x21, 0x46, 0x21,
  0x46, 0x21, 0x46, 0x21, 0x46, 0x21, 0x46, 0x21, 0x46, 0x21, 0x46, 0x21, 0x46, 0x21, 0x46, 0x21,
  0x46, 0x21, 0x46, 0x21, 0x46, 0x21, 0x46, 0x21, 0x46, 0x21, 0x46, 0x21, 0x46, 0x21, 0x46, 0x21,
  0x46, 0x21, 0x46, 0x21, 0x46, 0x21, 0x46, 0x21, 0x46, 0x21, 0x46, 0x21, 0x46, 0x21, 0x46, 0x21,
  0x46, 0x21, 0x46, 0x21, 0x46, 0x21, 0x46, 0x21, 0x46, 0x21, 0x46, 0x21, 0x46, 0x21, 0x46, 0x21,
  0x46, 0x21, 0x46, 0x21, 0x46, 0x21, 0x46, 0x21, 0x46, 0x21, 0x46, 0x21, 0x46, 0x21, 0x46, 0x21,
  0x46, 0x21, 0x46, 0x21, 0x46, 0x21, 0x46, 0x21, 0x46, 0x21, 0x46, 0x21, 0x46, 0x21, 0x46, 0x21,
  0x46, 0x21, 0x46, 0x21, 0x46, 0x21, 0x46, 0x21, 0x46, 0x21, 0x46, 0x21, 0x46, 0x21, 0x46, 0x21,
  0x46, 0x21, 0x46, 0x21, 0x46, 0x21, 0x46, 0x21, 0x26, 0x21, 0xe8, 0x39, 0xa7, 0x31, 0x65, 0x29,
  0x04, 0x21, 0xe3, 0x18, 0xc3, 0x10, 0x04, 0x19, 0x45, 0x29, 0xa6, 0x31, 0xe7, 0x39, 0x28, 0x42,
  0x49, 0x4a, 0x8a, 0x52, 0x8a, 0x52, 0xaa, 0x52, 0xaa, 0x52, 0xaa, 0x52, 0xaa, 0x52, 0x8a, 0x52,
  0x89, 0x4a, 0x69, 0x4a, 0x69, 0x4a, 0x49, 0x4a, 0x49, 0x4a, 0x49, 0x4a, 0x49, 0x4a, 0x49, 0x4a,
  0x49, 0x4a, 0x69, 0x4a, 0x69, 0x4a, 0x49, 0x4a, 0x69, 0x4a, 0x69, 0x4a, 0x69, 0x4a, 0x49, 0x4a,
  0x49, 0x42, 0x49, 0x4a, 0x49, 0x4a, 0x49, 0x4a, 0x49, 0x4a, 0x49, 0x4a, 0x49, 0x4a, 0x49, 0x4a,
  0x49, 0x4a, 0x49, 0x4a, 0x49, 0x4a, 0x49, 0x4a, 0x49, 0x42, 0x48, 0x42, 0x48, 0x42, 0x48, 0x42,
  0x48, 0x42, 0x48, 0x42, 0x28, 0x42, 0xa7, 0x31, 0x69, 0x4a, 0x49, 0x4a, 0x49, 0x4a, 0x49, 0x4a,
  0x49, 0x4a, 0x49, 0x4a, 0x49, 0x42, 0xcb, 0x5a, 0xeb, 0x5a, 0xeb, 0x5a, 0xeb, 0x5a, 0xeb, 0x5a,
  0xeb, 0x5a, 0xeb, 0x5a, 0x2c, 0x63, 0xe7, 0x39, 0xe7, 0x39, 0x0b, 0x63, 0x69, 0x4a, 0xeb, 0x5a,
  0x2c, 0x63, 0x4c, 0x63, 0x4d, 0x6b, 0x0c, 0x63, 0x69, 0x4a, 0x45, 0x29, 0xc3, 0x10, 0xa2, 0x10,
  0xc3, 0x10, 0x86, 0x29, 0x89, 0x52, 0xeb, 0x5a, 0x4c, 0x6b, 0x6d, 0x6b, 0x2c, 0x63, 0x0b, 0x63,
  0xeb, 0x5a, 0xeb, 0x5a, 0x0b, 0x63, 0x0c, 0x63, 0x0b, 0x63, 0x0b, 0x5b, 0x0b, 0x5b, 0x0b, 0x5b,
  0x0b, 0x5b, 0x0c, 0x63, 0x0b, 0x63, 0xeb, 0x5a, 0xeb, 0x5a, 0xeb, 0x5a, 0x4c, 0x6b, 0xad, 0x73,
  0x0f, 0x84, 0xce, 0x73, 0x8b, 0x52, 0x4a, 0x4a, 0x67, 0x29, 0x26, 0x21, 0x05, 0x19, 0x26, 0x21,
  0x46, 0x21, 0x66, 0x29, 0x46, 0x21, 0x46, 0x21, 0x46, 0x21, 0x46, 0x21, 0x46, 0x21, 0x46, 0x21,
  0x46, 0x21, 0x46, 0x21, 0x46, 0x21, 0x46, 0x21, 0x46, 0x21, 0x46, 0x21, 0x46, 0x21, 0x46, 0x21,
  0x46, 0x21, 0x46, 0x21, 0x46, 0x21, 0x46, 0x21, 0x46, 0x21, 0x46, 0x21, 0x46, 0x21, 0x46, 0x21,
  0x46, 0x21, 0x46, 0x21, 0x46, 0x21, 0x46, 0x21, 0x46, 0x21, 0x46, 0x21, 0x46, 0x21, 0x46, 0x21,
  0x46, 0x21, 0x46, 0x21, 0x46, 0x21, 0x46, 0x21, 0x46, 0x21, 0x46, 0x21, 0x46, 0x21, 0x46, 0x21,
  0x46, 0x21, 0x46, 0x21, 0x46, 0x21, 0x46, 0x21, 0x46, 0x21, 0x46, 0x21, 0x46, 0x21, 0x46, 0x21,
  0x46, 0x21, 0x46, 0x21, 0x46, 0x21, 0x46, 0x21, 0x46, 0x21, 0x46, 0x21, 0x46, 0x21, 0x46, 0x21,
  0x46, 0x21, 0x46, 0x21, 0x46, 0x21, 0x46, 0x21, 0x46, 0x21, 0x46, 0x21, 0x46, 0x21, 0x46, 0x21,
  0x46, 0x21, 0x46, 0x21, 0x46, 0x21, 0x46, 0x21, 0x46, 0x21, 0x46, 0x21, 0x46, 0x21, 0x46, 0x21,
  0x46, 0x21, 0x46, 0x21, 0x46, 0x21, 0x46, 0x21, 0x46, 0x21, 0x46, 0x21, 0x46, 0x21, 0x46, 0x21,
  0x46, 0x21, 0x46, 0x21, 0x46, 0x21, 0x46, 0x21, 0x46, 0x21, 0x46, 0x21, 0x46, 0x21, 0x46, 0x21,
  0x46, 0x21, 0x46, 0x21, 0x46, 0x21, 0x46, 0x21, 0x46, 0x21, 0x46, 0x21, 0x46, 0x21, 0x46, 0x21,
  0x46, 0x21, 0x46, 0x21, 0x46, 0x21, 0x46, 0x21, 0x46, 0x21, 0x46, 0x21, 0x46, 0x21, 0x46, 0x21,
  0x26, 0x21, 0xe8, 0x39, 0x4d, 0x63, 0x2c, 0x63, 0xaa, 0x52, 0xaa, 0x52, 0x8a, 0x52, 0xaa, 0x52,
  0x8a, 0x52, 0x8a, 0x52, 0x69, 0x4a, 0x69, 0x4a, 0x69, 0x4a, 0x69, 0x4a, 0x69, 0x4a, 0x69, 0x4a,
  0x69, 0x4a, 0x49, 0x4a, 0x49, 0x4a, 0x49, 0x4a, 0x49, 0x4a, 0x49, 0x4a, 0x69, 0x4a, 0x49, 0x4a,
  0x49, 0x4a, 0x49, 0x4a, 0x49, 0x4a, 0x69, 0x4a, 0x69, 0x4a, 0x69, 0x4a, 0x69, 0x4a, 0x49, 0x4a,
  0x49, 0x4a, 0x69, 0x4a, 0x69, 0x4a, 0x49, 0x4a, 0x49, 0x42, 0x49, 0x42, 0x49, 0x4a, 0x49, 0x4a,
  0x49, 0x4a, 0x49, 0x4a, 0x49, 0x4a, 0x49, 0x4a, 0x49, 0x4a, 0x49, 0x42, 0x49, 0x4a, 0x49, 0x4a,
  0x49, 0x4a, 0x48, 0x42, 0x48, 0x42, 0x28, 0x42, 0x48, 0x42, 0x48, 0x42, 0x28, 0x42, 0xa7, 0x31,
  0x69, 0x4a, 0x49, 0x4a, 0x49, 0x4a, 0x49, 0x4a, 0x49, 0x4a, 0x49, 0x4a, 0x49, 0x42, 0xcb, 0x5a,
  0xeb, 0x5a, 0xeb, 0x5a, 0xeb, 0x5a, 0xeb, 0x5a, 0xeb, 0x5a, 0xeb, 0x5a, 0x2c, 0x63, 0xc7, 0x39,
  0x08, 0x3a, 0xaa, 0x52, 0x69, 0x4a, 0x0b, 0x63, 0xeb, 0x5a, 0xeb, 0x5a, 0xeb, 0x5a, 0x2c, 0x63,
  0x4c, 0x63, 0x6d, 0x6b, 0x2c, 0x63, 0xcb, 0x52, 0x28, 0x42, 0x24, 0x21, 0xc3, 0x18, 0xa3, 0x10,
  0xe3, 0x18, 0xe7, 0x39, 0x89, 0x4a, 0x0b, 0x5b, 0x4c, 0x6b, 0x4c, 0x6b, 0x2c, 0x63, 0x0c, 0x63,
  0x0c, 0x63, 0x0b, 0x63, 0x0b, 0x5b, 0x0b, 0x5b, 0x0b, 0x5b, 0x0b, 0x5b, 0x0b, 0x63, 0x0b, 0x5b,
  0x0b, 0x63, 0x0b, 0x63, 0x0b, 0x5b, 0xeb, 0x5a, 0xca, 0x5a, 0x2c, 0x63, 0x6d, 0x6b, 0xef, 0x7b,
  0xae, 0x73, 0x0c, 0x63, 0x8a, 0x4a, 0xe8, 0x39, 0x26, 0x21, 0x05, 0x19, 0x26, 0x21, 0x46, 0x21,
  0x66, 0x29, 0x66, 0x29, 0x46, 0x21, 0x46, 0x21, 0x46, 0x21, 0x46, 0x21, 0x46, 0x21, 0x46, 0x21,
  0x46, 0x21, 0x46, 0x21, 0x46, 0x21, 0x46, 0x21, 0x46, 0x21, 0x46, 0x21, 0x46, 0x21, 0x46, 0x21,
  0x46, 0x21, 0x46, 0x21, 0x46, 0x21, 0x46, 0x21, 0x46, 0x21, 0x46, 0x21, 0x46, 0x21, 0x46, 0x21,
  0x46, 0x21, 0x46, 0x21, 0x46, 0x21, 0x46, 0x21, 0x46, 0x21, 0x46, 0x21, 0x46, 0x21, 0x46, 0x21,
  0x46, 0x21, 0x46, 0x21, 0x46, 0x21, 0x46, 0x21, 0x46, 0x21, 0x46, 0x21, 0x46, 0x21, 0x46, 0x21,
  0x46, 0x21, 0x46, 0x21, 0x46, 0x21, 0x46, 0x21, 0x46, 0x21, 0x46, 0x21, 0x46, 0x21, 0x46, 0x21,
  0x46, 0x21, 0x46, 0x21, 0x46, 0x21, 0x46, 0x21, 0x46, 0x21, 0x46, 0x21, 0x46, 0x21, 0x46, 0x21,
  0x46, 0x21, 0x46, 0x21, 0x46, 0x21, 0x46, 0x21, 0x46, 0x21, 0x46, 0x21, 0x46, 0x21, 0x46, 0x21,
  0x46, 0x21, 0x46, 0x21, 0x46, 0x21, 0x46, 0x21, 0x46, 0x21, 0x46, 0x21, 0x46, 0x21, 0x46, 0x21,
  0x46, 0x21, 0x46, 0x21, 0x46, 0x21, 0x46, 0x21, 0x46, 0x21, 0x46, 0x21, 0x46, 0x21, 0x46, 0x21,
  0x46, 0x21, 0x46, 0x21, 0x46, 0x21, 0x46, 0x21, 0x46, 0x21, 0x46, 0x21, 0x46, 0x21, 0x46, 0x21,
  0x46, 0x21, 0x46, 0x21, 0x46, 0x21, 0x46, 0x21, 0x46, 0x21, 0x46, 0x21, 0x46, 0x21, 0x46, 0x21,
  0x46, 0x21, 0x46, 0x21, 0x46, 0x21, 0x46, 0x29, 0x05, 0x19, 0xab, 0x52, 0xea, 0x5a, 0x49, 0x4a,
  0x8a, 0x52, 0x8a, 0x52, 0x69, 0x4a, 0x49, 0x4a, 0x49, 0x4a, 0x28, 0x42, 0x28, 0x42, 0x48, 0x42,
  0x48, 0x4a, 0x69, 0x4a, 0x69, 0x4a, 0x69, 0x4a, 0x69, 0x4a, 0x69, 0x4a, 0x69, 0x4a, 0x69, 0x4a,
  0x49, 0x4a, 0x49, 0x4a, 0x69, 0x4a, 0x49, 0x4a, 0x49, 0x4a, 0x69, 0x4a, 0x69, 0x4a, 0x69, 0x4a,
  0x69, 0x4a, 0x69, 0x4a, 0x69, 0x4a, 0x49, 0x4a, 0x49, 0x4a, 0x49, 0x4a, 0x69, 0x4a, 0x49, 0x4a,
  0x49, 0x42, 0x49, 0x42, 0x49, 0x4a, 0x49, 0x4a, 0x49, 0x4a, 0x69, 0x4a, 0x49, 0x4a, 0x49, 0x4a,
  0x49, 0x4a, 0x49, 0x4a, 0x49, 0x4a, 0x49, 0x4a, 0x49, 0x4a, 0x48, 0x42, 0x28, 0x42, 0x28, 0x42,
  0x28, 0x42, 0x48, 0x42, 0x28, 0x42, 0xc7, 0x31, 0x69, 0x4a, 0x49, 0x4a, 0x49, 0x4a, 0x49, 0x4a,
  0x49, 0x4a, 0x49, 0x42, 0x49, 0x42, 0xcb, 0x5a, 0xeb, 0x5a, 0xeb, 0x5a, 0xeb, 0x5a, 0xeb, 0x5a,
  0xeb, 0x5a, 0xeb, 0x5a, 0x0b, 0x63, 0xc7, 0x31, 0xe8, 0x39, 0x29, 0x42, 0xa6, 0x31, 0x6d, 0x6b,
  0xd5, 0xbd, 0xb5, 0xbd, 0x2c, 0x63, 0xeb, 0x5a, 0xeb, 0x5a, 0xeb, 0x5a, 0x2c, 0x63, 0x2f, 0x84,
  0xee, 0x7b, 0x2c, 0x63, 0x4c, 0x63, 0xeb, 0x5a, 0x08, 0x42, 0x45, 0x21, 0xe3, 0x18, 0xc2, 0x10,
  0x44, 0x29, 0x28, 0x42, 0xaa, 0x52, 0x4c, 0x63, 0x6d, 0x6b, 0x4d, 0x6b, 0x2c, 0x63, 0x0b, 0x5b,
  0x0b, 0x5b, 0x0b, 0x63, 0x0b, 0x63, 0x0b, 0x63, 0x0b, 0x5b, 0x0c, 0x63, 0x0b, 0x5b, 0x0b, 0x5b,
  0xeb, 0x5a, 0xeb, 0x5a, 0xeb, 0x5a, 0xcb, 0x5a, 0x2c, 0x63, 0x6c, 0x6b, 0xef, 0x7b, 0xef, 0x7b,
  0xae, 0x73, 0xab, 0x52, 0xe9, 0x39, 0x26, 0x21, 0x05, 0x19, 0x05, 0x19, 0x46, 0x21, 0x46, 0x21,
  0x66, 0x29, 0x46, 0x21, 0x46, 0x21, 0x46, 0x21, 0x46, 0x21, 0x46, 0x21, 0x46, 0x21, 0x46, 0x21,
  0x46, 0x21, 0x46, 0x21, 0x46, 0x21, 0x46, 0x21, 0x46, 0x21, 0x46, 0x21, 0x46, 0x21, 0x46, 0x21,
  0x46, 0x21, 0x46, 0x21, 0x46, 0x21, 0x46, 0x21, 0x46, 0x21, 0x46, 0x21, 0x46, 0x21, 0x46, 0x21,
  0x46, 0x21, 0x46, 0x21, 0x46, 0x21, 0x46, 0x21, 0x46, 0x21, 0x46, 0x21, 0x46, 0x21, 0x46, 0x21,
  0x46, 0x21, 0x46, 0x21, 0x46, 0x21, 0x46, 0x21, 0x46, 0x21, 0x46, 0x21, 0x46, 0x21, 0x46, 0x21,
  0x46, 0x21, 0x46, 0x21, 0x46, 0x21, 0x46, 0x21, 0x46, 0x21, 0x46, 0x21, 0x46, 0x21, 0x46, 0x21,
  0x46, 0x21, 0x46, 0x21, 0x46, 0x21, 0x46, 0x21, 0x46, 0x21, 0x46, 0x21, 0x46, 0x21, 0x46, 0x21,
  0x46, 0x21, 0x46, 0x21, 0x46, 0x21, 0x46, 0x21, 0x46, 0x21, 0x46, 0x21, 0x46, 0x21, 0x46, 0x21,
  0x46, 0x21, 0x46, 0x21, 0x46, 0x21, 0x46, 0x21, 0x46, 0x21, 0x46, 0x21, 0x46, 0x21, 0x46, 0x21,
  0x46, 0x21, 0x46, 0x21, 0x46, 0x21, 0x46, 0x21, 0x46, 0x21, 0x46, 0x21, 0x46, 0x21, 0x46, 0x21,
  0x46, 0x21, 0x46, 0x21, 0x46, 0x21, 0x46, 0x21, 0x46, 0x21, 0x46, 0x21, 0x46, 0x21, 0x46, 0x21,
  0x46, 0x21, 0x46, 0x21, 0x46, 0x21, 0x46, 0x21, 0x46, 0x21, 0x46, 0x21, 0x46, 0x21, 0x46, 0x21,
  0x26, 0x21, 0x8b, 0x4a, 0xca, 0x52, 0x69, 0x4a, 0x69, 0x4a, 0x69, 0x4a, 0x69, 0x4a, 0x49, 0x4a,
  0x69, 0x4a, 0x48, 0x4a, 0x48, 0x42, 0x48, 0x42, 0x49, 0x4a, 0x69, 0x4a, 0x69, 0x4a, 0x69, 0x4a,
  0x69, 0x4a, 0x49, 0x4a, 0x69, 0x4a, 0x49, 0x4a, 0x49, 0x4a, 0x49, 0x4a, 0x49, 0x4a, 0x49, 0x4a,
  0x49, 0x4a, 0x69, 0x4a, 0x69, 0x4a, 0x69, 0x4a, 0x69, 0x4a, 0x69, 0x4a, 0x69, 0x4a, 0x49, 0x4a,
  0x49, 0x4a, 0x49, 0x4a, 0x49, 0x4a, 0x49, 0x4a, 0x49, 0x42, 0x49, 0x42, 0x49, 0x42, 0x49, 0x4a,
  0x49, 0x4a, 0x49, 0x4a, 0x49, 0x4a, 0x49, 0x4a, 0x49, 0x4a, 0x49, 0x42, 0x49, 0x4a, 0x49, 0x4a,
  0x49, 0x4a, 0x28, 0x42, 0x28, 0x42, 0x28, 0x42, 0x28, 0x42, 0x49, 0x42, 0x28, 0x42, 0xc7, 0x31,
  0x69, 0x4a, 0x49, 0x42, 0x49, 0x4a, 0x49, 0x4a, 0x49, 0x4a, 0x49, 0x42, 0x29, 0x42, 0xcb, 0x5a,
  0xeb, 0x5a, 0xeb, 0x5a, 0xeb, 0x5a, 0xeb, 0x5a, 0xeb, 0x5a, 0xeb, 0x5a, 0x0b, 0x5b, 0xa6, 0x31,
  0xe8, 0x39, 0xe8, 0x39, 0x66, 0x29, 0x70, 0x8c, 0xd8, 0xde, 0x77, 0xce, 0xf1, 0xa4, 0x0b, 0x63,
  0x0b, 0x5b, 0xeb, 0x5a, 0xee, 0x7b, 0x56, 0xa5, 0xb8, 0xad, 0xcf, 0x7b, 0xcb, 0x5a, 0x2c, 0x63,
  0x4d, 0x6b, 0x6d, 0x6b, 0x2c, 0x63, 0xeb, 0x5a, 0x07, 0x3a, 0x45, 0x29, 0x03, 0x19, 0xe3, 0x18,
  0x86, 0x31, 0x48, 0x42, 0xcb, 0x5a, 0x4c, 0x63, 0x4d, 0x6b, 0x4c, 0x6b, 0x2c, 0x63, 0x0b, 0x63,
  0x0b, 0x5b, 0x0b, 0x63, 0x0b, 0x5b, 0x0b, 0x5b, 0xeb, 0x5a, 0xeb, 0x5a, 0xeb, 0x5a, 0xeb, 0x5a,
  0xeb, 0x5a, 0xeb, 0x5a, 0xca, 0x5a, 0x0b, 0x63, 0x4c, 0x6b, 0xae, 0x73, 0xce, 0x73, 0xae, 0x73,
  0xab, 0x52, 0x6a, 0x4a, 0x46, 0x21, 0x26, 0x21, 0x05, 0x19, 0x46, 0x21, 0x46, 0x21, 0x66, 0x29,
  0x46, 0x21, 0x46, 0x21, 0x46, 0x21, 0x46, 0x21, 0x46, 0x21, 0x46, 0x21, 0x46, 0x21, 0x46, 0x21,
  0x46, 0x21, 0x46, 0x21, 0x46, 0x21, 0x46, 0x21, 0x46, 0x21, 0x46, 0x21, 0x46, 0x21, 0x46, 0x21,
  0x46, 0x21, 0x46, 0x21, 0x46, 0x21, 0x46, 0x21, 0x46, 0x21, 0x46, 0x21, 0x46, 0x21, 0x46, 0x21,
  0x46, 0x21, 0x46, 0x21, 0x46, 0x21, 0x46, 0x21, 0x46, 0x21, 0x46, 0x21, 0x46, 0x21, 0x46, 0x21,
  0x46, 0x21, 0x46, 0x21, 0x46, 0x21, 0x46, 0x21, 0x46, 0x21, 0x46, 0x21, 0x46, 0x21, 0x46, 0x21,
  0x46, 0x21, 0x46, 0x21, 0x46, 0x21, 0x46, 0x21, 0x46, 0x21, 0x46, 0x21, 0x46, 0x21, 0x46, 0x21,
  0x46, 0x21, 0x46, 0x21, 0x46, 0x21, 0x46, 0x21, 0x46, 0x21, 0x46, 0x21, 0x46, 0x21, 0x46, 0x21,
  0x46, 0x21, 0x46, 0x21, 0x46, 0x21, 0x46, 0x21, 0x46, 0x21, 0x46, 0x21, 0x46, 0x21, 0x46, 0x21,
  0x46, 0x21, 0x46, 0x21, 0x46, 0x21, 0x46, 0x21, 0x46, 0x21, 0x46, 0x21, 0x46, 0x21, 0x46, 0x21,
  0x46, 0x21, 0x46, 0x21, 0x46, 0x21, 0x46, 0x21, 0x46, 0x21, 0x46, 0x21, 0x46, 0x21, 0x46, 0x21,
  0x46, 0x21, 0x46, 0x21, 0x46, 0x21, 0x46, 0x21, 0x46, 0x21, 0x46, 0x21, 0x46, 0x21, 0x46, 0x21,
  0x46, 0x21, 0x46, 0x21, 0x46, 0x21, 0x66, 0x29, 0x05, 0x19, 0xcb, 0x52, 0xca, 0x5a, 0x49, 0x4a,
  0x69, 0x4a, 0x69, 0x4a, 0x69, 0x4a, 0x69, 0x4a, 0x69, 0x4a, 0x69, 0x4a, 0x49, 0x4a, 0x48, 0x42,
  0x48, 0x42, 0x69, 0x4a, 0x69, 0x4a, 0x69, 0x4a, 0x69, 0x4a, 0x49, 0x4a, 0x49, 0x4a, 0x49, 0x4a,
  0x49, 0x4a, 0x49, 0x4a, 0x49, 0x4a, 0x49, 0x4a, 0x49, 0x4a, 0x49, 0x4a, 0x69, 0x4a, 0x69, 0x4a,
  0x69, 0x4a, 0x69, 0x4a, 0x69, 0x4a, 0x69, 0x4a, 0x49, 0x4a, 0x49, 0x42, 0x49, 0x42, 0x49, 0x42,
  0x49, 0x42, 0x49, 0x42, 0x49, 0x42, 0x49, 0x4a, 0x49, 0x4a, 0x49, 0x4a, 0x49, 0x4a, 0x49, 0x4a,
  0x49, 0x42, 0x48, 0x42, 0x49, 0x42, 0x49, 0x4a, 0x49, 0x4a, 0x48, 0x42, 0x28, 0x42, 0x28, 0x42,
  0x28, 0x42, 0x28, 0x42, 0x08, 0x42, 0xa7, 0x31, 0x69, 0x4a, 0x49, 0x4a, 0x49, 0x42, 0x49, 0x4a,
  0x49, 0x4a, 0x49, 0x4a, 0x29, 0x42, 0xca, 0x5a, 0xeb, 0x5a, 0xcb, 0x5a, 0xeb, 0x5a, 0xeb, 0x5a,
  0xeb, 0x5a, 0xca, 0x5a, 0xeb, 0x5a, 0x86, 0x31, 0xe8, 0x39, 0xc7, 0x39, 0xc3, 0x18, 0x91, 0x94,
  0xb4, 0xbd, 0xce, 0x83, 0x73, 0xb5, 0x2c, 0x63, 0xeb, 0x5a, 0x2c, 0x63, 0xb2, 0x94, 0x9c, 0x5c,
  0x3f, 0x44, 0x18, 0x8d, 0x2c, 0x63, 0x0b, 0x5b, 0x0b, 0x5b, 0x0b, 0x5b, 0x0b, 0x63, 0x2c, 0x63,
  0x6d, 0x6b, 0x6d, 0x6b, 0x4c, 0x6b, 0xca, 0x5a, 0xe7, 0x39, 0x65, 0x29, 0x04, 0x21, 0x24, 0x21,
  0xc7, 0x39, 0x49, 0x4a, 0x0b, 0x63, 0x4c, 0x6b, 0x6d, 0x6b, 0x4c, 0x63, 0x2c, 0x63, 0x0b, 0x5b,
  0xeb, 0x5a, 0xeb, 0x5a, 0xeb, 0x5a, 0xeb, 0x5a, 0xeb, 0x5a, 0xeb, 0x5a, 0xeb, 0x5a, 0x0b, 0x5b,
  0x0b, 0x5b, 0xca, 0x5a, 0xeb, 0x5a, 0x2c, 0x63, 0xad, 0x73, 0xce, 0x7b, 0xef, 0x7b, 0x0c, 0x5b,
  0x6a, 0x4a, 0x66, 0x29, 0x46, 0x21, 0x05, 0x19, 0x46, 0x21, 0x46, 0x21, 0x66, 0x29, 0x46, 0x21,
  0x46, 0x21, 0x46, 0x21, 0x46, 0x21, 0x46, 0x21, 0x46, 0x21, 0x46, 0x21, 0x46, 0x21, 0x46, 0x21,
  0x46, 0x21, 0x46, 0x21, 0x46, 0x21, 0x46, 0x21, 0x46, 0x21, 0x46, 0x21, 0x46, 0x21, 0x46, 0x21,
  0x46, 0x21, 0x46, 0x21, 0x46, 0x21, 0x46, 0x21, 0x46, 0x21, 0x46, 0x21, 0x46, 0x21, 0x46, 0x21,
  0x46, 0x21, 0x46, 0x21, 0x46, 0x21, 0x46, 0x21, 0x46, 0x21, 0x46, 0x21, 0x46, 0x21, 0x46, 0x21,
  0x46, 0x21, 0x46, 0x21, 0x46, 0x21, 0x46, 0x21, 0x46, 0x21, 0x46, 0x21, 0x46, 0x21, 0x46, 0x21,
  0x46, 0x21, 0x46, 0x21, 0x46, 0x21, 0x46, 0x21, 0x46, 0x21, 0x46, 0x21, 0x46, 0x21, 0x46, 0x21,
  0x46, 0x21, 0x46, 0x21, 0x46, 0x21, 0x46, 0x21, 0x46, 0x21, 0x46, 0x21, 0x46, 0x21, 0x46, 0x21,
  0x46, 0x21, 0x46, 0x21, 0x46, 0x21, 0x46, 0x21, 0x46, 0x21, 0x46, 0x21, 0x46, 0x21, 0x46, 0x21,
  0x46, 0x21, 0x46, 0x21, 0x46, 0x21, 0x46, 0x21, 0x46, 0x21, 0x46, 0x21, 0x46, 0x21, 0x46, 0x21,
  0x46, 0x21, 0x46, 0x21, 0x46, 0x21, 0x46, 0x21, 0x46, 0x21, 0x46, 0x21, 0x46, 0x21, 0x46, 0x21,
  0x46, 0x21, 0x46, 0x21, 0x46, 0x21, 0x46, 0x21, 0x46, 0x21, 0x46, 0x21, 0x46, 0x21, 0x66, 0x29,
  0x05, 0x19, 0xab, 0x52, 0xca, 0x52, 0x49, 0x4a, 0x69, 0x4a, 0x69, 0x4a, 0x69, 0x4a, 0x69, 0x4a,
  0x69, 0x4a, 0x69, 0x4a, 0x48, 0x4a, 0x28, 0x42, 0x48, 0x42, 0x48, 0x4a, 0x48, 0x4a, 0x49, 0x4a,
  0x69, 0x4a, 0x69, 0x4a, 0x49, 0x4a, 0x49, 0x4a, 0x49, 0x4a, 0x49, 0x4a, 0x49, 0x4a, 0x49, 0x4a,
  0x49, 0x4a, 0x69, 0x4a, 0x69, 0x4a, 0x69, 0x4a, 0x69, 0x4a, 0x69, 0x4a, 0x69, 0x4a, 0x69, 0x4a,
  0x69, 0x4a, 0x49, 0x4a, 0x49, 0x42, 0x49, 0x4a, 0x49, 0x42, 0x49, 0x4a, 0x49, 0x42, 0x49, 0x4a,
  0x49, 0x4a, 0x49, 0x4a, 0x49, 0x42, 0x48, 0x42, 0x28, 0x42, 0x28, 0x42, 0x49, 0x42, 0x49, 0x42,
  0x49, 0x4a, 0x49, 0x42, 0x28, 0x42, 0x28, 0x42, 0x28, 0x42, 0x28, 0x42, 0x08, 0x3a, 0x86, 0x29,
  0x69, 0x4a, 0x49, 0x4a, 0x49, 0x42, 0x49, 0x42, 0x49, 0x4a, 0x49, 0x4a, 0x49, 0x42, 0xca, 0x5a,
  0xeb, 0x5a, 0xeb, 0x5a, 0xeb, 0x5a, 0xeb, 0x5a, 0xeb, 0x5a, 0xcb, 0x5a, 0x0b, 0x5b, 0xa6, 0x31,
  0xc7, 0x39, 0x08, 0x42, 0xa3, 0x10, 0xae, 0x7b, 0xf5, 0xc5, 0x56, 0xd6, 0x16, 0xc6, 0x0b, 0x5b,
  0xeb, 0x5a, 0x2b, 0x63, 0x95, 0x84, 0x9e, 0x5c, 0x9d, 0x5c, 0xbe, 0x6c, 0x8f, 0x73, 0xeb, 0x5a,
  0x2c, 0x63, 0x0b, 0x63, 0x0c, 0x63, 0x0b, 0x63, 0x0b, 0x63, 0x0b, 0x5b, 0x0b, 0x63, 0x4c, 0x63,
  0x6d, 0x6b, 0x6d, 0x6b, 0x4c, 0x63, 0x69, 0x4a, 0xc6, 0x31, 0x65, 0x29, 0x04, 0x21, 0x45, 0x29,
  0xe7, 0x39, 0x8a, 0x52, 0x0b, 0x5b, 0x0b, 0x63, 0xeb, 0x5a, 0xeb, 0x5a, 0xeb, 0x5a, 0xeb, 0x5a,
  0xeb, 0x5a, 0xeb, 0x5a, 0xeb, 0x5a, 0xeb, 0x5a, 0xeb, 0x5a, 0xeb, 0x5a, 0xeb, 0x5a, 0xeb, 0x5a,
  0xeb, 0x5a, 0xeb, 0x5a, 0x2c, 0x63, 0x8d, 0x73, 0xce, 0x7b, 0xef, 0x7b, 0x8e, 0x6b, 0xab, 0x52,
  0xa8, 0x31, 0x67, 0x29, 0x05, 0x19, 0x26, 0x21, 0x46, 0x21, 0x66, 0x29, 0x46, 0x21, 0x46, 0x21,
  0x46, 0x21, 0x46, 0x21, 0x46, 0x21, 0x46, 0x21, 0x46, 0x21, 0x46, 0x21, 0x46, 0x21, 0x46, 0x21,
  0x46, 0x21, 0x46, 0x21, 0x46, 0x21, 0x46, 0x21, 0x46, 0x21, 0x46, 0x21, 0x46, 0x21, 0x46, 0x21,
  0x46, 0x21, 0x46, 0x21, 0x46, 0x21, 0x46, 0x21, 0x46, 0x21, 0x46, 0x21, 0x46, 0x21, 0x46, 0x21,
  0x46, 0x21, 0x46, 0x21, 0x46, 0x21, 0x46, 0x21, 0x46, 0x21, 0x46, 0x21, 0x46, 0x21, 0x46, 0x21,
  0x46, 0x21, 0x46, 0x21, 0x46, 0x21, 0x46, 0x21, 0x46, 0x21, 0x46, 0x21, 0x46, 0x21, 0x46, 0x21,
  0x46, 0x21, 0x46, 0x21, 0x46, 0x21, 0x46, 0x21, 0x46, 0x21, 0x46, 0x21, 0x46, 0x21, 0x46, 0x21,
  0x46, 0x21, 0x46, 0x21, 0x46, 0x21, 0x46, 0x21, 0x46, 0x21, 0x46, 0x21, 0x46, 0x21, 0x46, 0x21,
  0x46, 0x21, 0x46, 0x21, 0x46, 0x21, 0x46, 0x21, 0x46, 0x21, 0x46, 0x21, 0x46, 0x21, 0x46, 0x21,
  0x46, 0x21, 0x46, 0x21, 0x46, 0x21, 0x46, 0x21, 0x46, 0x21, 0x46, 0x21, 0x46, 0x21, 0x46, 0x21,
  0x46, 0x21, 0x46, 0x21, 0x46, 0x21, 0x46, 0x21, 0x46, 0x21, 0x46, 0x21, 0x46, 0x21, 0x46, 0x21,
  0x46, 0x21, 0x46, 0x21, 0x46, 0x21, 0x46, 0x21, 0x26, 0x21, 0x8b, 0x4a, 0xaa, 0x52, 0x49, 0x4a,
  0x69, 0x4a, 0x69, 0x4a, 0x69, 0x4a, 0x69, 0x4a, 0x69, 0x4a, 0x49, 0x4a, 0x48, 0x4a, 0x28, 0x42,
  0x48, 0x42, 0x48, 0x4a, 0x48, 0x42, 0x48, 0x42, 0x48, 0x42, 0x49, 0x4a, 0x49, 0x4a, 0x49, 0x4a,
  0x49, 0x4a, 0x49, 0x4a, 0x49, 0x4a, 0x49, 0x4a, 0x49, 0x4a, 0x49, 0x4a, 0x69, 0x4a, 0x69, 0x4a,
  0x69, 0x4a, 0x69, 0x4a, 0x69, 0x4a, 0x69, 0x4a, 0x69, 0x4a, 0x49, 0x4a, 0x49, 0x4a, 0x49, 0x4a,
  0x49, 0x42, 0x49, 0x4a, 0x49, 0x4a, 0x49, 0x4a, 0x49, 0x4a, 0x49, 0x4a, 0x48, 0x42, 0x28, 0x42,
  0x28, 0x42, 0x28, 0x42, 0x49, 0x4a, 0x49, 0x42, 0x48, 0x42, 0x48, 0x42, 0x28, 0x42, 0x28, 0x42,
  0x28, 0x42, 0x28, 0x42, 0x08, 0x42, 0x86, 0x31, 0x69, 0x4a, 0x49, 0x4a, 0x49, 0x42, 0x49, 0x42,
  0x49, 0x4a, 0x49, 0x4a, 0x49, 0x42, 0xcb, 0x5a, 0xeb, 0x5a, 0xeb, 0x5a, 0xeb, 0x5a, 0xeb, 0x5a,
  0xeb, 0x5a, 0xeb, 0x5a, 0x0b, 0x63, 0xa6, 0x31, 0xc7, 0x31, 0x8a, 0x52, 0x82, 0x10, 0x28, 0x42,
  0x53, 0xad, 0x39, 0xef, 0xb1, 0x9c, 0xca, 0x52, 0xeb, 0x5a, 0x4d, 0x6b, 0x38, 0x95, 0x5d, 0x4c,
  0x3d, 0x75, 0xbe, 0x64, 0xb1, 0x6b, 0xeb, 0x5a, 0x0c, 0x63, 0x0c, 0x63, 0x0c, 0x63, 0x2c, 0x63,
  0x2c, 0x63, 0x2c, 0x63, 0x0c, 0x63, 0x0b, 0x63, 0x0b, 0x5b, 0x0b, 0x63, 0x0b, 0x63, 0x91, 0x94,
  0x0f, 0x84, 0x6d, 0x6b, 0x4c, 0x63, 0x8a, 0x52, 0xe7, 0x39, 0x25, 0x21, 0x69, 0x4a, 0x0c, 0x63,
  0xeb, 0x5a, 0xeb, 0x5a, 0xeb, 0x5a, 0xeb, 0x5a, 0xeb, 0x5a, 0xeb, 0x5a, 0xeb, 0x5a, 0xeb, 0x5a,
  0xeb, 0x5a, 0xeb, 0x5a, 0xeb, 0x5a, 0xeb, 0x5a, 0x0b, 0x5b, 0x0b, 0x5b, 0x0b, 0x63, 0x0b, 0x5b,
  0x0b, 0x5b, 0x2c, 0x63, 0x6c, 0x6b, 0xae, 0x73, 0xce, 0x7b, 0xcf, 0x7b, 0xec, 0x5a, 0xa8, 0x31,
  0x67, 0x29, 0x05, 0x19, 0x26, 0x21, 0x46, 0x21, 0x46, 0x21, 0x46, 0x21, 0x46, 0x21, 0x46, 0x21,
  0x46, 0x21, 0x46, 0x21, 0x46, 0x21, 0x46, 0x21, 0x46, 0x21, 0x46, 0x21, 0x46, 0x21, 0x46, 0x21,
  0x46, 0x21, 0x46, 0x21, 0x46, 0x21, 0x46, 0x21, 0x46, 0x21, 0x46, 0x21, 0x46, 0x21, 0x46, 0x21,
  0x46, 0x21, 0x46, 0x21, 0x46, 0x21, 0x46, 0x21, 0x46, 0x21, 0x46, 0x21, 0x46, 0x21, 0x46, 0x21,
  0x46, 0x21, 0x46, 0x21, 0x46, 0x21, 0x46, 0x21, 0x46, 0x21, 0x46, 0x21, 0x46, 0x21, 0x46, 0x21,
  0x46, 0x21, 0x46, 0x21, 0x46, 0x21, 0x46, 0x21, 0x46, 0x21, 0x46, 0x21, 0x46, 0x21, 0x46, 0x21,
  0x46, 0x21, 0x46, 0x21, 0x46, 0x21, 0x46, 0x21, 0x46, 0x21, 0x46, 0x21, 0x46, 0x21, 0x46, 0x21,
  0x46, 0x21, 0x46, 0x21, 0x46, 0x21, 0x46, 0x21, 0x46, 0x21, 0x46, 0x21, 0x46, 0x21, 0x46, 0x21,
  0x46, 0x21, 0x46, 0x21, 0x46, 0x21, 0x46, 0x21, 0x46, 0x21, 0x46, 0x21, 0x46, 0x21, 0x46, 0x21,
  0x46, 0x21, 0x46, 0x21, 0x46, 0x21, 0x46, 0x21, 0x46, 0x21, 0x46, 0x21, 0x46, 0x21, 0x46, 0x21,
  0x46, 0x21, 0x46, 0x21, 0x46, 0x21, 0x46, 0x21, 0x46, 0x21, 0x46, 0x21, 0x46, 0x21, 0x66, 0x29,
  0x05, 0x19, 0xab, 0x52, 0xca, 0x5a, 0x49, 0x4a, 0x49, 0x4a, 0x49, 0x4a, 0x69, 0x4a, 0x69, 0x4a,
  0x49, 0x4a, 0x49, 0x4a, 0x48, 0x42, 0x28, 0x42, 0x48, 0x4a, 0x49, 0x4a, 0x48, 0x42, 0x48, 0x42,
  0x48, 0x42, 0x49, 0x4a, 0x49, 0x4a, 0x49, 0x4a, 0x49, 0x4a, 0x49, 0x4a, 0x49, 0x4a, 0x49, 0x4a,
  0x49, 0x4a, 0x49, 0x4a, 0x49, 0x4a, 0x69, 0x4a, 0x69, 0x4a, 0x69, 0x4a, 0x69, 0x4a, 0x69, 0x4a,
  0x69, 0x4a, 0x49, 0x4a, 0x49, 0x4a, 0x49, 0x4a, 0x49, 0x4a, 0x49, 0x4a, 0x49, 0x4a, 0x49, 0x4a,
  0x49, 0x4a, 0x48, 0x42, 0x28, 0x42, 0x28, 0x42, 0x28, 0x42, 0x28, 0x42, 0x49, 0x42, 0x48, 0x42,
  0x48, 0x42, 0x48, 0x42, 0x28, 0x42, 0x28, 0x42, 0x28, 0x42, 0x28, 0x42, 0x08, 0x42, 0xa6, 0x31,
  0x69, 0x4a, 0x48, 0x42, 0x49, 0x42, 0x49, 0x42, 0x49, 0x4a, 0x49, 0x42, 0x29, 0x42, 0xca, 0x52,
  0xeb, 0x5a, 0xeb, 0x5a, 0xeb, 0x5a, 0xeb, 0x5a, 0xeb, 0x5a, 0xeb, 0x5a, 0x0b, 0x63, 0xa6, 0x31,
  0xa6, 0x31, 0x0b, 0x5b, 0x04, 0x19, 0xa3, 0x10, 0xeb, 0x5a, 0x0f, 0x84, 0x0b, 0x5b, 0xeb, 0x5a,
  0x2c, 0x63, 0x6a, 0x4a, 0xf5, 0x9c, 0xbe, 0x5c, 0xfd, 0x6c, 0xdf, 0x64, 0xd1, 0x73, 0xeb, 0x5a,
  0x2c, 0x63, 0x2c, 0x63, 0x2c, 0x63, 0x2c, 0x63, 0x2c, 0x63, 0x2c, 0x63, 0x0c, 0x63, 0x0c, 0x63,
  0x2c, 0x63, 0xeb, 0x5a, 0xd1, 0x9c, 0x16, 0xc6, 0xd5, 0xbd, 0x2c, 0x63, 0x2c, 0x63, 0x4d, 0x6b,
  0x8d, 0x6b, 0xaa, 0x52, 0xaa, 0x52, 0x0b, 0x63, 0xeb, 0x5a, 0xeb, 0x5a, 0xeb, 0x5a, 0xeb, 0x5a,
  0xeb, 0x5a, 0xeb, 0x5a, 0xeb, 0x5a, 0xeb, 0x5a, 0xeb, 0x5a, 0xeb, 0x5a, 0xeb, 0x5a, 0xeb, 0x5a,
  0x0b, 0x5b, 0x0b, 0x5b, 0x0b, 0x5b, 0x0b, 0x63, 0x0b, 0x63, 0x0b, 0x5b, 0x0b, 0x5b, 0xeb, 0x5a,
  0x0b, 0x63, 0x2c, 0x63, 0x8d, 0x73, 0xce, 0x73, 0x0f, 0x7c, 0x0c, 0x5b, 0x29, 0x42, 0x87, 0x29,
  0x26, 0x21, 0x26, 0x21, 0x26, 0x21, 0x46, 0x21, 0x66, 0x29, 0x46, 0x21, 0x46, 0x21, 0x46, 0x21,
  0x46, 0x21, 0x46, 0x21, 0x46, 0x21, 0x46, 0x21, 0x46, 0x21, 0x46, 0x21, 0x46, 0x21, 0x46, 0x21,
  0x46, 0x21, 0x46, 0x21, 0x46, 0x21, 0x46, 0x21, 0x46, 0x21, 0x46, 0x21, 0x46, 0x21, 0x46, 0x21,
  0x46, 0x21, 0x46, 0x21, 0x46, 0x21, 0x46, 0x21, 0x46, 0x21, 0x46, 0x21, 0x46, 0x21, 0x46, 0x21,
  0x46, 0x21, 0x46, 0x21, 0x46, 0x21, 0x46, 0x21, 0x46, 0x21, 0x46, 0x21, 0x46, 0x21, 0x46, 0x21,
  0x46, 0x21, 0x46, 0x21, 0x46, 0x21, 0x46, 0x21, 0x46, 0x21, 0x46, 0x21, 0x46, 0x21, 0x46, 0x21,
  0x46, 0x21, 0x46, 0x21, 0x46, 0x21, 0x46, 0x21, 0x46, 0x21, 0x46, 0x21, 0x46, 0x21, 0x46, 0x21,
  0x46, 0x21, 0x46, 0x21, 0x46, 0x21, 0x46, 0x21, 0x46, 0x21, 0x46, 0x21, 0x46, 0x21, 0x46, 0x21,
  0x46, 0x21, 0x46, 0x21, 0x46, 0x21, 0x46, 0x21, 0x46, 0x21, 0x46, 0x21, 0x46, 0x21, 0x46, 0x21,
  0x46, 0x21, 0x46, 0x21, 0x46, 0x21, 0x46, 0x21, 0x46, 0x21, 0x46, 0x21, 0x46, 0x21, 0x46, 0x21,
  0x46, 0x21, 0x46, 0x21, 0x46, 0x21, 0x46, 0x21, 0x26, 0x21, 0x6a, 0x4a, 0xaa, 0x52, 0x49, 0x4a,
  0x49, 0x4a, 0x49, 0x4a, 0x49, 0x4a, 0x49, 0x4a, 0x49, 0x4a, 0x48, 0x4a, 0x48, 0x42, 0x48, 0x42,
  0x48, 0x42, 0x48, 0x42, 0x48, 0x42, 0x48, 0x42, 0x48, 0x42, 0x49, 0x42, 0x49, 0x4a, 0x49, 0x4a,
  0x49, 0x4a, 0x49, 0x4a, 0x49, 0x4a, 0x49, 0x4a, 0x08, 0x42, 0x2c, 0x63, 0x6e, 0x6b, 0x28, 0x42,
  0x89, 0x4a, 0x69, 0x4a, 0x69, 0x4a, 0x69, 0x4a, 0x69, 0x4a, 0x69, 0x4a, 0x69, 0x4a, 0x49, 0x4a,
  0x49, 0x4a, 0x49, 0x4a, 0x49, 0x4a, 0x49, 0x4a, 0x69, 0x4a, 0x49, 0x42, 0x28, 0x42, 0x08, 0x42,
  0x08, 0x42, 0x28, 0x42, 0x49, 0x4a, 0x48, 0x42, 0x28, 0x42, 0x48, 0x42, 0x28, 0x42, 0x08, 0x42,
  0x28, 0x42, 0x28, 0x42, 0x08, 0x42, 0x86, 0x31, 0x69, 0x4a, 0x48, 0x42, 0x48, 0x42, 0x49, 0x42,
  0x49, 0x42, 0x49, 0x42, 0x28, 0x42, 0xca, 0x5a, 0xeb, 0x5a, 0xeb, 0x5a, 0xeb, 0x5a, 0xeb, 0x5a,
  0xeb, 0x5a, 0xeb, 0x5a, 0x0b, 0x5b, 0xa6, 0x31, 0xa7, 0x31, 0x2c, 0x63, 0xaa, 0x52, 0x04, 0x19,
  0x45, 0x21, 0x08, 0x42, 0xeb, 0x5a, 0x0b, 0x5b, 0x0c, 0x63, 0x8a, 0x4a, 0x0f, 0x84, 0x9c, 0x95,
  0xde, 0x33, 0x7d, 0x95, 0xae, 0x73, 0xeb, 0x5a, 0x0c, 0x63, 0x2c, 0x63, 0x2c, 0x63, 0x2c, 0x63,
  0x2c, 0x63, 0x2c, 0x63, 0x2c, 0x63, 0x2c, 0x63, 0x0c, 0x63, 0x2c, 0x63, 0x93, 0xb5, 0x36, 0xce,
  0xb7, 0xd6, 0x0f, 0x84, 0xeb, 0x5a, 0x0b, 0x63, 0x2c, 0x63, 0x89, 0x4a, 0xaa, 0x52, 0x0c, 0x63,
  0xeb, 0x5a, 0xeb, 0x5a, 0xeb, 0x5a, 0xeb, 0x5a, 0xeb, 0x5a, 0xeb, 0x5a, 0xeb, 0x5a, 0xeb, 0x5a,
  0xeb, 0x5a, 0xeb, 0x5a, 0xeb, 0x5a, 0x0b, 0x5b, 0x0b, 0x5b, 0x0b, 0x5b, 0x0b, 0x5b, 0x0b, 0x63,
  0x0b, 0x63, 0x0b, 0x5b, 0x0b, 0x5b, 0x0b, 0x5b, 0x0b, 0x5b, 0x0b, 0x5b, 0xeb, 0x5a, 0x0c, 0x63,
  0x2c, 0x63, 0xad, 0x73, 0xae, 0x73, 0x30, 0x84, 0x6d, 0x6b, 0x29, 0x42, 0x87, 0x31, 0x46, 0x21,
  0x05, 0x19, 0x26, 0x21, 0x46, 0x21, 0x66, 0x29, 0x46, 0x21, 0x46, 0x21, 0x46, 0x21, 0x46, 0x21,
  0x46, 0x21, 0x46, 0x21, 0x46, 0x21, 0x46, 0x21, 0x46, 0x21, 0x46, 0x21, 0x46, 0x21, 0x46, 0x21,
  0x46, 0x21, 0x46, 0x21, 0x46, 0x21, 0x46, 0x21, 0x46, 0x21, 0x46, 0x21, 0x46, 0x21, 0x46, 0x21,
  0x46, 0x21, 0x46, 0x21, 0x46, 0x21, 0x46, 0x21, 0x46, 0x21, 0x46, 0x21, 0x46, 0x21, 0x46, 0x21,
  0x46, 0x21, 0x46, 0x21, 0x46, 0x21, 0x46, 0x21, 0x46, 0x21, 0x46, 0x21, 0x46, 0x21, 0x46, 0x21,
  0x46, 0x21, 0x46, 0x21, 0x46, 0x21, 0x46, 0x21, 0x46, 0x21, 0x46, 0x21, 0x46, 0x21, 0x46, 0x21,
  0x46, 0x21, 0x46, 0x21, 0x46, 0x21, 0x46, 0x21, 0x46, 0x21, 0x46, 0x21, 0x46, 0x21, 0x46, 0x21,
  0x46, 0x21, 0x46, 0x21, 0x46, 0x21, 0x46, 0x21, 0x46, 0x21, 0x46, 0x21, 0x46, 0x21, 0x46, 0x21,
  0x46, 0x21, 0x46, 0x21, 0x46, 0x21, 0x46, 0x21, 0x46, 0x21, 0x46, 0x21, 0x46, 0x21, 0x46, 0x21,
  0x46, 0x21, 0x46, 0x21, 0x46, 0x21, 0x46, 0x21, 0x46, 0x21, 0x46, 0x21, 0x46, 0x21, 0x46, 0x21,
  0x26, 0x21, 0x8b, 0x4a, 0xaa, 0x52, 0x49, 0x4a, 0x69, 0x4a, 0x49, 0x4a, 0x49, 0x4a, 0x49, 0x4a,
  0x49, 0x4a, 0x48, 0x42, 0x48, 0x42, 0x48, 0x42, 0x48, 0x42, 0x48, 0x42, 0x48, 0x42, 0x48, 0x42,
  0x48, 0x42, 0x49, 0x42, 0x49, 0x4a, 0x49, 0x4a, 0x49, 0x4a, 0x49, 0x4a, 0x49, 0x4a, 0x49, 0x4a,
  0x28, 0x42, 0x51, 0x8c, 0x31, 0x84, 0x28, 0x42, 0x69, 0x4a, 0x69, 0x4a, 0x69, 0x4a, 0x69, 0x4a,
  0x69, 0x4a, 0x69, 0x4a, 0x69, 0x4a, 0x49, 0x4a, 0x49, 0x4a, 0x49, 0x4a, 0x49, 0x4a, 0x69, 0x4a,
  0x69, 0x4a, 0x49, 0x42, 0x28, 0x42, 0x28, 0x42, 0x08, 0x42, 0x28, 0x42, 0x49, 0x42, 0x49, 0x42,
  0x48, 0x42, 0x28, 0x42, 0x28, 0x42, 0x28, 0x42, 0x28, 0x42, 0x28, 0x42, 0x08, 0x42, 0x86, 0x31,
  0x49, 0x4a, 0x49, 0x4a, 0x49, 0x42, 0x49, 0x42, 0x49, 0x42, 0x49, 0x42, 0x29, 0x42, 0xca, 0x5a,
  0xeb, 0x5a, 0xcb, 0x5a, 0xeb, 0x5a, 0xeb, 0x5a, 0xeb, 0x5a, 0xeb, 0x5a, 0x0b, 0x63, 0xc7, 0x39,
  0xc3, 0x18, 0xe7, 0x39, 0xaa, 0x52, 0xcb, 0x52, 0x8a, 0x52, 0xeb, 0x5a, 0x2c, 0x63, 0x0b, 0x5b,
  0xeb, 0x5a, 0x0c, 0x63, 0x8a, 0x52, 0xf3, 0x9c, 0x3a, 0xbe, 0xb3, 0x94, 0xeb, 0x5a, 0x0b, 0x63,
  0x0b, 0x63, 0x2c, 0x63, 0x2c, 0x63, 0x2c, 0x63, 0x2c, 0x63, 0x2c, 0x63, 0x2c, 0x63, 0x2c, 0x63,
  0x0c, 0x63, 0x4c, 0x63, 0x90, 0x94, 0x36, 0xce, 0x19, 0xe7, 0x33, 0xa5, 0xcb, 0x5a, 0x0c, 0x63,
  0x2c, 0x63, 0x8a, 0x52, 0xaa, 0x52, 0x2c, 0x63, 0xeb, 0x5a, 0xeb, 0x5a, 0xeb, 0x5a, 0xeb, 0x5a,
  0xeb, 0x5a, 0xeb, 0x5a, 0xeb, 0x5a, 0xeb, 0x5a, 0x0b, 0x5b, 0x0b, 0x5b, 0x0b, 0x5b, 0x0b, 0x5b,
  0x0b, 0x5b, 0x0b, 0x5b, 0x0b, 0x5b, 0x0b, 0x63, 0x0b, 0x5b, 0xeb, 0x5a, 0xeb, 0x5a, 0x0b, 0x5b,
  0xeb, 0x5a, 0xeb, 0x5a, 0x0b, 0x5b, 0x0b, 0x5b, 0x0b, 0x5b, 0xeb, 0x5a, 0x0b, 0x5b, 0xeb, 0x5a,
  0x6c, 0x6b, 0x8d, 0x6b, 0x0f, 0x84, 0x4d, 0x6b, 0xab, 0x52, 0xc8, 0x31, 0x87, 0x29, 0x05, 0x19,
  0x26, 0x21, 0x46, 0x21, 0x66, 0x29, 0x46, 0x21, 0x46, 0x21, 0x46, 0x21, 0x46, 0x21, 0x46, 0x21,
  0x46, 0x21, 0x46, 0x21, 0x46, 0x21, 0x46, 0x21, 0x46, 0x21, 0x46, 0x21, 0x46, 0x21, 0x46, 0x21,
  0x46, 0x21, 0x46, 0x21, 0x46, 0x21, 0x46, 0x21, 0x46, 0x21, 0x46, 0x21, 0x46, 0x21, 0x46, 0x21,
  0x46, 0x21, 0x46, 0x21, 0x46, 0x21, 0x46, 0x21, 0x46, 0x21, 0x46, 0x21, 0x46, 0x21, 0x46, 0x21,
  0x46, 0x21, 0x46, 0x21, 0x46, 0x21, 0x46, 0x21, 0x46, 0x21, 0x46, 0x21, 0x46, 0x21, 0x46, 0x21,
  0x46, 0x21, 0x46, 0x21, 0x46, 0x21, 0x46, 0x21, 0x46, 0x21, 0x46, 0x21, 0x46, 0x21, 0x46, 0x21,
  0x46, 0x21, 0x46, 0x21, 0x46, 0x21, 0x46, 0x21, 0x46, 0x21, 0x46, 0x21, 0x46, 0x21, 0x46, 0x21,
  0x46, 0x21, 0x46, 0x21, 0x46, 0x21, 0x46, 0x21, 0x46, 0x21, 0x46, 0x21, 0x46, 0x21, 0x46, 0x21,
  0x46, 0x21, 0x46, 0x21, 0x46, 0x21, 0x46, 0x21, 0x46, 0x21, 0x46, 0x21, 0x46, 0x21, 0x46, 0x21,
  0x46, 0x21, 0x46, 0x21, 0x46, 0x21, 0x46, 0x21, 0x46, 0x21, 0xa8, 0x31, 0x69, 0x4a, 0x69, 0x4a,
  0x49, 0x4a, 0x49, 0x4a, 0x49, 0x4a, 0x48, 0x4a, 0x48, 0x4a, 0x28, 0x42, 0x28, 0x42, 0x48, 0x42,
  0x28, 0x42, 0x28, 0x42, 0x28, 0x42, 0x48, 0x42, 0x48, 0x42, 0x48, 0x42, 0x49, 0x4a, 0x49, 0x4a,
  0x49, 0x4a, 0x49, 0x4a, 0x49, 0x4a, 0x49, 0x42, 0x8a, 0x52, 0x14, 0xa5, 0x35, 0xa5, 0xeb, 0x5a,
  0x69, 0x4a, 0x8a, 0x4a, 0x69, 0x4a, 0x69, 0x4a, 0x69, 0x4a, 0x69, 0x4a, 0x69, 0x4a, 0x69, 0x4a,
  0x49, 0x4a, 0x49, 0x4a, 0x49, 0x4a, 0x49, 0x4a, 0x49, 0x4a, 0x48, 0x42, 0x28, 0x42, 0x28, 0x42,
  0x28, 0x42, 0x28, 0x42, 0x49, 0x42, 0x28, 0x42, 0x49, 0x42, 0x48, 0x42, 0x28, 0x42, 0x28, 0x42,
  0x28, 0x42, 0x28, 0x42, 0x28, 0x42, 0x86, 0x31, 0x49, 0x4a, 0x49, 0x42, 0x48, 0x42, 0x48, 0x42,
  0x48, 0x42, 0x49, 0x42, 0x28, 0x42, 0xca, 0x52, 0xeb, 0x5a, 0xeb, 0x5a, 0xeb, 0x5a, 0xeb, 0x5a,
  0xeb, 0x5a, 0xcb, 0x5a, 0x0b, 0x5b, 0xe8, 0x39, 0x62, 0x08, 0x61, 0x08, 0x62, 0x08, 0x82, 0x10,
  0x04, 0x21, 0x86, 0x31, 0x08, 0x42, 0x69, 0x4a, 0xcb, 0x52, 0x0b, 0x5b, 0x0c, 0x63, 0xeb, 0x5a,
  0xad, 0x73, 0x0b, 0x5b, 0x0b, 0x5b, 0x0b, 0x63, 0x0b, 0x63, 0x2c, 0x63, 0x0c, 0x63, 0x2c, 0x63,
  0x2c, 0x63, 0x2c, 0x63, 0x2c, 0x63, 0x2c, 0x63, 0x2c, 0x63, 0x0b, 0x5b, 0x15, 0xc6, 0xb7, 0xde,
  0xd8, 0xde, 0x33, 0xa5, 0xeb, 0x5a, 0x2c, 0x63, 0x2c, 0x63, 0x8a, 0x4a, 0xaa, 0x52, 0x4c, 0x63,
  0x0b, 0x5b, 0xeb, 0x5a, 0xeb, 0x5a, 0xeb, 0x5a, 0xeb, 0x5a, 0xeb, 0x5a, 0xeb, 0x5a, 0xeb, 0x5a,
  0x0b, 0x5b, 0x0b, 0x5b, 0x0b, 0x5b, 0x0b, 0x5b, 0xeb, 0x5a, 0xeb, 0x5a, 0x0b, 0x5b, 0x0b, 0x5b,
  0xeb, 0x5a, 0xeb, 0x5a, 0xeb, 0x5a, 0x0b, 0x5b, 0xeb, 0x5a, 0xeb, 0x5a, 0x0b, 0x5b, 0x0b, 0x5b,
  0x0b, 0x5b, 0x0b, 0x5b, 0x0b, 0x5b, 0x0b, 0x63, 0xeb, 0x5a, 0xeb, 0x5a, 0x0b, 0x63, 0x6d, 0x6b,
  0x8d, 0x73, 0x0f, 0x84, 0xce, 0x7b, 0xab, 0x52, 0xc8, 0x31, 0x87, 0x29, 0x05, 0x19, 0x26, 0x21,
  0x46, 0x21, 0x66, 0x29, 0x46, 0x21, 0x46, 0x21, 0x46, 0x21, 0x46, 0x21, 0x46, 0x21, 0x46, 0x21,
  0x46, 0x21, 0x46, 0x21, 0x46, 0x21, 0x46, 0x21, 0x46, 0x21, 0x46, 0x21, 0x46, 0x21, 0x46, 0x21,
  0x46, 0x21, 0x46, 0x21, 0x46, 0x21, 0x46, 0x21, 0x46, 0x21, 0x46, 0x21, 0x46, 0x21, 0x46, 0x21,
  0x46, 0x21, 0x46, 0x21, 0x46, 0x21, 0x46, 0x21, 0x46, 0x21, 0x46, 0x21, 0x46, 0x21, 0x46, 0x21,
  0x46, 0x21, 0x46, 0x21, 0x46, 0x21, 0x46, 0x21, 0x46, 0x21, 0x46, 0x21, 0x46, 0x21, 0x46, 0x21,
  0x46, 0x21, 0x46, 0x21, 0x46, 0x21, 0x46, 0x21, 0x46, 0x21, 0x46, 0x21, 0x46, 0x21, 0x46, 0x21,
  0x46, 0x21, 0x46, 0x21, 0x46, 0x21, 0x46, 0x21, 0x46, 0x21, 0x46, 0x21, 0x46, 0x21, 0x46, 0x21,
  0x46, 0x21, 0x46, 0x21, 0x46, 0x21, 0x46, 0x21, 0x46, 0x21, 0x46, 0x21, 0x46, 0x21, 0x46, 0x21,
  0x46, 0x21, 0x46, 0x21, 0x46, 0x21, 0x46, 0x21, 0x46, 0x21, 0x46, 0x21, 0x46, 0x21, 0x46, 0x21,
  0x26, 0x21, 0xe8, 0x39, 0x8a, 0x52, 0x69, 0x4a, 0x49, 0x4a, 0x49, 0x4a, 0x48, 0x4a, 0x48, 0x42,
  0x48, 0x42, 0x28, 0x42, 0x48, 0x42, 0x28, 0x42, 0x28, 0x42, 0x28, 0x42, 0x28, 0x42, 0x28, 0x42,
  0x48, 0x42, 0x28, 0x42, 0x49, 0x4a, 0x49, 0x4a, 0x49, 0x4a, 0x49, 0x4a, 0x49, 0x4a, 0x48, 0x42,
  0x28, 0x42, 0x31, 0x84, 0x92, 0x94, 0x69, 0x4a, 0x49, 0x4a, 0x69, 0x4a, 0x8a, 0x4a, 0x69, 0x4a,
  0x69, 0x4a, 0x69, 0x4a, 0x69, 0x4a, 0x49, 0x4a, 0x49, 0x4a, 0x49, 0x4a, 0x49, 0x4a, 0x49, 0x4a,
  0x49, 0x4a, 0x48, 0x42, 0x28, 0x42, 0x28, 0x42, 0x28, 0x42, 0x28, 0x42, 0x49, 0x42, 0x49, 0x42,
  0x48, 0x42, 0x48, 0x42, 0x28, 0x42, 0x28, 0x42, 0x28, 0x42, 0x28, 0x42, 0x08, 0x42, 0x86, 0x31,
  0x49, 0x4a, 0x49, 0x42, 0x48, 0x42, 0x48, 0x42, 0x48, 0x42, 0x49, 0x42, 0x29, 0x42, 0xca, 0x52,
  0xeb, 0x5a, 0xeb, 0x5a, 0xeb, 0x5a, 0xeb, 0x5a, 0xeb, 0x5a, 0xcb, 0x5a, 0x0b, 0x5b, 0xe7, 0x39,
  0xc7, 0x31, 0xeb, 0x5a, 0x8a, 0x52, 0xe7, 0x39, 0x24, 0x21, 0x82, 0x10, 0x62, 0x08, 0x62, 0x08,
  0x82, 0x10, 0x04, 0x21, 0x86, 0x31, 0x28, 0x42, 0x6a, 0x4a, 0xeb, 0x5a, 0x2c, 0x63, 0x2c, 0x63,
  0x2c, 0x63, 0x2c, 0x63, 0x2c, 0x63, 0x2c, 0x63, 0x2c, 0x63, 0x2c, 0x63, 0x2c, 0x63, 0x2c, 0x63,
  0x2c, 0x63, 0xca, 0x52, 0x33, 0xa5, 0xd8, 0xde, 0xd8, 0xde, 0xf2, 0xa4, 0xeb, 0x5a, 0x2c, 0x63,
  0x2c, 0x63, 0x8a, 0x52, 0xaa, 0x52, 0x4c, 0x63, 0x0b, 0x5b, 0xeb, 0x5a, 0xeb, 0x5a, 0xeb, 0x5a,
  0xeb, 0x5a, 0xeb, 0x5a, 0xeb, 0x5a, 0xeb, 0x5a, 0xeb, 0x5a, 0xeb, 0x5a, 0xeb, 0x5a, 0xeb, 0x5a,
  0xeb, 0x5a, 0xeb, 0x5a, 0xeb, 0x5a, 0xeb, 0x5a, 0xeb, 0x5a, 0xeb, 0x5a, 0xeb, 0x5a, 0xeb, 0x5a,
  0xeb, 0x5a, 0xeb, 0x5a, 0x0b, 0x5b, 0xeb, 0x5a, 0x0b, 0x5b, 0x0b, 0x5b, 0x0b, 0x5b, 0x0b, 0x5b,
  0x0b, 0x5b, 0x0b, 0x5b, 0x0c, 0x63, 0x0b, 0x63, 0xeb, 0x5a, 0xeb, 0x5a, 0x2c, 0x63, 0x6c, 0x6b,
  0xee, 0x7b, 0xae, 0x73, 0x0c, 0x5b, 0x09, 0x3a, 0x87, 0x29, 0x05, 0x19, 0x26, 0x21, 0x46, 0x21,
  0x46, 0x21, 0x46, 0x21, 0x46, 0x21, 0x46, 0x21, 0x46, 0x21, 0x46, 0x21, 0x46, 0x21, 0x46, 0x21,
  0x46, 0x21, 0x46, 0x21, 0x46, 0x21, 0x46, 0x21, 0x46, 0x21, 0x46, 0x21, 0x46, 0x21, 0x46, 0x21,
  0x46, 0x21, 0x46, 0x21, 0x46, 0x21, 0x46, 0x21, 0x46, 0x21, 0x46, 0x21, 0x46, 0x21, 0x46, 0x21,
  0x46, 0x21, 0x46, 0x21, 0x46, 0x21, 0x46, 0x21, 0x46, 0x21, 0x46, 0x21, 0x46, 0x21, 0x46, 0x21,
  0x46, 0x21, 0x46, 0x21, 0x46, 0x21, 0x46, 0x21, 0x46, 0x21, 0x46, 0x21, 0x46, 0x21, 0x46, 0x21,
  0x46, 0x21, 0x46, 0x21, 0x46, 0x21, 0x46, 0x21, 0x46, 0x21, 0x46, 0x21, 0x46, 0x21, 0x46, 0x21,
  0x46, 0x21, 0x46, 0x21, 0x46, 0x21, 0x46, 0x21, 0x46, 0x21, 0x46, 0x21, 0x46, 0x21, 0x46, 0x21,
  0x46, 0x21, 0x46, 0x21, 0x46, 0x21, 0x46, 0x21, 0x46, 0x21, 0x46, 0x21, 0x46, 0x21, 0x46, 0x21,
  0x46, 0x21, 0x46, 0x21, 0x46, 0x21, 0x46, 0x21, 0x26, 0x21, 0xc8, 0x31, 0x8a, 0x52, 0x69, 0x4a,
  0x49, 0x4a, 0x69, 0x4a, 0x48, 0x4a, 0x48, 0x42, 0x48, 0x42, 0x28, 0x42, 0x28, 0x42, 0x28, 0x42,
  0x28, 0x42, 0x28, 0x42, 0x28, 0x42, 0x28, 0x42, 0x48, 0x42, 0x48, 0x42, 0x49, 0x42, 0x49, 0x42,
  0x49, 0x4a, 0x28, 0x42, 0x07, 0x3a, 0x8a, 0x4a, 0x8a, 0x52, 0xaf, 0x73, 0xcf, 0x7b, 0xaa, 0x52,
  0x0c, 0x63, 0x8a, 0x52, 0x28, 0x42, 0x69, 0x4a, 0x89, 0x4a, 0x69, 0x4a, 0x69, 0x4a, 0x49, 0x4a,
  0x69, 0x4a, 0x49, 0x4a, 0x49, 0x4a, 0x49, 0x4a, 0x49, 0x42, 0x48, 0x42, 0x28, 0x42, 0x28, 0x42,
  0x28, 0x42, 0x28, 0x42, 0x28, 0x42, 0x28, 0x42, 0x28, 0x42, 0x28, 0x42, 0x28, 0x42, 0x28, 0x42,
  0x28, 0x42, 0x28, 0x42, 0x08, 0x42, 0x86, 0x29, 0x49, 0x4a, 0x48, 0x42, 0x48, 0x42, 0x48, 0x42,
  0x28, 0x42, 0x28, 0x42, 0x28, 0x42, 0xca, 0x52, 0xeb, 0x5a, 0xeb, 0x5a, 0xeb, 0x5a, 0xeb, 0x5a,
  0xeb, 0x5a, 0xcb, 0x5a, 0x0b, 0x5b, 0xa6, 0x31, 0x66, 0x29, 0x2c, 0x63, 0x2c, 0x63, 0x4c, 0x6b,
  0x4d, 0x6b, 0x2c, 0x63, 0xeb, 0x5a, 0x8a, 0x52, 0xe7, 0x39, 0x24, 0x21, 0xa3, 0x10, 0x82, 0x10,
  0x82, 0x08, 0xa3, 0x10, 0x04, 0x21, 0x86, 0x31, 0x28, 0x42, 0x8a, 0x52, 0x0b, 0x5b, 0x2c, 0x63,
  0x4c, 0x63, 0x4c, 0x63, 0x4c, 0x63, 0x2c, 0x63, 0x2c, 0x63, 0x0b, 0x5b, 0x4c, 0x6b, 0x57, 0xce,
  0x77, 0xd6, 0xee, 0x7b, 0xeb, 0x5a, 0x2c, 0x63, 0x2c, 0x63, 0x8a, 0x52, 0xaa, 0x52, 0x4c, 0x63,
  0x0b, 0x63, 0xeb, 0x5a, 0xeb, 0x5a, 0xeb, 0x5a, 0xeb, 0x5a, 0xeb, 0x5a, 0xeb, 0x5a, 0xeb, 0x5a,
  0xeb, 0x5a, 0xeb, 0x5a, 0xeb, 0x5a, 0xeb, 0x5a, 0xeb, 0x5a, 0xeb, 0x5a, 0xeb, 0x5a, 0xeb, 0x5a,
  0xeb, 0x5a, 0xeb, 0x5a, 0xeb, 0x5a, 0xeb, 0x5a, 0xeb, 0x5a, 0xeb, 0x5a, 0xeb, 0x5a, 0xeb, 0x5a,
  0xeb, 0x5a, 0x0b, 0x5b, 0xeb, 0x5a, 0x0b, 0x5b, 0x0b, 0x63, 0x0b, 0x5b, 0xeb, 0x5a, 0x0b, 0x5b,
  0x0b, 0x63, 0x0b, 0x63, 0x0b, 0x5b, 0x0b, 0x5b, 0xeb, 0x5a, 0x2c, 0x63, 0x8d, 0x73, 0xef, 0x7b,
  0xae, 0x73, 0x0c, 0x63, 0xe8, 0x39, 0x67, 0x29, 0x46, 0x21, 0x46, 0x21, 0x46, 0x21, 0x46, 0x21,
  0x46, 0x21, 0x46, 0x21, 0x46, 0x21, 0x46, 0x21, 0x46, 0x21, 0x46, 0x21, 0x46, 0x21, 0x46, 0x21,
  0x46, 0x21, 0x46, 0x21, 0x46, 0x21, 0x46, 0x21, 0x46, 0x21, 0x46, 0x21, 0x46, 0x21, 0x46, 0x21,
  0x46, 0x21, 0x46, 0x21, 0x46, 0x21, 0x46, 0x21, 0x46, 0x21, 0x46, 0x21, 0x46, 0x21, 0x46, 0x21,
  0x46, 0x21, 0x46, 0x21, 0x46, 0x21, 0x46, 0x21, 0x46, 0x21, 0x46, 0x21, 0x46, 0x21, 0x46, 0x21,
  0x46, 0x21, 0x46, 0x21, 0x46, 0x21, 0x46, 0x21, 0x46, 0x21, 0x46, 0x21, 0x46, 0x21, 0x46, 0x21,
  0x46, 0x21, 0x46, 0x21, 0x46, 0x21, 0x46, 0x21, 0x46, 0x21, 0x46, 0x21, 0x46, 0x21, 0x46, 0x21,
  0x46, 0x21, 0x46, 0x21, 0x46, 0x21, 0x46, 0x21, 0x46, 0x21, 0x46, 0x21, 0x46, 0x21, 0x46, 0x21,
  0x46, 0x21, 0x46, 0x21, 0x46, 0x21, 0x46, 0x21, 0x46, 0x21, 0x46, 0x21, 0x46, 0x21, 0x46, 0x21,
  0x46, 0x21, 0x46, 0x21, 0x49, 0x4a, 0x69, 0x4a, 0x69, 0x4a, 0x69, 0x4a, 0x49, 0x4a, 0x48, 0x42,
  0x48, 0x42, 0x48, 0x42, 0x28, 0x42, 0x28, 0x42, 0x28, 0x42, 0x28, 0x42, 0x28, 0x42, 0x28, 0x42,
  0x48, 0x42, 0x49, 0x42, 0x48, 0x42, 0x49, 0x4a, 0x08, 0x42, 0x8a, 0x52, 0xf0, 0x7b, 0x15, 0xa5,
  0xf8, 0xbd, 0x97, 0xb5, 0x76, 0xad, 0xd8, 0xbd, 0xb7, 0xb5, 0x14, 0xa5, 0xcf, 0x7b, 0x69, 0x4a,
  0x49, 0x4a, 0x69, 0x4a, 0x49, 0x4a, 0x49, 0x4a, 0x49, 0x4a, 0x49, 0x4a, 0x49, 0x4a, 0x49, 0x4a,
  0x49, 0x4a, 0x48, 0x42, 0x28, 0x42, 0x48, 0x42, 0x28, 0x42, 0x28, 0x42, 0x28, 0x42, 0x28, 0x42,
  0x28, 0x42, 0x28, 0x42, 0x28, 0x42, 0x28, 0x42, 0x28, 0x42, 0x08, 0x42, 0x08, 0x42, 0x86, 0x31,
  0x49, 0x42, 0x48, 0x42, 0x48, 0x42, 0x28, 0x42, 0x48, 0x42, 0x28, 0x42, 0x28, 0x42, 0xca, 0x52,
  0xeb, 0x5a, 0xeb, 0x5a, 0xeb, 0x5a, 0xeb, 0x5a, 0xeb, 0x5a, 0xcb, 0x5a, 0x0b, 0x5b, 0xa6, 0x31,
  0x66, 0x29, 0xeb, 0x5a, 0xeb, 0x5a, 0xeb, 0x5a, 0xeb, 0x5a, 0xeb, 0x5a, 0x0b, 0x5b, 0x2c, 0x63,
  0x2c, 0x63, 0x4c, 0x63, 0x4c, 0x63, 0x2c, 0x63, 0xcb, 0x52, 0x28, 0x42, 0x45, 0x29, 0xc3, 0x10,
  0x82, 0x10, 0x62, 0x08, 0x82, 0x10, 0x04, 0x21, 0xa6, 0x31, 0x28, 0x42, 0xaa, 0x52, 0x2c, 0x63,
  0x4c, 0x6b, 0x6d, 0x6b, 0x2c, 0x63, 0xae, 0x73, 0x0f, 0x84, 0x0c, 0x63, 0x0c, 0x63, 0x2c, 0x63,
  0x2c, 0x63, 0xaa, 0x52, 0xaa, 0x52, 0x2c, 0x63, 0x0b, 0x5b, 0xeb, 0x5a, 0xeb, 0x5a, 0xeb, 0x5a,
  0xeb, 0x5a, 0xeb, 0x5a, 0xeb, 0x5a, 0xeb, 0x5a, 0xeb, 0x5a, 0xeb, 0x5a, 0xcb, 0x5a, 0xcb, 0x5a,
  0xeb, 0x5a, 0xeb, 0x5a, 0xeb, 0x5a, 0xeb, 0x5a, 0xeb, 0x5a, 0xeb, 0x5a, 0xeb, 0x5a, 0xeb, 0x5a,
  0xeb, 0x5a, 0xeb, 0x5a, 0xeb, 0x5a, 0xeb, 0x5a, 0xeb, 0x5a, 0xeb, 0x5a, 0xeb, 0x5a, 0x0b, 0x5b,
  0x0b, 0x5b, 0xeb, 0x5a, 0xeb, 0x5a, 0xeb, 0x5a, 0x0b, 0x5b, 0xeb, 0x5a, 0x0b, 0x5b, 0x0c, 0x63,
  0x0c, 0x63, 0x0c, 0x63, 0xec, 0x5a, 0xeb, 0x5a, 0x2c, 0x63, 0x6d, 0x6b, 0x71, 0x8c, 0xcb, 0x52,
  0x05, 0x19, 0x66, 0x29, 0x46, 0x21, 0x46, 0x21, 0x46, 0x21, 0x46, 0x21, 0x46, 0x21, 0x46, 0x21,
  0x46, 0x21, 0x46, 0x21, 0x46, 0x21, 0x46, 0x21, 0x46, 0x21, 0x46, 0x21, 0x46, 0x21, 0x46, 0x21,
  0x46, 0x21, 0x46, 0x21, 0x46, 0x21, 0x46, 0x21, 0x46, 0x21, 0x46, 0x21, 0x46, 0x21, 0x46, 0x21,
  0x46, 0x21, 0x46, 0x21, 0x46, 0x21, 0x46, 0x21, 0x46, 0x21, 0x46, 0x21, 0x46, 0x21, 0x46, 0x21,
  0x46, 0x21, 0x46, 0x21, 0x46, 0x21, 0x46, 0x21, 0x46, 0x21, 0x46, 0x21, 0x46, 0x21, 0x46, 0x21,
  0x46, 0x21, 0x46, 0x21, 0x46, 0x21, 0x46, 0x21, 0x46, 0x21, 0x46, 0x21, 0x46, 0x21, 0x46, 0x21,
  0x46, 0x21, 0x46, 0x21, 0x46, 0x21, 0x46, 0x21, 0x46, 0x21, 0x46, 0x21, 0x46, 0x21, 0x46, 0x21,
  0x46, 0x21, 0x46, 0x21, 0x46, 0x21, 0x46, 0x21, 0x46, 0x21, 0x46, 0x21, 0x46, 0x21, 0x46, 0x21,
  0x46, 0x21, 0x46, 0x21, 0x46, 0x21, 0x46, 0x21, 0x46, 0x21, 0x66, 0x29, 0x49, 0x4a, 0x69, 0x4a,
  0x69, 0x4a, 0x69, 0x4a, 0x49, 0x4a, 0x48, 0x4a, 0x48, 0x42, 0x48, 0x4a, 0x48, 0x42, 0x28, 0x42,
  0x28, 0x42, 0x28, 0x42, 0x28, 0x42, 0x28, 0x42, 0x28, 0x42, 0x28, 0x42, 0x49, 0x4a, 0x08, 0x42,
  0x4d, 0x63, 0x56, 0xad, 0xd7, 0xbd, 0xd8, 0xbd, 0xd8, 0xbd, 0x97, 0xb5, 0xb7, 0xb5, 0xd8, 0xbd,
  0xd8, 0xbd, 0x18, 0xbe, 0xf8, 0xbd, 0x35, 0xa5, 0xcb, 0x5a, 0x28, 0x42, 0x69, 0x4a, 0x49, 0x4a,
  0x49, 0x4a, 0x49, 0x4a, 0x49, 0x42, 0x49, 0x4a, 0x49, 0x4a, 0x48, 0x42, 0x48, 0x42, 0x48, 0x42,
  0x49, 0x42, 0x28, 0x42, 0x28, 0x42, 0x28, 0x42, 0x28, 0x42, 0x28, 0x42, 0x28, 0x42, 0x28, 0x42,
  0x28, 0x42, 0x28, 0x42, 0x08, 0x3a, 0x87, 0x31, 0x49, 0x42, 0x48, 0x42, 0x48, 0x42, 0x48, 0x42,
  0x28, 0x42, 0x28, 0x42, 0x28, 0x42, 0xca, 0x52, 0xeb, 0x5a, 0xeb, 0x5a, 0xeb, 0x5a, 0xeb, 0x5a,
  0xeb, 0x5a, 0xcb, 0x5a, 0x0b, 0x5b, 0xa6, 0x31, 0x66, 0x29, 0xeb, 0x5a, 0xeb, 0x5a, 0xeb, 0x5a,
  0xeb, 0x5a, 0xeb, 0x5a, 0xeb, 0x5a, 0xeb, 0x5a, 0xeb, 0x5a, 0xeb, 0x5a, 0xeb, 0x5a, 0x2c, 0x63,
  0x4c, 0x6b, 0x4d, 0x6b, 0x6d, 0x6b, 0x6d, 0x6b, 0x2c, 0x63, 0xaa, 0x52, 0x28, 0x42, 0x45, 0x29,
  0xe3, 0x18, 0x82, 0x10, 0x61, 0x08, 0x82, 0x10, 0x24, 0x21, 0xa6, 0x31, 0x49, 0x4a, 0x8a, 0x52,
  0xeb, 0x5a, 0x4c, 0x6b, 0x6d, 0x6b, 0x4d, 0x6b, 0x4d, 0x6b, 0xaa, 0x52, 0xaa, 0x52, 0x2c, 0x63,
  0xeb, 0x5a, 0xeb, 0x5a, 0xeb, 0x5a, 0xeb, 0x5a, 0xeb, 0x5a, 0xeb, 0x5a, 0xeb, 0x5a, 0xeb, 0x5a,
  0xeb, 0x5a, 0xeb, 0x5a, 0xeb, 0x5a, 0xcb, 0x5a, 0xcb, 0x5a, 0xeb, 0x5a, 0xeb, 0x5a, 0xeb, 0x5a,
  0xeb, 0x5a, 0xeb, 0x5a, 0xeb, 0x5a, 0xeb, 0x5a, 0xeb, 0x5a, 0xeb, 0x5a, 0xeb, 0x5a, 0xeb, 0x5a,
  0xeb, 0x5a, 0xeb, 0x5a, 0xeb, 0x5a, 0x0b, 0x5b, 0x0b, 0x5b, 0xeb, 0x5a, 0xeb, 0x5a, 0xeb, 0x5a,
  0x0b, 0x5b, 0x0b, 0x5b, 0x0b, 0x5b, 0x0b, 0x5b, 0x0b, 0x5b, 0x0c, 0x63, 0x0c, 0x63, 0x0c, 0x63,
  0x2c, 0x63, 0xeb, 0x5a, 0xef, 0x7b, 0x0c, 0x5b, 0x05, 0x19, 0x66, 0x29, 0x46, 0x21, 0x46, 0x21,
  0x46, 0x21, 0x46, 0x21, 0x46, 0x21, 0x46, 0x21, 0x46, 0x21, 0x46, 0x21, 0x46, 0x21, 0x46, 0x21,
  0x46, 0x21, 0x46, 0x21, 0x46, 0x21, 0x46, 0x21, 0x46, 0x21, 0x46, 0x21, 0x46, 0x21, 0x46, 0x21,
  0x46, 0x21, 0x46, 0x21, 0x46, 0x21, 0x46, 0x21, 0x46, 0x21, 0x46, 0x21, 0x46, 0x21, 0x46, 0x21,
  0x46, 0x21, 0x46, 0x21, 0x46, 0x21, 0x46, 0x21, 0x46, 0x21, 0x46, 0x21, 0x46, 0x21, 0x46, 0x21,
  0x46, 0x21, 0x46, 0x21, 0x46, 0x21, 0x46, 0x21, 0x46, 0x21, 0x46, 0x21, 0x46, 0x21, 0x46, 0x21,
  0x46, 0x21, 0x46, 0x21, 0x46, 0x21, 0x46, 0x21, 0x46, 0x21, 0x46, 0x21, 0x46, 0x21, 0x46, 0x21,
  0x46, 0x21, 0x46, 0x21, 0x46, 0x21, 0x46, 0x21, 0x46, 0x21, 0x46, 0x21, 0x46, 0x21, 0x46, 0x21,
  0x46, 0x21, 0x46, 0x21, 0x46, 0x21, 0x46, 0x21, 0x46, 0x21, 0x46, 0x21, 0x46, 0x21, 0x46, 0x21,
  0x46, 0x21, 0x66, 0x29, 0x49, 0x4a, 0x69, 0x4a, 0x49, 0x4a, 0x49, 0x4a, 0x49, 0x4a, 0x48, 0x4a,
  0x48, 0x42, 0x48, 0x42, 0x48, 0x42, 0x28, 0x42, 0x28, 0x42, 0x28, 0x42, 0x28, 0x42, 0x28, 0x42,
  0x28, 0x42, 0x49, 0x4a, 0x08, 0x42, 0x6d, 0x6b, 0x76, 0xad, 0x76, 0xad, 0xb7, 0xb5, 0xf8, 0xbd,
  0xd8, 0xbd, 0xb7, 0xb5, 0xb7, 0xb5, 0x56, 0xad, 0x76, 0xad, 0xb7, 0xb5, 0xd8, 0xbd, 0xb7, 0xb5,
  0x35, 0xa5, 0xcb, 0x5a, 0x28, 0x42, 0x69, 0x4a, 0x69, 0x4a, 0x49, 0x4a, 0x49, 0x42, 0x49, 0x42,
  0x49, 0x42, 0x49, 0x42, 0x49, 0x42, 0x48, 0x42, 0x48, 0x42, 0x28, 0x42, 0x28, 0x42, 0x28, 0x42,
  0x28, 0x42, 0x28, 0x42, 0x28, 0x42, 0x28, 0x42, 0x08, 0x42, 0x08, 0x42, 0x08, 0x3a, 0x86, 0x29,
  0x49, 0x42, 0x49, 0x42, 0x28, 0x42, 0x28, 0x42, 0x48, 0x42, 0x28, 0x42, 0x08, 0x42, 0xca, 0x52,
  0xeb, 0x5a, 0xeb, 0x5a, 0xeb, 0x5a, 0xeb, 0x5a, 0xeb, 0x5a, 0xcb, 0x5a, 0x0b, 0x5b, 0xa6, 0x31,
  0x66, 0x29, 0xeb, 0x5a, 0xeb, 0x5a, 0xeb, 0x5a, 0xeb, 0x5a, 0xeb, 0x5a, 0xeb, 0x5a, 0xeb, 0x5a,
  0xeb, 0x5a, 0xeb, 0x5a, 0xeb, 0x5a, 0xeb, 0x5a, 0x0b, 0x5b, 0x0b, 0x5b, 0xeb, 0x5a, 0x0b, 0x5b,
  0x2c, 0x63, 0x4c, 0x63, 0x6d, 0x6b, 0x6d, 0x6b, 0x6d, 0x6b, 0x2c, 0x63, 0xaa, 0x52, 0x08, 0x42,
  0x45, 0x29, 0xe3, 0x18, 0x82, 0x10, 0x62, 0x08, 0xa3, 0x10, 0x24, 0x21, 0xa6, 0x31, 0x48, 0x42,
  0xeb, 0x5a, 0x89, 0x4a, 0x8a, 0x52, 0x0b, 0x5b, 0xeb, 0x5a, 0x0b, 0x5b, 0xeb, 0x5a, 0xeb, 0x5a,
  0xeb, 0x5a, 0xeb, 0x5a, 0xeb, 0x5a, 0xeb, 0x5a, 0xeb, 0x5a, 0xeb, 0x5a, 0xeb, 0x5a, 0xeb, 0x5a,
  0xeb, 0x5a, 0xeb, 0x5a, 0xeb, 0x5a, 0xeb, 0x5a, 0xeb, 0x5a, 0xeb, 0x5a, 0xeb, 0x5a, 0xeb, 0x5a,
  0xeb, 0x5a, 0xeb, 0x5a, 0xeb, 0x5a, 0xeb, 0x5a, 0xeb, 0x5a, 0xeb, 0x5a, 0xeb, 0x5a, 0x0b, 0x5b,
  0xeb, 0x5a, 0x0b, 0x5b, 0x0b, 0x5b, 0x0b, 0x5b, 0xeb, 0x5a, 0xeb, 0x5a, 0xeb, 0x5a, 0x0b, 0x5b,
  0x0b, 0x5b, 0x0c, 0x5b, 0x0c, 0x63, 0x0c, 0x63, 0x0c, 0x63, 0xeb, 0x5a, 0xce, 0x7b, 0xec, 0x5a,
  0x05, 0x19, 0x66, 0x29, 0x46, 0x21, 0x46, 0x21, 0x46, 0x21, 0x46, 0x21, 0x46, 0x21, 0x46, 0x21,
  0x46, 0x21, 0x46, 0x21, 0x46, 0x21, 0x46, 0x21, 0x46, 0x21, 0x46, 0x21, 0x46, 0x21, 0x46, 0x21,
  0x46, 0x21, 0x46, 0x21, 0x46, 0x21, 0x46, 0x21, 0x46, 0x21, 0x46, 0x21, 0x46, 0x21, 0x46, 0x21,
  0x46, 0x21, 0x46, 0x21, 0x46, 0x21, 0x46, 0x21, 0x46, 0x21, 0x46, 0x21, 0x46, 0x21, 0x46, 0x21,
  0x46, 0x21, 0x46, 0x21, 0x46, 0x21, 0x46, 0x21, 0x46, 0x21, 0x46, 0x21, 0x46, 0x21, 0x46, 0x21,
  0x46, 0x21, 0x46, 0x21, 0x46, 0x21, 0x46, 0x21, 0x46, 0x21, 0x46, 0x21, 0x46, 0x21, 0x46, 0x21,
  0x46, 0x21, 0x46, 0x21, 0x46, 0x21, 0x46, 0x21, 0x46, 0x21, 0x46, 0x21, 0x46, 0x21, 0x46, 0x21,
  0x46, 0x21, 0x46, 0x21, 0x46, 0x21, 0x46, 0x21, 0x46, 0x21, 0x46, 0x21, 0x46, 0x21, 0x46, 0x21,
  0x46, 0x21, 0x46, 0x21, 0x46, 0x21, 0x46, 0x21, 0x46, 0x21, 0x66, 0x29, 0x69, 0x4a, 0x69, 0x4a,
  0x69, 0x4a, 0x49, 0x4a, 0x48, 0x42, 0x48, 0x42, 0x48, 0x42, 0x48, 0x42, 0x48, 0x42, 0x48, 0x42,
  0x28, 0x42, 0x28, 0x42, 0x28, 0x42, 0x28, 0x42, 0x49, 0x4a, 0x08, 0x42, 0xec, 0x5a, 0xb7, 0xb5,
  0x76, 0xad, 0x76, 0xad, 0x92, 0x94, 0x4d, 0x6b, 0xcb, 0x5a, 0x10, 0x84, 0x30, 0x84, 0x69, 0x4a,
  0xcb, 0x5a, 0x2d, 0x63, 0xb3, 0x94, 0x97, 0xb5, 0xb7, 0xb5, 0x55, 0xa5, 0xaa, 0x52, 0x48, 0x42,
  0x69, 0x4a, 0x49, 0x4a, 0x49, 0x42, 0x49, 0x4a, 0x49, 0x42, 0x49, 0x42, 0x49, 0x4a, 0x49, 0x42,
  0x48, 0x42, 0x28, 0x42, 0x28, 0x42, 0x28, 0x42, 0x28, 0x42, 0x28, 0x42, 0x28, 0x42, 0x28, 0x42,
  0x08, 0x42, 0x08, 0x42, 0xe8, 0x39, 0x86, 0x29, 0x49, 0x4a, 0x48, 0x42, 0x28, 0x42, 0x28, 0x42,
  0x48, 0x42, 0x28, 0x42, 0x28, 0x42, 0xca, 0x52, 0xeb, 0x5a, 0xeb, 0x5a, 0xeb, 0x5a, 0xeb, 0x5a,
  0xeb, 0x5a, 0xcb, 0x5a, 0x0b, 0x5b, 0xa7, 0x31, 0x66, 0x29, 0xeb, 0x5a, 0xcb, 0x5a, 0xcb, 0x5a,
  0xeb, 0x5a, 0xeb, 0x5a, 0xeb, 0x5a, 0xeb, 0x5a, 0xcb, 0x5a, 0xeb, 0x5a, 0xeb, 0x5a, 0xeb, 0x5a,
  0x0b, 0x5b, 0x0b, 0x63, 0x0b, 0x63, 0x0b, 0x63, 0x0c, 0x63, 0x0b, 0x63, 0xeb, 0x5a, 0x0b, 0x63,
  0x2c, 0x63, 0x2c, 0x63, 0x6d, 0x6b, 0x8d, 0x6b, 0x8d, 0x73, 0x8d, 0x6b, 0x4c, 0x63, 0xaa, 0x52,
  0x08, 0x42, 0x66, 0x29, 0x04, 0x21, 0xc3, 0x10, 0x61, 0x08, 0xc3, 0x10, 0xaa, 0x52, 0x0b, 0x5b,
  0xeb, 0x5a, 0x0b, 0x5b, 0x0b, 0x5b, 0xeb, 0x5a, 0xeb, 0x5a, 0xeb, 0x5a, 0xeb, 0x5a, 0xeb, 0x5a,
  0xeb, 0x5a, 0xeb, 0x5a, 0xeb, 0x5a, 0xeb, 0x5a, 0xeb, 0x5a, 0xeb, 0x5a, 0xeb, 0x5a, 0x0b, 0x5b,
  0xeb, 0x5a, 0xeb, 0x5a, 0xeb, 0x5a, 0xeb, 0x5a, 0xeb, 0x5a, 0xeb, 0x5a, 0xeb, 0x5a, 0xeb, 0x5a,
  0xeb, 0x5a, 0xeb, 0x5a, 0xeb, 0x5a, 0x0b, 0x5b, 0x0b, 0x5b, 0x0b, 0x5b, 0xeb, 0x5a, 0x0b, 0x5b,
  0xeb, 0x5a, 0xeb, 0x5a, 0xeb, 0x5a, 0xeb, 0x5a, 0xeb, 0x5a, 0x0c, 0x5b, 0x0c, 0x63, 0x0c, 0x63,
  0x0c, 0x63, 0xeb, 0x5a, 0xae, 0x73, 0xcc, 0x52, 0x05, 0x19, 0x66, 0x29, 0x46, 0x21, 0x46, 0x21,
  0x46, 0x21, 0x46, 0x21, 0x46, 0x21, 0x46, 0x21, 0x46, 0x21, 0x46, 0x21, 0x46, 0x21, 0x46, 0x21,
  0x46, 0x21, 0x46, 0x21, 0x46, 0x21, 0x46, 0x21, 0x46, 0x21, 0x46, 0x21, 0x46, 0x21, 0x46, 0x21,
  0x46, 0x21, 0x46, 0x21, 0x46, 0x21, 0x46, 0x21, 0x46, 0x21, 0x46, 0x21, 0x46, 0x21, 0x46, 0x21,
  0x46, 0x21, 0x46, 0x21, 0x46, 0x21, 0x46, 0x21, 0x46, 0x21, 0x46, 0x21, 0x46, 0x21, 0x46, 0x21,
  0x46, 0x21, 0x46, 0x21, 0x46, 0x21, 0x46, 0x21, 0x46, 0x21, 0x46, 0x21, 0x46, 0x21, 0x46, 0x21,
  0x46, 0x21, 0x46, 0x21, 0x46, 0x21, 0x46, 0x21, 0x46, 0x21, 0x46, 0x21, 0x46, 0x21, 0x46, 0x21,
  0x46, 0x21, 0x46, 0x21, 0x46, 0x21, 0x46, 0x21, 0x46, 0x21, 0x46, 0x21, 0x46, 0x21, 0x46, 0x21,
  0x46, 0x21, 0x46, 0x21, 0x46, 0x21, 0x46, 0x21, 0x46, 0x21, 0x46, 0x21, 0x46, 0x21, 0x46, 0x21,
  0x46, 0x21, 0x66, 0x29, 0x69, 0x4a, 0x69, 0x4a, 0x69, 0x4a, 0x48, 0x4a, 0x48, 0x42, 0x48, 0x42,
  0x48, 0x42, 0x48, 0x42, 0x48, 0x42, 0x48, 0x42, 0x28, 0x42, 0x28, 0x42, 0x28, 0x42, 0x48, 0x42,
  0x48, 0x42, 0x49, 0x4a, 0xd4, 0x9c, 0x97, 0xb5, 0x14, 0xa5, 0x0c, 0x63, 0x28, 0x42, 0x49, 0x4a,
  0xc7, 0x39, 0x6e, 0x6b, 0xae, 0x73, 0xe7, 0x39, 0x49, 0x4a, 0x28, 0x42, 0x28, 0x42, 0x6e, 0x6b,
  0x76, 0xad, 0xf8, 0xbd, 0xb2, 0x94, 0x28, 0x42, 0x69, 0x4a, 0x49, 0x4a, 0x48, 0x42, 0x49, 0x4a,
  0x49, 0x42, 0x49, 0x42, 0x49, 0x4a, 0x49, 0x4a, 0x49, 0x42, 0x49, 0x42, 0x28, 0x42, 0x28, 0x42,
  0x28, 0x42, 0x28, 0x42, 0x28, 0x42, 0x28, 0x42, 0x08, 0x42, 0x08, 0x42, 0x08, 0x3a, 0x66, 0x29,
  0x49, 0x4a, 0x48, 0x42, 0x28, 0x42, 0x28, 0x42, 0x28, 0x42, 0x28, 0x42, 0x28, 0x42, 0xca, 0x52,
  0xeb, 0x5a, 0xeb, 0x5a, 0xeb, 0x5a, 0xeb, 0x5a, 0xeb, 0x5a, 0xcb, 0x5a, 0x0b, 0x5b, 0xa6, 0x31,
  0x46, 0x29, 0xca, 0x5a, 0xcb, 0x5a, 0xcb, 0x5a, 0xeb, 0x5a, 0xeb, 0x5a, 0xeb, 0x5a, 0xcb, 0x5a,
  0xcb, 0x5a, 0xcb, 0x5a, 0xeb, 0x5a, 0xeb, 0x5a, 0xeb, 0x5a, 0x0b, 0x5b, 0x0b, 0x63, 0x0b, 0x63,
  0x0b, 0x5b, 0xeb, 0x5a, 0xeb, 0x5a, 0x0b, 0x63, 0x2c, 0x63, 0x2c, 0x63, 0x2c, 0x63, 0x2c, 0x63,
  0x2c, 0x63, 0x2c, 0x63, 0x2c, 0x63, 0x4d, 0x6b, 0x6d, 0x6b, 0x6d, 0x6b, 0x8d, 0x6b, 0x4c, 0x63,
  0xcb, 0x52, 0xc7, 0x31, 0xaa, 0x52, 0x0c, 0x63, 0xeb, 0x5a, 0x0b, 0x5b, 0x0b, 0x63, 0x0b, 0x63,
  0x0b, 0x5b, 0xeb, 0x5a, 0xeb, 0x5a, 0xeb, 0x5a, 0xeb, 0x5a, 0xeb, 0x5a, 0xeb, 0x5a, 0xeb, 0x5a,
  0xeb, 0x5a, 0xeb, 0x5a, 0xeb, 0x5a, 0xeb, 0x5a, 0xeb, 0x5a, 0xeb, 0x5a, 0xeb, 0x5a, 0xeb, 0x5a,
  0xeb, 0x5a, 0xeb, 0x5a, 0xeb, 0x5a, 0xeb, 0x5a, 0xeb, 0x5a, 0xeb, 0x5a, 0xeb, 0x5a, 0x0b, 0x5b,
  0xeb, 0x5a, 0xeb, 0x5a, 0xeb, 0x5a, 0xeb, 0x5a, 0xeb, 0x5a, 0xeb, 0x5a, 0xeb, 0x5a, 0xeb, 0x5a,
  0x0b, 0x5b, 0x0c, 0x5b, 0x0c, 0x5b, 0x0c, 0x63, 0x2c, 0x63, 0xeb, 0x5a, 0x8e, 0x73, 0xcb, 0x52,
  0x05, 0x19, 0x66, 0x29, 0x46, 0x21, 0x46, 0x21, 0x46, 0x21, 0x46, 0x21, 0x46, 0x21, 0x46, 0x21,
  0x46, 0x21, 0x46, 0x21, 0x46, 0x21, 0x46, 0x21, 0x46, 0x21, 0x46, 0x21, 0x46, 0x21, 0x46, 0x21,
  0x46, 0x21, 0x46, 0x21, 0x46, 0x21, 0x46, 0x21, 0x46, 0x21, 0x46, 0x21, 0x46, 0x21, 0x46, 0x21,
  0x46, 0x21, 0x46, 0x21, 0x46, 0x21, 0x46, 0x21, 0x46, 0x21, 0x46, 0x21, 0x46, 0x21, 0x46, 0x21,
  0x46, 0x21, 0x46, 0x21, 0x46, 0x21, 0x46, 0x21, 0x46, 0x21, 0x46, 0x21, 0x46, 0x21, 0x46, 0x21,
  0x46, 0x21, 0x46, 0x21, 0x46, 0x21, 0x46, 0x21, 0x46, 0x21, 0x46, 0x21, 0x46, 0x21, 0x46, 0x21,
  0x46, 0x21, 0x46, 0x21, 0x46, 0x21, 0x46, 0x21, 0x46, 0x21, 0x46, 0x21, 0x46, 0x21, 0x46, 0x21,
  0x46, 0x21, 0x46, 0x21, 0x46, 0x21, 0x46, 0x21, 0x46, 0x21, 0x46, 0x21, 0x46, 0x21, 0x46, 0x21,
  0x46, 0x21, 0x46, 0x21, 0x46, 0x21, 0x46, 0x21, 0x46, 0x21, 0x66, 0x29, 0x48, 0x4a, 0x49, 0x4a,
  0x49, 0x4a, 0x48, 0x4a, 0x48, 0x42, 0x48, 0x42, 0x48, 0x42, 0x48, 0x42, 0x48, 0x4a, 0x48, 0x4a,
  0x48, 0x42, 0x28, 0x42, 0x28, 0x42, 0x49, 0x4a, 0x08, 0x42, 0xae, 0x73, 0xb7, 0xb5, 0xf4, 0x9c,
  0x8a, 0x52, 0x28, 0x42, 0x69, 0x4a, 0x69, 0x4a, 0x08, 0x42, 0xae, 0x73, 0xcf, 0x73, 0x08, 0x42,
  0x69, 0x4a, 0x69, 0x4a, 0x69, 0x4a, 0x08, 0x42, 0x0c, 0x5b, 0x56, 0xad, 0xd7, 0xb5, 0x6d, 0x6b,
  0x08, 0x42, 0x69, 0x4a, 0x48, 0x42, 0x49, 0x42, 0x49, 0x42, 0x49, 0x4a, 0x49, 0x4a, 0x49, 0x4a,
  0x49, 0x42, 0x49, 0x42, 0x48, 0x42, 0x48, 0x42, 0x28, 0x42, 0x28, 0x42, 0x28, 0x42, 0x28, 0x42,
  0x28, 0x42, 0x28, 0x42, 0x08, 0x3a, 0x66, 0x29, 0x49, 0x42, 0x48, 0x42, 0x28, 0x42, 0x28, 0x42,
  0x28, 0x42, 0x29, 0x42, 0x28, 0x42, 0xca, 0x52, 0xeb, 0x5a, 0xeb, 0x5a, 0xeb, 0x5a, 0xeb, 0x5a,
  0xeb, 0x5a, 0xca, 0x5a, 0xeb, 0x5a, 0xa6, 0x31, 0x66, 0x29, 0xeb, 0x5a, 0xcb, 0x5a, 0xcb, 0x5a,
  0xeb, 0x5a, 0xeb, 0x5a, 0xeb, 0x5a, 0xeb, 0x5a, 0xaa, 0x52, 0xca, 0x5a, 0xeb, 0x5a, 0xeb, 0x5a,
  0xeb, 0x5a, 0x0b, 0x63, 0x0b, 0x63, 0x0b, 0x63, 0x0b, 0x5b, 0xeb, 0x5a, 0xeb, 0x5a, 0x0b, 0x63,
  0x0c, 0x63, 0x2c, 0x63, 0x2c, 0x63, 0x2c, 0x63, 0x2c, 0x63, 0x2c, 0x63, 0x2c, 0x63, 0x2c, 0x63,
  0x2c, 0x63, 0x0c, 0x63, 0x2c, 0x63, 0x2c, 0x63, 0x6d, 0x6b, 0x89, 0x4a, 0xaa, 0x52, 0x0c, 0x63,
  0x0b, 0x5b, 0x0b, 0x5b, 0x0b, 0x63, 0x0b, 0x5b, 0x0b, 0x5b, 0xeb, 0x5a, 0xeb, 0x5a, 0xeb, 0x5a,
  0xeb, 0x5a, 0xeb, 0x5a, 0xeb, 0x5a, 0xeb, 0x5a, 0xeb, 0x5a, 0xeb, 0x5a, 0xeb, 0x5a, 0xeb, 0x5a,
  0xeb, 0x5a, 0xeb, 0x5a, 0xeb, 0x5a, 0xeb, 0x5a, 0xeb, 0x5a, 0xeb, 0x5a, 0xcb, 0x5a, 0xeb, 0x5a,
  0xeb, 0x5a, 0xeb, 0x5a, 0xeb, 0x5a, 0xeb, 0x5a, 0xeb, 0x5a, 0xeb, 0x5a, 0xeb, 0x5a, 0xeb, 0x5a,
  0xeb, 0x5a, 0xeb, 0x5a, 0xeb, 0x5a, 0xeb, 0x5a, 0xeb, 0x5a, 0xeb, 0x5a, 0x0b, 0x5b, 0x0c, 0x63,
  0x2c, 0x63, 0xeb, 0x5a, 0x8d, 0x73, 0xab, 0x52, 0x05, 0x19, 0x66, 0x29, 0x46, 0x21, 0x46, 0x21,
  0x46, 0x21, 0x46, 0x21, 0x46, 0x21, 0x46, 0x21, 0x46, 0x21, 0x46, 0x21, 0x46, 0x21, 0x46, 0x21,
  0x46, 0x21, 0x46, 0x21, 0x46, 0x21, 0x46, 0x21, 0x46, 0x21, 0x46, 0x21, 0x46, 0x21, 0x46, 0x21,
  0x46, 0x21, 0x46, 0x21, 0x46, 0x21, 0x46, 0x21, 0x46, 0x21, 0x46, 0x21, 0x46, 0x21, 0x46, 0x21,
  0x46, 0x21, 0x46, 0x21, 0x46, 0x21, 0x46, 0x21, 0x46, 0x21, 0x46, 0x21, 0x46, 0x21, 0x46, 0x21,
  0x46, 0x21, 0x46, 0x21, 0x46, 0x21, 0x46, 0x21, 0x46, 0x21, 0x46, 0x21, 0x46, 0x21, 0x46, 0x21,
  0x46, 0x21, 0x46, 0x21, 0x46, 0x21, 0x46, 0x21, 0x46, 0x21, 0x46, 0x21, 0x46, 0x21, 0x46, 0x21,
  0x46, 0x21, 0x46, 0x21, 0x46, 0x21, 0x46, 0x21, 0x46, 0x21, 0x46, 0x21, 0x46, 0x21, 0x46, 0x21,
  0x46, 0x21, 0x46, 0x21, 0x46, 0x21, 0x46, 0x21, 0x46, 0x21, 0x46, 0x21, 0x46, 0x21, 0x46, 0x21,
  0x46, 0x21, 0x66, 0x29, 0x49, 0x4a, 0x49, 0x4a, 0x48, 0x4a, 0x48, 0x4a, 0x48, 0x42, 0x48, 0x42,
  0x48, 0x42, 0x48, 0x42, 0x48, 0x4a, 0x48, 0x4a, 0x48, 0x42, 0x48, 0x42, 0x48, 0x4a, 0x28, 0x42,
  0x8a, 0x52, 0x15, 0xa5, 0x15, 0xa5, 0x8a, 0x52, 0x28, 0x42, 0x69, 0x4a, 0x49, 0x4a, 0x49, 0x4a,
  0xe7, 0x39, 0xae, 0x73, 0xcf, 0x7b, 0x07, 0x3a, 0x69, 0x4a, 0x69, 0x4a, 0x69, 0x4a, 0x69, 0x4a,
  0x28, 0x42, 0xec, 0x5a, 0x96, 0xad, 0x55, 0xa5, 0x8a, 0x52, 0x28, 0x42, 0x49, 0x4a, 0x48, 0x42,
  0x49, 0x42, 0x49, 0x4a, 0x49, 0x4a, 0x49, 0x4a, 0x49, 0x42, 0x48, 0x42, 0x48, 0x42, 0x28, 0x42,
  0x28, 0x42, 0x28, 0x42, 0x28, 0x42, 0x08, 0x42, 0x28, 0x42, 0x08, 0x42, 0xe8, 0x39, 0x86, 0x29,
  0x48, 0x42, 0x48, 0x42, 0x28, 0x42, 0x28, 0x42, 0x28, 0x42, 0x28, 0x42, 0x28, 0x42, 0xaa, 0x52,
  0xcb, 0x5a, 0xeb, 0x5a, 0xeb, 0x5a, 0xeb, 0x5a, 0xeb, 0x5a, 0xca, 0x5a, 0xeb, 0x5a, 0xa6, 0x31,
  0x46, 0x29, 0xeb, 0x5a, 0xeb, 0x5a, 0xeb, 0x5a, 0xeb, 0x5a, 0xeb, 0x5a, 0xcb, 0x5a, 0xeb, 0x5a,
  0x6d, 0x6b, 0x0b, 0x5b, 0xeb, 0x5a, 0xeb, 0x5a, 0x0c, 0x63, 0x0c, 0x63, 0x0b, 0x63, 0x0b, 0x63,
  0x0b, 0x63, 0x2c, 0x63, 0x0b, 0x63, 0x0b, 0x63, 0x0c, 0x63, 0x2c, 0x63, 0x0c, 0x63, 0x2c, 0x63,
  0x2c, 0x63, 0x0c, 0x63, 0x2c, 0x63, 0x2c, 0x63, 0x2c, 0x63, 0x2c, 0x63, 0x2c, 0x63, 0x2c, 0x63,
  0x2c, 0x63, 0x49, 0x4a, 0xaa, 0x52, 0x0c, 0x63, 0xeb, 0x5a, 0x0b, 0x5b, 0xeb, 0x5a, 0xeb, 0x5a,
  0xeb, 0x5a, 0xeb, 0x5a, 0xeb, 0x5a, 0xeb, 0x5a, 0xeb, 0x5a, 0xeb, 0x5a, 0xeb, 0x5a, 0xeb, 0x5a,
  0xeb, 0x5a, 0xeb, 0x5a, 0xcb, 0x5a, 0xeb, 0x5a, 0xeb, 0x5a, 0xeb, 0x5a, 0xeb, 0x5a, 0xeb, 0x5a,
  0xeb, 0x5a, 0xcb, 0x5a, 0xcb, 0x5a, 0xeb, 0x5a, 0xeb, 0x5a, 0xeb, 0x5a, 0xeb, 0x5a, 0xeb, 0x5a,
  0xeb, 0x5a, 0xeb, 0x5a, 0xeb, 0x5a, 0x0b, 0x5b, 0xeb, 0x5a, 0xeb, 0x5a, 0xeb, 0x5a, 0xeb, 0x5a,
  0xeb, 0x5a, 0xeb, 0x5a, 0xeb, 0x5a, 0x0c, 0x5b, 0x0c, 0x63, 0xeb, 0x5a, 0x8e, 0x73, 0xab, 0x52,
  0x05, 0x19, 0x66, 0x29, 0x46, 0x21, 0x46, 0x21, 0x46, 0x21, 0x46, 0x21, 0x46, 0x21, 0x46, 0x21,
  0x46, 0x21, 0x46, 0x21, 0x46, 0x21, 0x46, 0x21, 0x46, 0x21, 0x46, 0x21, 0x46, 0x21, 0x46, 0x21,
  0x46, 0x21, 0x46, 0x21, 0x46, 0x21, 0x46, 0x21, 0x46, 0x21, 0x46, 0x21, 0x46, 0x21, 0x46, 0x21,
  0x46, 0x21, 0x46, 0x21, 0x46, 0x21, 0x46, 0x21, 0x46, 0x21, 0x46, 0x21, 0x46, 0x21, 0x46, 0x21,
  0x46, 0x21, 0x46, 0x21, 0x46, 0x21, 0x46, 0x21, 0x46, 0x21, 0x46, 0x21, 0x46, 0x21, 0x46, 0x21,
  0x46, 0x21, 0x46, 0x21, 0x46, 0x21, 0x46, 0x21, 0x46, 0x21, 0x46, 0x21, 0x46, 0x21, 0x46, 0x21,
  0x46, 0x21, 0x46, 0x21, 0x46, 0x21, 0x46, 0x21, 0x46, 0x21, 0x46, 0x21, 0x46, 0x21, 0x46, 0x21,
  0x46, 0x21, 0x46, 0x21, 0x46, 0x21, 0x46, 0x21, 0x46, 0x21, 0x46, 0x21, 0x46, 0x21, 0x46, 0x21,
  0x46, 0x21, 0x46, 0x21, 0x46, 0x21, 0x46, 0x21, 0x46, 0x21, 0x66, 0x29, 0x69, 0x4a, 0x49, 0x4a,
  0x48, 0x4a, 0x48, 0x4a, 0x48, 0x42, 0x28, 0x42, 0x48, 0x42, 0x48, 0x42, 0x48, 0x4a, 0x48, 0x4a,
  0x48, 0x42, 0x48, 0x42, 0x49, 0x4a, 0x28, 0x42, 0x10, 0x84, 0x56, 0xad, 0xcb, 0x5a, 0x28, 0x42,
  0x69, 0x4a, 0x49, 0x4a, 0x49, 0x4a, 0x69, 0x4a, 0xe7, 0x39, 0x8e, 0x73, 0xcf, 0x7b, 0xe7, 0x39,
  0x69, 0x4a, 0x28, 0x42, 0x28, 0x42, 0x49, 0x4a, 0x69, 0x4a, 0x08, 0x42, 0x0c, 0x63, 0x96, 0xad,
  0x10, 0x84, 0x07, 0x42, 0x49, 0x4a, 0x48, 0x42, 0x49, 0x42, 0x49, 0x4a, 0x49, 0x4a, 0x49, 0x4a,
  0x49, 0x42, 0x28, 0x42, 0x28, 0x42, 0x28, 0x42, 0x28, 0x42, 0x28, 0x42, 0x28, 0x42, 0x08, 0x42,
  0x08, 0x42, 0x08, 0x42, 0x08, 0x3a, 0x86, 0x29, 0x49, 0x42, 0x48, 0x42, 0x28, 0x42, 0x28, 0x42,
  0x28, 0x42, 0x28, 0x42, 0x28, 0x42, 0xaa, 0x52, 0xca, 0x5a, 0xcb, 0x5a, 0xeb, 0x5a, 0xeb, 0x5a,
  0xeb, 0x5a, 0xca, 0x52, 0xeb, 0x5a, 0xa6, 0x31, 0x46, 0x29, 0xeb, 0x5a, 0xeb, 0x5a, 0xeb, 0x5a,
  0xeb, 0x5a, 0xeb, 0x5a, 0xca, 0x5a, 0x0b, 0x5b, 0xcb, 0x5a, 0xca, 0x52, 0x4c, 0x63, 0xeb, 0x5a,
  0xca, 0x5a, 0xeb, 0x5a, 0x2c, 0x63, 0xeb, 0x5a, 0xaa, 0x52, 0x69, 0x4a, 0xcb, 0x5a, 0x2c, 0x63,
  0x0c, 0x63, 0x0b, 0x63, 0x4c, 0x63, 0x4c, 0x63, 0x2c, 0x63, 0x0c, 0x63, 0x2c, 0x63, 0x2c, 0x63,
  0x2c, 0x63, 0x2c, 0x63, 0x2c, 0x63, 0x2c, 0x63, 0x4c, 0x6b, 0x69, 0x4a, 0xaa, 0x52, 0x0b, 0x63,
  0xeb, 0x5a, 0xeb, 0x5a, 0xeb, 0x5a, 0xcb, 0x5a, 0xcb, 0x5a, 0xeb, 0x5a, 0xeb, 0x5a, 0xeb, 0x5a,
  0xeb, 0x5a, 0xeb, 0x5a, 0xeb, 0x5a, 0xeb, 0x5a, 0xeb, 0x5a, 0xeb, 0x5a, 0xeb, 0x5a, 0xeb, 0x5a,
  0xeb, 0x5a, 0xeb, 0x5a, 0xeb, 0x5a, 0xeb, 0x5a, 0xcb, 0x5a, 0xcb, 0x5a, 0xcb, 0x5a, 0xeb, 0x5a,
  0xeb, 0x5a, 0xeb, 0x5a, 0xeb, 0x5a, 0xeb, 0x5a, 0xeb, 0x5a, 0xeb, 0x5a, 0xeb, 0x5a, 0x0b, 0x5b,
  0xeb, 0x5a, 0xeb, 0x5a, 0xeb, 0x5a, 0xeb, 0x5a, 0x0b, 0x5b, 0xeb, 0x5a, 0x0b, 0x5b, 0x0c, 0x5b,
  0x0c, 0x63, 0xeb, 0x5a, 0x8d, 0x73, 0x8b, 0x4a, 0x05, 0x19, 0x66, 0x29, 0x46, 0x21, 0x46, 0x21,
  0x46, 0x21, 0x46, 0x21, 0x46, 0x21, 0x46, 0x21, 0x46, 0x21, 0x46, 0x21, 0x46, 0x21, 0x46, 0x21,
  0x46, 0x21, 0x46, 0x21, 0x46, 0x21, 0x46, 0x21, 0x46, 0x21, 0x46, 0x21, 0x46, 0x21, 0x46, 0x21,
  0x46, 0x21, 0x46, 0x21, 0x46, 0x21, 0x46, 0x21, 0x46, 0x21, 0x46, 0x21, 0x46, 0x21, 0x46, 0x21,
  0x46, 0x21, 0x46, 0x21, 0x46, 0x21, 0x46, 0x21, 0x46, 0x21, 0x46, 0x21, 0x46, 0x21, 0x46, 0x21,
  0x46, 0x21, 0x46, 0x21, 0x46, 0x21, 0x46, 0x21, 0x46, 0x21, 0x46, 0x21, 0x46, 0x21, 0x46, 0x21,
  0x46, 0x21, 0x46, 0x21, 0x46, 0x21, 0x46, 0x21, 0x46, 0x21, 0x46, 0x21, 0x46, 0x21, 0x46, 0x21,
  0x46, 0x21, 0x46, 0x21, 0x46, 0x21, 0x46, 0x21, 0x46, 0x21, 0x46, 0x21, 0x46, 0x21, 0x46, 0x21,
  0x46, 0x21, 0x46, 0x21, 0x46, 0x21, 0x46, 0x21, 0x46, 0x21, 0x46, 0x21, 0x46, 0x21, 0x46, 0x21,
  0x46, 0x21, 0x66, 0x29, 0x69, 0x4a, 0x48, 0x4a, 0x48, 0x4a, 0x48, 0x4a, 0x48, 0x42, 0x48, 0x42,
  0x28, 0x42, 0x48, 0x4a, 0x48, 0x4a, 0x48, 0x4a, 0x48, 0x4a, 0x49, 0x4a, 0x28, 0x42, 0xcb, 0x52,
  0x56, 0xad, 0x6d, 0x6b, 0x07, 0x42, 0x69, 0x4a, 0x49, 0x4a, 0x49, 0x4a, 0x49, 0x4a, 0x69, 0x4a,
  0xe7, 0x39, 0x8e, 0x73, 0xcf, 0x7b, 0xe7, 0x39, 0x08, 0x42, 0x0c, 0x63, 0x92, 0x8c, 0x69, 0x4a,
  0x28, 0x42, 0x69, 0x4a, 0x08, 0x42, 0x4d, 0x6b, 0x76, 0xad, 0x0c, 0x63, 0xe7, 0x39, 0x49, 0x4a,
  0x49, 0x42, 0x49, 0x4a, 0x49, 0x4a, 0x49, 0x4a, 0x48, 0x42, 0x28, 0x42, 0x28, 0x42, 0x28, 0x42,
  0x28, 0x42, 0x28, 0x42, 0x08, 0x42, 0x08, 0x42, 0x08, 0x42, 0x08, 0x42, 0x08, 0x42, 0x66, 0x29,
  0x28, 0x42, 0x48, 0x42, 0x28, 0x42, 0x28, 0x42, 0x28, 0x42, 0x28, 0x42, 0x28, 0x42, 0xaa, 0x52,
  0xca, 0x5a, 0xcb, 0x5a, 0xeb, 0x5a, 0xeb, 0x5a, 0xeb, 0x5a, 0xca, 0x52, 0xeb, 0x5a, 0xa6, 0x31,
  0x46, 0x29, 0xeb, 0x5a, 0xeb, 0x5a, 0xeb, 0x5a, 0xeb, 0x5a, 0xeb, 0x5a, 0xeb, 0x5a, 0xcb, 0x5a,
  0xca, 0x52, 0x2c, 0x63, 0x2c, 0x63, 0xeb, 0x5a, 0xeb, 0x5a, 0x0c, 0x63, 0x2c, 0x63, 0x0c, 0x5b,
  0xb1, 0x5b, 0xcd, 0x4a, 0xa6, 0x31, 0x2c, 0x63, 0xeb, 0x5a, 0xab, 0x52, 0x49, 0x42, 0xeb, 0x5a,
  0x4c, 0x63, 0x4c, 0x6b, 0x6d, 0x6b, 0x4c, 0x63, 0x2c, 0x63, 0x2c, 0x63, 0x2c, 0x63, 0x2c, 0x63,
  0x4c, 0x6b, 0x69, 0x4a, 0xca, 0x52, 0x0b, 0x63, 0xeb, 0x5a, 0xeb, 0x5a, 0xeb, 0x5a, 0xca, 0x5a,
  0xca, 0x5a, 0xca, 0x5a, 0xcb, 0x5a, 0xcb, 0x5a, 0xeb, 0x5a, 0xeb, 0x5a, 0xeb, 0x5a, 0xeb, 0x5a,
  0xeb, 0x5a, 0xeb, 0x5a, 0xeb, 0x5a, 0xeb, 0x5a, 0xeb, 0x5a, 0xeb, 0x5a, 0xeb, 0x5a, 0xcb, 0x5a,
  0xcb, 0x5a, 0xcb, 0x5a, 0xeb, 0x5a, 0xeb, 0x5a, 0xeb, 0x5a, 0xeb, 0x5a, 0xeb, 0x5a, 0xeb, 0x5a,
  0xeb, 0x5a, 0xeb, 0x5a, 0xeb, 0x5a, 0xeb, 0x5a, 0xeb, 0x5a, 0xeb, 0x5a, 0xeb, 0x5a, 0xeb, 0x5a,
  0xeb, 0x5a, 0xeb, 0x5a, 0x0b, 0x5b, 0x0c, 0x5b, 0x0c, 0x63, 0xeb, 0x5a, 0x8d, 0x6b, 0x6a, 0x4a,
  0x05, 0x19, 0x66, 0x29, 0x46, 0x21, 0x46, 0x21, 0x46, 0x21, 0x46, 0x21, 0x46, 0x21, 0x46, 0x21,
  0x46, 0x21, 0x46, 0x21, 0x46, 0x21, 0x46, 0x21, 0x46, 0x21, 0x46, 0x21, 0x46, 0x21, 0x46, 0x21,
  0x46, 0x21, 0x46, 0x21, 0x46, 0x21, 0x46, 0x21, 0x46, 0x21, 0x46, 0x21, 0x46, 0x21, 0x46, 0x21,
  0x46, 0x21, 0x46, 0x21, 0x46, 0x21, 0x46, 0x21, 0x46, 0x21, 0x46, 0x21, 0x46, 0x21, 0x46, 0x21,
  0x46, 0x21, 0x46, 0x21, 0x46, 0x21, 0x46, 0x21, 0x46, 0x21, 0x46, 0x21, 0x46, 0x21, 0x46, 0x21,
  0x46, 0x21, 0x46, 0x21, 0x46, 0x21, 0x46, 0x21, 0x46, 0x21, 0x46, 0x21, 0x46, 0x21, 0x46, 0x21,
  0x46, 0x21, 0x46, 0x21, 0x46, 0x21, 0x46, 0x21, 0x46, 0x21, 0x46, 0x21, 0x46, 0x21, 0x46, 0x21,
  0x46, 0x21, 0x46, 0x21, 0x46, 0x21, 0x46, 0x21, 0x46, 0x21, 0x46, 0x21, 0x46, 0x21, 0x46, 0x21,
  0x46, 0x21, 0x46, 0x21, 0x46, 0x21, 0x46, 0x21, 0x46, 0x21, 0x66, 0x29, 0x49, 0x4a, 0x48, 0x4a,
  0x48, 0x4a, 0x28, 0x42, 0x48, 0x4a, 0x28, 0x4a, 0x28, 0x42, 0x28, 0x42, 0x48, 0x4a, 0x48, 0x4a,
  0x49, 0x4a, 0x49, 0x4a, 0x28, 0x42, 0xb3, 0x94, 0x10, 0x84, 0x07, 0x3a, 0x49, 0x4a, 0x49, 0x4a,
  0x49, 0x4a, 0x49, 0x4a, 0x49, 0x4a, 0x69, 0x4a, 0x08, 0x42, 0xcf, 0x7b, 0xae, 0x73, 0x28, 0x42,
  0x51, 0x8c, 0xb7, 0xb5, 0x97, 0xb5, 0x69, 0x4a, 0x48, 0x42, 0x49, 0x42, 0x69, 0x4a, 0x08, 0x42,
  0xf0, 0x7b, 0x55, 0xad, 0x8a, 0x52, 0x08, 0x42, 0x49, 0x4a, 0x49, 0x4a, 0x49, 0x4a, 0x49, 0x42,
  0x28, 0x42, 0x28, 0x42, 0x28, 0x42, 0x28, 0x42, 0x28, 0x42, 0x28, 0x42, 0x08, 0x42, 0x08, 0x42,
  0x08, 0x3a, 0x08, 0x42, 0x08, 0x42, 0x66, 0x29, 0x28, 0x42, 0x48, 0x42, 0x28, 0x42, 0x28, 0x42,
  0x28, 0x42, 0x28, 0x42, 0x08, 0x42, 0xaa, 0x52, 0xca, 0x5a, 0xcb, 0x5a, 0xeb, 0x5a, 0xeb, 0x5a,
  0xcb, 0x5a, 0xca, 0x52, 0xeb, 0x5a, 0xa6, 0x31, 0x45, 0x29, 0xcb, 0x5a, 0xcb, 0x5a, 0xeb, 0x5a,
  0xeb, 0x5a, 0xeb, 0x5a, 0xcb, 0x5a, 0xca, 0x5a, 0xeb, 0x5a, 0xeb, 0x5a, 0xeb, 0x5a, 0xeb, 0x5a,
  0x2c, 0x63, 0x4c, 0x6b, 0x2c, 0x63, 0xaa, 0x52, 0x87, 0x21, 0xc8, 0x31, 0xa7, 0x31, 0x2c, 0x63,
  0xcc, 0x52, 0xee, 0x4a, 0xa8, 0x29, 0x07, 0x42, 0x4c, 0x63, 0x69, 0x4a, 0xca, 0x5a, 0xaa, 0x52,
  0x0b, 0x63, 0x2c, 0x63, 0x2c, 0x63, 0x2c, 0x63, 0x4c, 0x6b, 0x69, 0x4a, 0xaa, 0x52, 0x0b, 0x63,
  0xeb, 0x5a, 0xeb, 0x5a, 0xcb, 0x5a, 0xca, 0x5a, 0xcb, 0x5a, 0xca, 0x5a, 0xcb, 0x5a, 0xeb, 0x5a,
  0xeb, 0x5a, 0x0b, 0x5b, 0x0b, 0x5b, 0xeb, 0x5a, 0x0b, 0x5b, 0xeb, 0x5a, 0xeb, 0x5a, 0xeb, 0x5a,
  0xeb, 0x5a, 0xeb, 0x5a, 0xeb, 0x5a, 0xcb, 0x5a, 0xcb, 0x5a, 0xcb, 0x5a, 0xcb, 0x5a, 0xeb, 0x5a,
  0xeb, 0x5a, 0xeb, 0x5a, 0xeb, 0x5a, 0xeb, 0x5a, 0xeb, 0x5a, 0xeb, 0x5a, 0xeb, 0x5a, 0xeb, 0x5a,
  0xeb, 0x5a, 0xeb, 0x5a, 0xeb, 0x5a, 0xeb, 0x5a, 0xeb, 0x5a, 0xeb, 0x5a, 0x0b, 0x5b, 0x0b, 0x5b,
  0x0c, 0x63, 0xeb, 0x5a, 0x6d, 0x6b, 0x6a, 0x4a, 0x05, 0x19, 0x46, 0x21, 0x46, 0x21, 0x46, 0x21,
  0x46, 0x21, 0x46, 0x21, 0x46, 0x21, 0x46, 0x21, 0x46, 0x21, 0x46, 0x21, 0x46, 0x21, 0x46, 0x21,
  0x46, 0x21, 0x46, 0x21, 0x46, 0x21, 0x46, 0x21, 0x46, 0x21, 0x46, 0x21, 0x46, 0x21, 0x46, 0x21,
  0x46, 0x21, 0x46, 0x21, 0x46, 0x21, 0x46, 0x21, 0x46, 0x21, 0x46, 0x21, 0x46, 0x21, 0x46, 0x21,
  0x46, 0x21, 0x46, 0x21, 0x46, 0x21, 0x46, 0x21, 0x46, 0x21, 0x46, 0x21, 0x46, 0x21, 0x46, 0x21,
  0x46, 0x21, 0x46, 0x21, 0x46, 0x21, 0x46, 0x21, 0x46, 0x21, 0x46, 0x21, 0x46, 0x21, 0x46, 0x21,
  0x46, 0x21, 0x46, 0x21, 0x46, 0x21, 0x46, 0x21, 0x46, 0x21, 0x46, 0x21, 0x46, 0x21, 0x46, 0x21,
  0x46, 0x21, 0x46, 0x21, 0x46, 0x21, 0x46, 0x21, 0x46, 0x21, 0x46, 0x21, 0x46, 0x21, 0x46, 0x21,
  0x46, 0x21, 0x46, 0x21, 0x46, 0x21, 0x46, 0x21, 0x46, 0x21, 0x46, 0x21, 0x46, 0x21, 0x46, 0x21,
  0x46, 0x21, 0x66, 0x29, 0x49, 0x4a, 0x48, 0x4a, 0x48, 0x4a, 0x48, 0x4a, 0x48, 0x4a, 0x48, 0x4a,
  0x48, 0x42, 0x48, 0x42, 0x48, 0x42, 0x28, 0x42, 0x49, 0x4a, 0x08, 0x42, 0xaf, 0x73, 0xf4, 0x9c,
  0x49, 0x4a, 0x28, 0x42, 0x49, 0x4a, 0x49, 0x4a, 0x49, 0x4a, 0x49, 0x4a, 0x49, 0x4a, 0x69, 0x4a,
  0xc7, 0x39, 0x6d, 0x6b, 0x72, 0x94, 0x35, 0xa5, 0xf8, 0xbd, 0xb8, 0xb5, 0xb7, 0xb5, 0x49, 0x4a,
  0x48, 0x42, 0x49, 0x4a, 0x49, 0x42, 0x49, 0x4a, 0x08, 0x42, 0x72, 0x8c, 0xd3, 0x9c, 0x28, 0x42,
  0x28, 0x42, 0x49, 0x4a, 0x28, 0x42, 0x48, 0x42, 0x28, 0x42, 0x28, 0x42, 0x28, 0x42, 0x08, 0x42,
  0x28, 0x42, 0x28, 0x42, 0x08, 0x42, 0x08, 0x42, 0x08, 0x42, 0x28, 0x42, 0x08, 0x42, 0x66, 0x29,
  0x28, 0x42, 0x28, 0x42, 0x28, 0x42, 0x28, 0x42, 0x28, 0x42, 0x28, 0x42, 0x28, 0x42, 0xaa, 0x52,
  0xcb, 0x5a, 0xcb, 0x5a, 0xeb, 0x5a, 0xeb, 0x5a, 0xca, 0x5a, 0xca, 0x52, 0xeb, 0x5a, 0xa6, 0x31,
  0x46, 0x29, 0xcb, 0x5a, 0xcb, 0x5a, 0xeb, 0x5a, 0xeb, 0x5a, 0xeb, 0x5a, 0xca, 0x5a, 0xca, 0x52,
  0xca, 0x52, 0xeb, 0x5a, 0xeb, 0x5a, 0xeb, 0x5a, 0xeb, 0x5a, 0x0b, 0x63, 0x0b, 0x5b, 0x0c, 0x63,
  0xeb, 0x5a, 0xaa, 0x52, 0xca, 0x52, 0x2c, 0x63, 0x89, 0x4a, 0x86, 0x29, 0xa6, 0x31, 0x69, 0x4a,
  0x4c, 0x63, 0x28, 0x42, 0x24, 0x21, 0xc7, 0x39, 0x2c, 0x63, 0x2c, 0x63, 0x2c, 0x63, 0x2c, 0x63,
  0x4c, 0x6b, 0x8a, 0x4a, 0xaa, 0x52, 0x0b, 0x5b, 0xeb, 0x5a, 0xeb, 0x5a, 0xcb, 0x5a, 0xcb, 0x5a,
  0xeb, 0x5a, 0xeb, 0x5a, 0xeb, 0x5a, 0xeb, 0x5a, 0xeb, 0x5a, 0x0b, 0x63, 0x0b, 0x63, 0x0b, 0x5b,
  0x0b, 0x5b, 0xeb, 0x5a, 0xcb, 0x5a, 0xeb, 0x5a, 0xeb, 0x5a, 0xeb, 0x5a, 0xeb, 0x5a, 0xca, 0x5a,
  0xcb, 0x5a, 0xcb, 0x5a, 0xeb, 0x5a, 0xeb, 0x5a, 0xeb, 0x5a, 0xeb, 0x5a, 0xeb, 0x5a, 0xeb, 0x5a,
  0xeb, 0x5a, 0xeb, 0x5a, 0xeb, 0x5a, 0xeb, 0x5a, 0xeb, 0x5a, 0xeb, 0x5a, 0xeb, 0x5a, 0xeb, 0x5a,
  0xeb, 0x5a, 0xeb, 0x5a, 0xeb, 0x5a, 0x0b, 0x5b, 0x0c, 0x63, 0xeb, 0x5a, 0x6d, 0x6b, 0x6a, 0x4a,
  0x25, 0x19, 0x46, 0x21, 0x46, 0x21, 0x46, 0x21, 0x46, 0x21, 0x46, 0x21, 0x46, 0x21, 0x46, 0x21,
  0x46, 0x21, 0x46, 0x21, 0x46, 0x21, 0x46, 0x21, 0x46, 0x21, 0x46, 0x21, 0x46, 0x21, 0x46, 0x21,
  0x46, 0x21, 0x46, 0x21, 0x46, 0x21, 0x46, 0x21, 0x46, 0x21, 0x46, 0x21, 0x46, 0x21, 0x46, 0x21,
  0x46, 0x21, 0x46, 0x21, 0x46, 0x21, 0x46, 0x21, 0x46, 0x21, 0x46, 0x21, 0x46, 0x21, 0x46, 0x21,
  0x46, 0x21, 0x46, 0x21, 0x46, 0x21, 0x46, 0x21, 0x46, 0x21, 0x46, 0x21, 0x46, 0x21, 0x46, 0x21,
  0x46, 0x21, 0x46, 0x21, 0x46, 0x21, 0x46, 0x21, 0x46, 0x21, 0x46, 0x21, 0x46, 0x21, 0x46, 0x21,
  0x46, 0x21, 0x46, 0x21, 0x46, 0x21, 0x46, 0x21, 0x46, 0x21, 0x46, 0x21, 0x46, 0x21, 0x46, 0x21,
  0x46, 0x21, 0x46, 0x21, 0x46, 0x21, 0x46, 0x21, 0x46, 0x21, 0x46, 0x21, 0x46, 0x21, 0x46, 0x21,
  0x46, 0x21, 0x46, 0x21, 0x46, 0x21, 0x46, 0x21, 0x46, 0x21, 0x67, 0x29, 0x69, 0x4a, 0x48, 0x4a,
  0x48, 0x4a, 0x48, 0x4a, 0x48, 0x4a, 0x28, 0x42, 0x28, 0x42, 0x48, 0x42, 0x48, 0x42, 0x69, 0x4a,
  0xc7, 0x39, 0x8e, 0x73, 0x35, 0xa5, 0x8a, 0x52, 0x08, 0x42, 0x49, 0x4a, 0x49, 0x42, 0x49, 0x4a,
  0x49, 0x42, 0x49, 0x4a, 0x28, 0x42, 0x08, 0x42, 0x2d, 0x63, 0xd4, 0x9c, 0xb4, 0x9c, 0xf8, 0xbd,
  0xb8, 0xb5, 0xf9, 0xbd, 0xd3, 0x94, 0x28, 0x42, 0x49, 0x42, 0x49, 0x42, 0x48, 0x42, 0x49, 0x42,
  0x49, 0x42, 0x28, 0x42, 0x92, 0x94, 0x92, 0x94, 0x29, 0x42, 0x28, 0x42, 0x8a, 0x52, 0x28, 0x42,
  0x28, 0x42, 0x08, 0x42, 0x28, 0x42, 0x08, 0x42, 0x08, 0x42, 0x08, 0x42, 0x08, 0x42, 0x08, 0x42,
  0x08, 0x42, 0x08, 0x42, 0x08, 0x42, 0x86, 0x31, 0x08, 0x42, 0x28, 0x42, 0x28, 0x42, 0x28, 0x42,
  0x28, 0x42, 0x28, 0x42, 0x08, 0x42, 0xaa, 0x52, 0xcb, 0x5a, 0xca, 0x52, 0xcb, 0x5a, 0xcb, 0x5a,
  0xca, 0x5a, 0xca, 0x52, 0xeb, 0x5a, 0x86, 0x31, 0x45, 0x29, 0xeb, 0x5a, 0xeb, 0x5a, 0xeb, 0x5a,
  0xeb, 0x5a, 0xeb, 0x5a, 0xca, 0x5a, 0xca, 0x52, 0xca, 0x52, 0xeb, 0x5a, 0xeb, 0x5a, 0xeb, 0x5a,
  0x0b, 0x5b, 0x0b, 0x63, 0x0b, 0x63, 0x0b, 0x5b, 0x0b, 0x63, 0x0c, 0x63, 0x0c, 0x63, 0x0b, 0x63,
  0x4c, 0x63, 0x6d, 0x6b, 0x0c, 0x63, 0x0c, 0x63, 0x2c, 0x63, 0x0b, 0x5b, 0xcb, 0x5a, 0x0b, 0x5b,
  0x2c, 0x63, 0x2c, 0x63, 0x2c, 0x63, 0x2c, 0x63, 0x4c, 0x63, 0x8a, 0x52, 0xaa, 0x52, 0x0b, 0x63,
  0xeb, 0x5a, 0xeb, 0x5a, 0xeb, 0x5a, 0xeb, 0x5a, 0x0b, 0x5b, 0x0b, 0x5b, 0x0b, 0x5b, 0xeb, 0x5a,
  0xeb, 0x5a, 0x0b, 0x63, 0x0b, 0x63, 0x0b, 0x5b, 0x0b, 0x63, 0xeb, 0x5a, 0xca, 0x5a, 0xeb, 0x5a,
  0xeb, 0x5a, 0xeb, 0x5a, 0xcb, 0x5a, 0xcb, 0x5a, 0xcb, 0x5a, 0xcb, 0x5a, 0xeb, 0x5a, 0xeb, 0x5a,
  0xeb, 0x5a, 0xeb, 0x5a, 0xeb, 0x5a, 0xeb, 0x5a, 0xeb, 0x5a, 0xeb, 0x5a, 0xeb, 0x5a, 0xeb, 0x5a,
  0xeb, 0x5a, 0xeb, 0x5a, 0xeb, 0x5a, 0xeb, 0x5a, 0xeb, 0x5a, 0xeb, 0x5a, 0xeb, 0x5a, 0xeb, 0x5a,
  0x0c, 0x5b, 0xeb, 0x5a, 0x6d, 0x6b, 0x4a, 0x42, 0x25, 0x21, 0x46, 0x21, 0x46, 0x21, 0x46, 0x21,
  0x46, 0x21, 0x46, 0x21, 0x46, 0x21, 0x46, 0x21, 0x46, 0x21, 0x46, 0x21, 0x46, 0x21, 0x46, 0x21,
  0x46, 0x21, 0x46, 0x21, 0x46, 0x21, 0x46, 0x21, 0x46, 0x21, 0x46, 0x21, 0x46, 0x21, 0x46, 0x21,
  0x46, 0x21, 0x46, 0x21, 0x46, 0x21, 0x46, 0x21, 0x46, 0x21, 0x46, 0x21, 0x46, 0x21, 0x46, 0x21,
  0x46, 0x21, 0x46, 0x21, 0x46, 0x21, 0x46, 0x21, 0x46, 0x21, 0x46, 0x21, 0x46, 0x21, 0x46, 0x21,
  0x46, 0x21, 0x46, 0x21, 0x46, 0x21, 0x46, 0x21, 0x46, 0x21, 0x46, 0x21, 0x46, 0x21, 0x46, 0x21,
  0x46, 0x21, 0x46, 0x21, 0x46, 0x21, 0x46, 0x21, 0x46, 0x21, 0x46, 0x21, 0x46, 0x21, 0x46, 0x21,
  0x46, 0x21, 0x46, 0x21, 0x46, 0x21, 0x46, 0x21, 0x46, 0x21, 0x46, 0x21, 0x46, 0x21, 0x46, 0x21,
  0x46, 0x21, 0x46, 0x21, 0x46, 0x21, 0x46, 0x21, 0x46, 0x21, 0x46, 0x21, 0x46, 0x21, 0x46, 0x21,
  0x46, 0x21, 0x67, 0x29, 0x69, 0x4a, 0x28, 0x42, 0x28, 0x42, 0x28, 0x42, 0x48, 0x4a, 0x28, 0x42,
  0x28, 0x42, 0x28, 0x42, 0x28, 0x42, 0x92, 0x94, 0x31, 0x84, 0x15, 0xa5, 0x2c, 0x63, 0x08, 0x3a,
  0x49, 0x42, 0x28, 0x42, 0x49, 0x42, 0x48, 0x42, 0x49, 0x4a, 0x08, 0x42, 0xaa, 0x52, 0x72, 0x8c,
  0xd8, 0xbd, 0x77, 0xad, 0xb3, 0x9c, 0xf8, 0xbd, 0xd8, 0xbd, 0x8e, 0x73, 0x28, 0x42, 0x49, 0x42,
  0x49, 0x42, 0x49, 0x42, 0x49, 0x42, 0x48, 0x42, 0x49, 0x42, 0x28, 0x42, 0x28, 0x42, 0x72, 0x8c,
  0xd4, 0x9c, 0xb3, 0x94, 0x51, 0x84, 0x28, 0x42, 0x28, 0x42, 0x08, 0x42, 0x08, 0x42, 0x08, 0x42,
  0x08, 0x42, 0x08, 0x42, 0x08, 0x42, 0x08, 0x42, 0x08, 0x42, 0x08, 0x42, 0xe8, 0x39, 0x66, 0x29,
  0x08, 0x42, 0x08, 0x42, 0x28, 0x42, 0x28, 0x42, 0x29, 0x42, 0x28, 0x42, 0x08, 0x42, 0xaa, 0x52,
  0xca, 0x5a, 0xca, 0x52, 0xca, 0x5a, 0xca, 0x5a, 0xca, 0x5a, 0xca, 0x52, 0xeb, 0x5a, 0x86, 0x31,
  0x25, 0x21, 0xcb, 0x5a, 0xeb, 0x5a, 0xeb, 0x5a, 0xeb, 0x5a, 0xeb, 0x5a, 0xcb, 0x5a, 0xcb, 0x5a,
  0xca, 0x5a, 0xcb, 0x5a, 0xeb, 0x5a, 0xeb, 0x5a, 0xeb, 0x5a, 0x0b, 0x63, 0x0b, 0x63, 0x0b, 0x63,
  0x0b, 0x5b, 0x0b, 0x63, 0x0b, 0x5b, 0x0b, 0x5b, 0x0b, 0x63, 0x0b, 0x5b, 0x0c, 0x63, 0x0c, 0x63,
  0x2c, 0x63, 0x2c, 0x63, 0x4c, 0x63, 0x2c, 0x63, 0x2c, 0x63, 0x2c, 0x63, 0x2c, 0x63, 0x2c, 0x63,
  0x4c, 0x63, 0x8a, 0x52, 0xca, 0x52, 0x0c, 0x63, 0xeb, 0x5a, 0xeb, 0x5a, 0xeb, 0x5a, 0x0b, 0x5b,
  0x0b, 0x5b, 0x0b, 0x5b, 0xeb, 0x5a, 0x0b, 0x5b, 0x0b, 0x5b, 0x0c, 0x63, 0x0c, 0x63, 0x0b, 0x63,
  0x0b, 0x63, 0x0b, 0x63, 0xeb, 0x5a, 0xeb, 0x5a, 0x0b, 0x5b, 0xeb, 0x5a, 0xeb, 0x5a, 0xcb, 0x5a,
  0xcb, 0x5a, 0xcb, 0x5a, 0xeb, 0x5a, 0xeb, 0x5a, 0xeb, 0x5a, 0xeb, 0x5a, 0xeb, 0x5a, 0xeb, 0x5a,
  0xeb, 0x5a, 0xeb, 0x5a, 0xeb, 0x5a, 0xeb, 0x5a, 0xeb, 0x5a, 0xeb, 0x5a, 0xeb, 0x5a, 0xeb, 0x5a,
  0xeb, 0x5a, 0xeb, 0x5a, 0xeb, 0x5a, 0xeb, 0x5a, 0x0b, 0x5b, 0xeb, 0x5a, 0x4d, 0x6b, 0x4a, 0x42,
  0x26, 0x21, 0x46, 0x21, 0x46, 0x21, 0x46, 0x21, 0x46, 0x21, 0x46, 0x21, 0x46, 0x21, 0x46, 0x21,
  0x46, 0x21, 0x46, 0x21, 0x46, 0x21, 0x46, 0x21, 0x46, 0x21, 0x46, 0x21, 0x46, 0x21, 0x46, 0x21,
  0x46, 0x21, 0x46, 0x21, 0x46, 0x21, 0x46, 0x21, 0x46, 0x21, 0x46, 0x21, 0x46, 0x21, 0x46, 0x21,
  0x46, 0x21, 0x46, 0x21, 0x46, 0x21, 0x46, 0x21, 0x46, 0x21, 0x46, 0x21, 0x46, 0x21, 0x46, 0x21,
  0x46, 0x21, 0x46, 0x21, 0x46, 0x21, 0x46, 0x21, 0x46, 0x21, 0x46, 0x21, 0x46, 0x21, 0x46, 0x21,
  0x46, 0x21, 0x46, 0x21, 0x46, 0x21, 0x46, 0x21, 0x46, 0x21, 0x46, 0x21, 0x46, 0x21, 0x46, 0x21,
  0x46, 0x21, 0x46, 0x21, 0x46, 0x21, 0x46, 0x21, 0x46, 0x21, 0x46, 0x21, 0x46, 0x21, 0x46, 0x21,
  0x46, 0x21, 0x46, 0x21, 0x46, 0x21, 0x46, 0x21, 0x46, 0x21, 0x46, 0x21, 0x46, 0x21, 0x46, 0x21,
  0x46, 0x21, 0x46, 0x21, 0x46, 0x21, 0x46, 0x21, 0x46, 0x21, 0x67, 0x29, 0x69, 0x4a, 0x28, 0x42,
  0x28, 0x42, 0x28, 0x42, 0x28, 0x42, 0x28, 0x42, 0x28, 0x42, 0x28, 0x42, 0x28, 0x42, 0xec, 0x5a,
  0x31, 0x84, 0xf4, 0x9c, 0x69, 0x4a, 0x28, 0x42, 0x28, 0x42, 0x49, 0x42, 0x49, 0x42, 0x49, 0x42,
  0x08, 0x42, 0x6d, 0x6b, 0xb7, 0xb5, 0xf8, 0xbd, 0xd8, 0xbd, 0xf8, 0xbd, 0xf0, 0x83, 0x77, 0xad,
  0xb7, 0xb5, 0x49, 0x4a, 0x28, 0x42, 0x49, 0x42, 0x48, 0x42, 0x48, 0x42, 0x49, 0x42, 0x49, 0x42,
  0x48, 0x42, 0x49, 0x4a, 0xe7, 0x39, 0x31, 0x8c, 0x55, 0xad, 0xcf, 0x73, 0xab, 0x52, 0x08, 0x42,
  0x28, 0x42, 0x08, 0x42, 0x08, 0x42, 0x08, 0x42, 0x08, 0x3a, 0x08, 0x42, 0x08, 0x42, 0x08, 0x3a,
  0x08, 0x3a, 0x08, 0x42, 0xe8, 0x39, 0x66, 0x29, 0x08, 0x42, 0x08, 0x42, 0x08, 0x42, 0x08, 0x42,
  0x28, 0x42, 0x28, 0x42, 0x08, 0x3a, 0xaa, 0x52, 0xcb, 0x5a, 0xca, 0x5a, 0xca, 0x5a, 0xca, 0x5a,
  0xcb, 0x5a, 0xca, 0x5a, 0xeb, 0x5a, 0x86, 0x31, 0x46, 0x29, 0xeb, 0x5a, 0xeb, 0x5a, 0xeb, 0x5a,
  0xeb, 0x5a, 0xeb, 0x5a, 0xeb, 0x5a, 0xeb, 0x5a, 0xca, 0x5a, 0xcb, 0x5a, 0xeb, 0x5a, 0x0b, 0x5b,
  0x0b, 0x63, 0x0c, 0x63, 0x0b, 0x63, 0x0c, 0x63, 0x0b, 0x63, 0x0b, 0x63, 0x0c, 0x63, 0x0c, 0x63,
  0x2c, 0x63, 0x2c, 0x63, 0x0c, 0x63, 0x0c, 0x63, 0x2c, 0x63, 0x0c, 0x63, 0x2c, 0x63, 0x2c, 0x63,
  0x2c, 0x63, 0x2c, 0x63, 0x2c, 0x63, 0x2c, 0x63, 0x2c, 0x63, 0x89, 0x4a, 0xca, 0x52, 0x0b, 0x63,
  0xeb, 0x5a, 0xeb, 0x5a, 0x0b, 0x5b, 0x0b, 0x5b, 0x0b, 0x5b, 0x0b, 0x5b, 0x0b, 0x5b, 0x0b, 0x5b,
  0x0b, 0x63, 0x0b, 0x63, 0x0c, 0x63, 0x0c, 0x63, 0x0c, 0x63, 0x0c, 0x63, 0x0c, 0x63, 0x0b, 0x63,
  0x0b, 0x63, 0xeb, 0x5a, 0xeb, 0x5a, 0xcb, 0x5a, 0xca, 0x5a, 0xcb, 0x5a, 0xeb, 0x5a, 0xeb, 0x5a,
  0xeb, 0x5a, 0xeb, 0x5a, 0xeb, 0x5a, 0xeb, 0x5a, 0xeb, 0x5a, 0xeb, 0x5a, 0xeb, 0x5a, 0xeb, 0x5a,
  0xeb, 0x5a, 0xeb, 0x5a, 0xeb, 0x5a, 0xeb, 0x5a, 0xeb, 0x5a, 0xeb, 0x5a, 0xeb, 0x5a, 0xeb, 0x5a,
  0xeb, 0x5a, 0xeb, 0x5a, 0x6d, 0x6b, 0x2a, 0x42, 0x26, 0x21, 0x46, 0x21, 0x46, 0x21, 0x46, 0x21,
  0x46, 0x21, 0x46, 0x21, 0x46, 0x21, 0x46, 0x21, 0x46, 0x21, 0x46, 0x21, 0x46, 0x21, 0x46, 0x21,
  0x46, 0x21, 0x46, 0x21, 0x46, 0x21, 0x46, 0x21, 0x46, 0x21, 0x46, 0x21, 0x46, 0x21, 0x46, 0x21,
  0x46, 0x21, 0x46, 0x21, 0x46, 0x21, 0x46, 0x21, 0x46, 0x21, 0x46, 0x21, 0x46, 0x21, 0x46, 0x21,
  0x46, 0x21, 0x46, 0x21, 0x46, 0x21, 0x46, 0x21, 0x46, 0x21, 0x46, 0x21, 0x46, 0x21, 0x46, 0x21,
  0x46, 0x21, 0x46, 0x21, 0x46, 0x21, 0x46, 0x21, 0x46, 0x21, 0x46, 0x21, 0x46, 0x21, 0x46, 0x21,
  0x46, 0x21, 0x46, 0x21, 0x46, 0x21, 0x46, 0x21, 0x46, 0x21, 0x46, 0x21, 0x46, 0x21, 0x46, 0x21,
  0x46, 0x21, 0x46, 0x21, 0x46, 0x21, 0x46, 0x21, 0x46, 0x21, 0x46, 0x21, 0x46, 0x21, 0x46, 0x21,
  0x46, 0x21, 0x46, 0x21, 0x46, 0x21, 0x46, 0x21, 0x46, 0x21, 0x46, 0x21, 0x46, 0x21, 0x46, 0x21,
  0x46, 0x21, 0x67, 0x29, 0x69, 0x4a, 0x28, 0x42, 0x28, 0x42, 0x28, 0x42, 0x28, 0x42, 0x28, 0x42,
  0x28, 0x42, 0x28, 0x42, 0x28, 0x42, 0x07, 0x42, 0xe7, 0x39, 0xf0, 0x7b, 0x51, 0x84, 0xe7, 0x39,
  0x48, 0x42, 0x48, 0x42, 0x48, 0x42, 0x49, 0x42, 0xe7, 0x39, 0xd3, 0x94, 0xf9, 0xbd, 0xf8, 0xbd,
  0xf4, 0x9c, 0x72, 0x8c, 0x8e, 0x73, 0xf4, 0x9c, 0x97, 0xb5, 0x8a, 0x4a, 0x28, 0x42, 0x49, 0x42,
  0x49, 0x42, 0x48, 0x42, 0x49, 0x42, 0x49, 0x42, 0x49, 0x4a, 0xe7, 0x39, 0x4d, 0x6b, 0x15, 0xa5,
  0x8a, 0x52, 0xc7, 0x39, 0x08, 0x42, 0x28, 0x42, 0x08, 0x42, 0x08, 0x42, 0x08, 0x42, 0x08, 0x42,
  0xe8, 0x39, 0xe8, 0x39, 0xe8, 0x39, 0xe8, 0x39, 0xe8, 0x39, 0x08, 0x3a, 0xe8, 0x39, 0x66, 0x29,
  0x08, 0x42, 0x08, 0x42, 0x08, 0x3a, 0x08, 0x42, 0x28, 0x42, 0x29, 0x42, 0x08, 0x42, 0xaa, 0x52,
  0xcb, 0x5a, 0xca, 0x5a, 0xca, 0x5a, 0xcb, 0x5a, 0xca, 0x5a, 0xca, 0x5a, 0xeb, 0x5a, 0x86, 0x31,
  0x46, 0x29, 0xcb, 0x5a, 0x0b, 0x5b, 0x0c, 0x63, 0x2c, 0x63, 0x0b, 0x63, 0x0b, 0x5b, 0xeb, 0x5a,
  0xeb, 0x5a, 0xeb, 0x5a, 0x0b, 0x5b, 0x0b, 0x5b, 0x0b, 0x5b, 0x0b, 0x63, 0x0b, 0x63, 0x0c, 0x63,
  0x0b, 0x63, 0x0b, 0x63, 0x0c, 0x63, 0x2c, 0x63, 0x2c, 0x63, 0x0c, 0x63, 0x0b, 0x63, 0x0c, 0x63,
  0x2c, 0x63, 0x2c, 0x63, 0x2c, 0x63, 0x2c, 0x63, 0x2c, 0x63, 0x2c, 0x63, 0x2c, 0x63, 0x2c, 0x63,
  0x2c, 0x63, 0x89, 0x4a, 0xaa, 0x52, 0x0c, 0x63, 0x0b, 0x5b, 0x0b, 0x5b, 0x0b, 0x5b, 0x0b, 0x63,
  0x0b, 0x5b, 0x0b, 0x63, 0x0b, 0x63, 0x0b, 0x63, 0x0b, 0x63, 0x0b, 0x63, 0x2c, 0x63, 0x2c, 0x63,
  0x2c, 0x63, 0x0c, 0x63, 0x2c, 0x63, 0x0c, 0x63, 0x0c, 0x63, 0xeb, 0x5a, 0xcb, 0x5a, 0xcb, 0x5a,
  0xcb, 0x5a, 0xcb, 0x5a, 0xeb, 0x5a, 0xeb, 0x5a, 0xeb, 0x5a, 0xeb, 0x5a, 0xeb, 0x5a, 0xeb, 0x5a,
  0xeb, 0x5a, 0xeb, 0x5a, 0xeb, 0x5a, 0xeb, 0x5a, 0xeb, 0x5a, 0xeb, 0x5a, 0xeb, 0x5a, 0xeb, 0x5a,
  0xeb, 0x5a, 0xcb, 0x5a, 0xeb, 0x5a, 0xeb, 0x5a, 0xeb, 0x5a, 0xeb, 0x5a, 0x4d, 0x6b, 0x2a, 0x42,
  0x26, 0x21, 0x46, 0x21, 0x46, 0x21, 0x46, 0x21, 0x46, 0x21, 0x46, 0x21, 0x46, 0x21, 0x46, 0x21,
  0x46, 0x21, 0x46, 0x21, 0x46, 0x21, 0x46, 0x21, 0x46, 0x21, 0x46, 0x21, 0x46, 0x21, 0x46, 0x21,
  0x46, 0x21, 0x46, 0x21, 0x46, 0x21, 0x46, 0x21, 0x46, 0x21, 0x46, 0x21, 0x46, 0x21, 0x46, 0x21,
  0x46, 0x21, 0x46, 0x21, 0x46, 0x21, 0x46, 0x21, 0x46, 0x21, 0x46, 0x21, 0x46, 0x21, 0x46, 0x21,
  0x46, 0x21, 0x46, 0x21, 0x46, 0x21, 0x46, 0x21, 0x46, 0x21, 0x46, 0x21, 0x46, 0x21, 0x46, 0x21,
  0x46, 0x21, 0x46, 0x21, 0x46, 0x21, 0x46, 0x21, 0x46, 0x21, 0x46, 0x21, 0x46, 0x21, 0x46, 0x21,
  0x46, 0x21, 0x46, 0x21, 0x46, 0x21, 0x46, 0x21, 0x46, 0x21, 0x46, 0x21, 0x46, 0x21, 0x46, 0x21,
  0x46, 0x21, 0x46, 0x21, 0x46, 0x21, 0x46, 0x21, 0x46, 0x21, 0x46, 0x21, 0x46, 0x21, 0x46, 0x21,
  0x46, 0x21, 0x46, 0x21, 0x46, 0x21, 0x46, 0x21, 0x46, 0x21, 0x67, 0x29, 0x89, 0x52, 0x28, 0x42,
  0x28, 0x42, 0x28, 0x42, 0x28, 0x42, 0x28, 0x42, 0x28, 0x42, 0x28, 0x42, 0x28, 0x42, 0x49, 0x4a,
  0x48, 0x4a, 0xe8, 0x39, 0x92, 0x94, 0xcf, 0x73, 0xe7, 0x39, 0x49, 0x4a, 0x28, 0x42, 0x48, 0x42,
  0xe7, 0x39, 0xb3, 0x94, 0x19, 0xc6, 0x19, 0xc6, 0x72, 0x8c, 0xcf, 0x7b, 0xaf, 0x73, 0xd4, 0x9c,
  0xb3, 0x94, 0x28, 0x42, 0x48, 0x42, 0x48, 0x42, 0x49, 0x42, 0x48, 0x42, 0x48, 0x42, 0x49, 0x4a,
  0x08, 0x42, 0xcb, 0x5a, 0xf4, 0x9c, 0xab, 0x52, 0x07, 0x3a, 0x49, 0x42, 0x08, 0x42, 0x08, 0x42,
  0x08, 0x42, 0x08, 0x42, 0x08, 0x42, 0x08, 0x3a, 0xe8, 0x39, 0xe8, 0x39, 0xe8, 0x39, 0xe8, 0x39,
  0xe8, 0x39, 0xe8, 0x39, 0xe8, 0x39, 0x66, 0x29, 0x08, 0x3a, 0x08, 0x3a, 0x08, 0x3a, 0x08, 0x42,
  0x28, 0x42, 0x28, 0x42, 0x08, 0x42, 0xaa, 0x52, 0xeb, 0x5a, 0xcb, 0x5a, 0xca, 0x5a, 0xca, 0x5a,
  0xca, 0x5a, 0xca, 0x5a, 0xeb, 0x5a, 0xa7, 0x31, 0xc3, 0x18, 0x66, 0x29, 0xa6, 0x31, 0xa7, 0x31,
  0x08, 0x3a, 0x28, 0x42, 0x69, 0x4a, 0x8a, 0x4a, 0x8a, 0x52, 0xaa, 0x52, 0x0b, 0x5b, 0x2c, 0x63,
  0x2c, 0x63, 0x2c, 0x63, 0x2c, 0x63, 0x2c, 0x63, 0x2c, 0x63, 0x2c, 0x63, 0x2c, 0x63, 0x2c, 0x63,
  0x0c, 0x63, 0x0c, 0x63, 0x0b, 0x63, 0x0b, 0x63, 0x0c, 0x63, 0x0c, 0x63, 0x2c, 0x63, 0x2c, 0x63,
  0x2c, 0x63, 0x2c, 0x63, 0x2c, 0x63, 0x2c, 0x63, 0x4c, 0x63, 0x8a, 0x52, 0xca, 0x52, 0x2c, 0x63,
  0x0c, 0x63, 0x0c, 0x63, 0x0b, 0x63, 0x0b, 0x63, 0x0b, 0x5b, 0x0b, 0x63, 0x0b, 0x63, 0x0b, 0x63,
  0x0c, 0x63, 0x2c, 0x63, 0x2c, 0x63, 0x2c, 0x63, 0x2c, 0x63, 0x2c, 0x63, 0x2c, 0x63, 0x2c, 0x63,
  0x0c, 0x63, 0xeb, 0x5a, 0xcb, 0x5a, 0xcb, 0x5a, 0xcb, 0x52, 0xcb, 0x5a, 0xcb, 0x5a, 0xcb, 0x5a,
  0xcb, 0x5a, 0xeb, 0x5a, 0xeb, 0x5a, 0xeb, 0x5a, 0xeb, 0x5a, 0xeb, 0x5a, 0xeb, 0x5a, 0xeb, 0x5a,
  0xeb, 0x5a, 0xeb, 0x5a, 0xeb, 0x5a, 0xeb, 0x5a, 0xcb, 0x5a, 0xcb, 0x5a, 0xeb, 0x5a, 0xeb, 0x5a,
  0xeb, 0x5a, 0xeb, 0x5a, 0x4d, 0x6b, 0x09, 0x3a, 0x26, 0x21, 0x46, 0x21, 0x46, 0x21, 0x46, 0x21,
  0x46, 0x21, 0x46, 0x21, 0x46, 0x21, 0x46, 0x21, 0x46, 0x21, 0x46, 0x21, 0x46, 0x21, 0x46, 0x21,
  0x46, 0x21, 0x46, 0x21, 0x46, 0x21, 0x46, 0x21, 0x46, 0x21, 0x46, 0x21, 0x46, 0x21, 0x46, 0x21,
  0x46, 0x21, 0x46, 0x21, 0x46, 0x21, 0x46, 0x21, 0x46, 0x21, 0x46, 0x21, 0x46, 0x21, 0x46, 0x21,
  0x46, 0x21, 0x46, 0x21, 0x46, 0x21, 0x46, 0x21, 0x46, 0x21, 0x46, 0x21, 0x46, 0x21, 0x46, 0x21,
  0x46, 0x21, 0x46, 0x21, 0x46, 0x21, 0x46, 0x21, 0x46, 0x21, 0x46, 0x21, 0x46, 0x21, 0x46, 0x21,
  0x46, 0x21, 0x46, 0x21, 0x46, 0x21, 0x46, 0x21, 0x46, 0x21, 0x46, 0x21, 0x46, 0x21, 0x46, 0x21,
  0x46, 0x21, 0x46, 0x21, 0x46, 0x21, 0x46, 0x21, 0x46, 0x21, 0x46, 0x21, 0x46, 0x21, 0x46, 0x21,
  0x46, 0x21, 0x46, 0x21, 0x46, 0x21, 0x46, 0x21, 0x46, 0x21, 0x46, 0x21, 0x46, 0x21, 0x46, 0x21,
  0x46, 0x21, 0x67, 0x29, 0x69, 0x4a, 0x28, 0x42, 0x28, 0x42, 0x28, 0x42, 0x28, 0x42, 0x28, 0x42,
  0x28, 0x42, 0x28, 0x42, 0x28, 0x42, 0x28, 0x42, 0x28, 0x42, 0x28, 0x42, 0x28, 0x42, 0x92, 0x94,
  0xab, 0x52, 0x07, 0x3a, 0x28, 0x42, 0x28, 0x42, 0x07, 0x3a, 0x8e, 0x6b, 0x97, 0xb5, 0xf9, 0xbd,
  0xf9, 0xbd, 0xd8, 0xbd, 0x10, 0x84, 0x76, 0xad, 0xcb, 0x5a, 0xe7, 0x39, 0x49, 0x4a, 0x28, 0x42,
  0x49, 0x42, 0x48, 0x42, 0x49, 0x42, 0x28, 0x42, 0x08, 0x42, 0x92, 0x94, 0xeb, 0x5a, 0xe7, 0x39,
  0x28, 0x42, 0x08, 0x42, 0x08, 0x42, 0x08, 0x42, 0x08, 0x42, 0x08, 0x42, 0x08, 0x3a, 0xe8, 0x39,
  0xe7, 0x39, 0xe7, 0x39, 0xe7, 0x39, 0xe7, 0x39, 0xe7, 0x39, 0xe8, 0x39, 0xe7, 0x39, 0x66, 0x29,
  0xe8, 0x39, 0x08, 0x3a, 0xe8, 0x39, 0x08, 0x3a, 0x08, 0x42, 0x08, 0x42, 0x08, 0x42, 0xaa, 0x52,
  0xeb, 0x5a, 0xcb, 0x5a, 0xcb, 0x5a, 0xca, 0x52, 0xca, 0x52, 0xca, 0x52, 0x0b, 0x5b, 0xc7, 0x39,
  0xe8, 0x39, 0xab, 0x52, 0x28, 0x42, 0xc7, 0x39, 0xa7, 0x31, 0xa6, 0x31, 0x86, 0x31, 0x86, 0x31,
  0x86, 0x29, 0x66, 0x29, 0x86, 0x29, 0x86, 0x31, 0xa7, 0x31, 0x08, 0x3a, 0x49, 0x4a, 0x69, 0x4a,
  0xaa, 0x52, 0xca, 0x52, 0xeb, 0x5a, 0x0b, 0x63, 0x2c, 0x63, 0x4c, 0x63, 0x4c, 0x63, 0x2c, 0x63,
  0x4c, 0x63, 0x2c, 0x63, 0x2c, 0x63, 0x2c, 0x63, 0x2c, 0x63, 0x2c, 0x63, 0x2c, 0x63, 0x0c, 0x63,
  0x2c, 0x63, 0x8a, 0x52, 0xca, 0x5a, 0x2c, 0x63, 0x0c, 0x63, 0x2c, 0x63, 0x0c, 0x63, 0x0b, 0x63,
  0x0b, 0x63, 0x0b, 0x63, 0x0c, 0x63, 0x0c, 0x63, 0x2c, 0x63, 0x2c, 0x63, 0x2c, 0x63, 0x2c, 0x63,
  0x2c, 0x63, 0x2c, 0x63, 0x2c, 0x63, 0x0c, 0x63, 0x0b, 0x63, 0x0b, 0x5b, 0xcb, 0x5a, 0xcb, 0x52,
  0xcb, 0x52, 0xcb, 0x52, 0xcb, 0x5a, 0xcb, 0x5a, 0xcb, 0x5a, 0xcb, 0x5a, 0xcb, 0x5a, 0xeb, 0x5a,
  0xeb, 0x5a, 0xeb, 0x5a, 0xeb, 0x5a, 0xeb, 0x5a, 0xeb, 0x5a, 0xeb, 0x5a, 0xeb, 0x5a, 0xeb, 0x5a,
  0xcb, 0x5a, 0xeb, 0x5a, 0xeb, 0x5a, 0xeb, 0x5a, 0xeb, 0x5a, 0xeb, 0x5a, 0x2c, 0x63, 0xa8, 0x31,
  0x46, 0x21, 0x46, 0x21, 0x46, 0x21, 0x46, 0x21, 0x46, 0x21, 0x46, 0x21, 0x46, 0x21, 0x46, 0x21,
  0x46, 0x21, 0x46, 0x21, 0x46, 0x21, 0x46, 0x21, 0x46, 0x21, 0x46, 0x21, 0x46, 0x21, 0x46, 0x21,
  0x46, 0x21, 0x46, 0x21, 0x46, 0x21, 0x46, 0x21, 0x46, 0x21, 0x46, 0x21, 0x46, 0x21, 0x46, 0x21,
  0x46, 0x21, 0x46, 0x21, 0x46, 0x21, 0x46, 0x21, 0x46, 0x21, 0x46, 0x21, 0x46, 0x21, 0x46, 0x21,
  0x46, 0x21, 0x46, 0x21, 0x46, 0x21, 0x46, 0x21, 0x46, 0x21, 0x46, 0x21, 0x46, 0x21, 0x46, 0x21,
  0x46, 0x21, 0x46, 0x21, 0x46, 0x21, 0x46, 0x21, 0x46, 0x21, 0x46, 0x21, 0x46, 0x21, 0x46, 0x21,
  0x46, 0x21, 0x46, 0x21, 0x46, 0x21, 0x46, 0x21, 0x46, 0x21, 0x46, 0x21, 0x46, 0x21, 0x46, 0x21,
  0x46, 0x21, 0x46, 0x21, 0x46, 0x21, 0x46, 0x21, 0x46, 0x21, 0x46, 0x21, 0x46, 0x21, 0x46, 0x21,
  0x46, 0x21, 0x46, 0x21, 0x46, 0x21, 0x46, 0x21, 0x46, 0x21, 0x67, 0x29, 0x69, 0x4a, 0x28, 0x42,
  0x28, 0x42, 0x08, 0x42, 0x08, 0x42, 0x08, 0x42, 0x08, 0x42, 0x08, 0x42, 0x08, 0x42, 0x08, 0x42,
  0x08, 0x42, 0x28, 0x42, 0x08, 0x42, 0x89, 0x4a, 0x92, 0x8c, 0x49, 0x4a, 0x08, 0x42, 0x28, 0x42,
  0x28, 0x42, 0xe7, 0x39, 0x8a, 0x52, 0x93, 0x94, 0xd8, 0xbd, 0xb7, 0xb5, 0xb3, 0x94, 0xd8, 0xbd,
  0x51, 0x8c, 0x49, 0x4a, 0x28, 0x42, 0x49, 0x42, 0x48, 0x42, 0x48, 0x42, 0x28, 0x42, 0x08, 0x42,
  0x92, 0x94, 0x2c, 0x63, 0xc7, 0x31, 0x28, 0x42, 0x08, 0x42, 0x08, 0x42, 0x08, 0x42, 0x08, 0x42,
  0x08, 0x42, 0x08, 0x3a, 0xe8, 0x39, 0xe8, 0x39, 0xe7, 0x39, 0xc7, 0x39, 0xe7, 0x39, 0xe7, 0x39,
  0xe7, 0x39, 0xe7, 0x39, 0xe7, 0x39, 0x66, 0x29, 0xe8, 0x39, 0xe8, 0x39, 0xe8, 0x39, 0x08, 0x3a,
  0x08, 0x42, 0x08, 0x42, 0x08, 0x3a, 0xaa, 0x52, 0xca, 0x5a, 0xca, 0x52, 0xca, 0x52, 0xca, 0x52,
  0xca, 0x5a, 0xca, 0x5a, 0x0b, 0x5b, 0xc7, 0x39, 0xe7, 0x39, 0x2c, 0x63, 0xaa, 0x52, 0xaa, 0x52,
  0xaa, 0x52, 0xaa, 0x52, 0xaa, 0x52, 0xcb, 0x5a, 0xeb, 0x5a, 0xcb, 0x5a, 0x69, 0x4a, 0x28, 0x42,
  0xe8, 0x39, 0xc7, 0x39, 0xc7, 0x39, 0xc7, 0x39, 0xc7, 0x39, 0xa7, 0x31, 0xa6, 0x31, 0xa6, 0x31,
  0xa6, 0x31, 0xa7, 0x31, 0xe7, 0x39, 0x49, 0x42, 0x8a, 0x4a, 0xaa, 0x52, 0xcb, 0x5a, 0xeb, 0x5a,
  0x2c, 0x63, 0x2c, 0x63, 0x4c, 0x6b, 0x4d, 0x6b, 0x6d, 0x6b, 0xaa, 0x52, 0xca, 0x52, 0x2c, 0x63,
  0x0b, 0x63, 0x0c, 0x63, 0x0c, 0x63, 0x0b, 0x63, 0x0b, 0x63, 0x0c, 0x63, 0x0c, 0x63, 0x2c, 0x63,
  0x2c, 0x63, 0x2c, 0x63, 0x2c, 0x63, 0x2c, 0x63, 0x2c, 0x63, 0x2c, 0x63, 0x0b, 0x63, 0x0c, 0x63,
  0x2c, 0x63, 0x0b, 0x63, 0xeb, 0x5a, 0xeb, 0x5a, 0xcb, 0x5a, 0xcb, 0x5a, 0xcb, 0x5a, 0xcb, 0x5a,
  0xcb, 0x5a, 0xcb, 0x5a, 0xcb, 0x5a, 0xeb, 0x5a, 0xeb, 0x5a, 0xeb, 0x5a, 0xeb, 0x5a, 0xeb, 0x5a,
  0xeb, 0x5a, 0xeb, 0x5a, 0xeb, 0x5a, 0xeb, 0x5a, 0xcb, 0x5a, 0xcb, 0x5a, 0xcb, 0x5a, 0xeb, 0x5a,
  0xeb, 0x5a, 0xeb, 0x5a, 0xeb, 0x5a, 0x66, 0x29, 0x46, 0x21, 0x46, 0x21, 0x46, 0x21, 0x46, 0x21,
  0x46, 0x21, 0x46, 0x21, 0x46, 0x21, 0x46, 0x21, 0x46, 0x21, 0x46, 0x21, 0x46, 0x21, 0x46, 0x21,
  0x46, 0x21, 0x46, 0x21, 0x46, 0x21, 0x46, 0x21, 0x46, 0x21, 0x46, 0x21, 0x46, 0x21, 0x46, 0x21,
  0x46, 0x21, 0x46, 0x21, 0x46, 0x21, 0x46, 0x21, 0x46, 0x21, 0x46, 0x21, 0x46, 0x21, 0x46, 0x21,
  0x46, 0x21, 0x46, 0x21, 0x46, 0x21, 0x46, 0x21, 0x46, 0x21, 0x46, 0x21, 0x46, 0x21, 0x46, 0x21,
  0x46, 0x21, 0x46, 0x21, 0x46, 0x21, 0x46, 0x21, 0x46, 0x21, 0x46, 0x21, 0x46, 0x21, 0x46, 0x21,
  0x46, 0x21, 0x46, 0x21, 0x46, 0x21, 0x46, 0x21, 0x46, 0x21, 0x46, 0x21, 0x46, 0x21, 0x46, 0x21,
  0x46, 0x21, 0x46, 0x21, 0x46, 0x21, 0x46, 0x21, 0x46, 0x21, 0x46, 0x21, 0x46, 0x21, 0x46, 0x21,
  0x46, 0x21, 0x46, 0x21, 0x46, 0x21, 0x46, 0x21, 0x46, 0x21, 0x46, 0x21, 0x46, 0x21, 0x46, 0x21,
  0x46, 0x21, 0x67, 0x29, 0x69, 0x4a, 0x08, 0x42, 0x08, 0x42, 0x08, 0x42, 0x08, 0x42, 0x07, 0x42,
  0x08, 0x42, 0x08, 0x42, 0x08, 0x42, 0x08, 0x42, 0x08, 0x42, 0x08, 0x42, 0x28, 0x42, 0xe7, 0x39,
  0xeb, 0x5a, 0x10, 0x84, 0x07, 0x3a, 0x28, 0x42, 0x28, 0x42, 0x28, 0x42, 0x08, 0x42, 0xe7, 0x39,
  0x6e, 0x6b, 0x35, 0xa5, 0xd4, 0x9c, 0xb7, 0xb5, 0xf8, 0xbd, 0xb3, 0x94, 0x28, 0x42, 0x48, 0x42,
  0x28, 0x42, 0x48, 0x42, 0xe7, 0x39, 0x0f, 0x7c, 0xcf, 0x73, 0xa6, 0x31, 0x28, 0x42, 0x08, 0x42,
  0x08, 0x42, 0x08, 0x42, 0x08, 0x42, 0x08, 0x42, 0xe8, 0x39, 0xe8, 0x39, 0xe8, 0x39, 0xe8, 0x39,
  0xc7, 0x39, 0xc7, 0x39, 0xc7, 0x39, 0xc7, 0x39, 0xe7, 0x39, 0xe7, 0x39, 0xc7, 0x39, 0x66, 0x29,
  0xe8, 0x39, 0x08, 0x3a, 0xe8, 0x39, 0x08, 0x3a, 0x08, 0x42, 0x08, 0x42, 0xe8, 0x39, 0x8a, 0x52,
  0xca, 0x52, 0xca, 0x52, 0xca, 0x52, 0xcb, 0x5a, 0xeb, 0x5a, 0xeb, 0x5a, 0x0b, 0x5b, 0xc7, 0x31,
  0xe7, 0x39, 0xeb, 0x5a, 0x49, 0x4a, 0xaa, 0x52, 0x8a, 0x52, 0x69, 0x4a, 0x69, 0x4a, 0x89, 0x4a,
  0xaa, 0x52, 0xaa, 0x52, 0xca, 0x52, 0xcb, 0x5a, 0xeb, 0x5a, 0xeb, 0x5a, 0xcb, 0x5a, 0xeb, 0x5a,
  0xcb, 0x5a, 0xeb, 0x5a, 0x0b, 0x5b, 0xca, 0x52, 0x6a, 0x4a, 0x49, 0x42, 0x28, 0x42, 0x08, 0x42,
  0x08, 0x42, 0x08, 0x42, 0x08, 0x3a, 0x08, 0x3a, 0xe7, 0x39, 0xe7, 0x39, 0xe7, 0x39, 0x08, 0x42,
  0x49, 0x4a, 0xe7, 0x39, 0xcb, 0x52, 0x2c, 0x63, 0x0b, 0x63, 0x0c, 0x63, 0x2c, 0x63, 0x0c, 0x63,
  0x0b, 0x63, 0x0c, 0x63, 0x2c, 0x63, 0x2c, 0x63, 0x2c, 0x63, 0x2c, 0x63, 0x2c, 0x63, 0x2c, 0x63,
  0x2c, 0x63, 0x2c, 0x63, 0x0b, 0x63, 0x0c, 0x63, 0x2c, 0x63, 0x0c, 0x63, 0x0b, 0x63, 0x0b, 0x5b,
  0xeb, 0x5a, 0xeb, 0x5a, 0xeb, 0x5a, 0xcb, 0x5a, 0xcb, 0x5a, 0xcb, 0x5a, 0xcb, 0x5a, 0xeb, 0x5a,
  0xeb, 0x5a, 0xeb, 0x5a, 0xeb, 0x5a, 0xeb, 0x5a, 0xeb, 0x5a, 0xeb, 0x5a, 0xeb, 0x5a, 0xeb, 0x5a,
  0xeb, 0x5a, 0xeb, 0x5a, 0xcb, 0x5a, 0xeb, 0x5a, 0xeb, 0x5a, 0xeb, 0x5a, 0xeb, 0x5a, 0x66, 0x29,
  0x46, 0x21, 0x46, 0x21, 0x46, 0x21, 0x46, 0x21, 0x46, 0x21, 0x46, 0x21, 0x46, 0x21, 0x46, 0x21,
  0x46, 0x21, 0x46, 0x21, 0x46, 0x21, 0x46, 0x21, 0x46, 0x21, 0x46, 0x21, 0x46, 0x21, 0x46, 0x21,
  0x46, 0x21, 0x46, 0x21, 0x46, 0x21, 0x46, 0x21, 0x46, 0x21, 0x46, 0x21, 0x46, 0x21, 0x46, 0x21,
  0x46, 0x21, 0x46, 0x21, 0x46, 0x21, 0x46, 0x21, 0x46, 0x21, 0x46, 0x21, 0x46, 0x21, 0x46, 0x21,
  0x46, 0x21, 0x46, 0x21, 0x46, 0x21, 0x46, 0x21, 0x46, 0x21, 0x46, 0x21, 0x46, 0x21, 0x46, 0x21,
  0x46, 0x21, 0x46, 0x21, 0x46, 0x21, 0x46, 0x21, 0x46, 0x21, 0x46, 0x21, 0x46, 0x21, 0x46, 0x21,
  0x46, 0x21, 0x46, 0x21, 0x46, 0x21, 0x46, 0x21, 0x46, 0x21, 0x46, 0x21, 0x46, 0x21, 0x46, 0x21,
  0x46, 0x21, 0x46, 0x21, 0x46, 0x21, 0x46, 0x21, 0x46, 0x21, 0x46, 0x21, 0x46, 0x21, 0x46, 0x21,
  0x46, 0x21, 0x46, 0x21, 0x46, 0x21, 0x46, 0x21, 0x46, 0x21, 0x67, 0x29, 0x69, 0x4a, 0x07, 0x42,
  0x28, 0x42, 0x08, 0x42, 0x07, 0x42, 0x07, 0x3a, 0x07, 0x42, 0x08, 0x42, 0x08, 0x42, 0x08, 0x42,
  0xe7, 0x39, 0x08, 0x42, 0x08, 0x42, 0x28, 0x42, 0xe7, 0x39, 0x0c, 0x63, 0x6d, 0x6b, 0x08, 0x42,
  0x28, 0x42, 0x28, 0x42, 0x28, 0x42, 0x28, 0x42, 0xc6, 0x31, 0x2d, 0x63, 0x72, 0x94, 0x76, 0xad,
  0xd8, 0xbd, 0xf8, 0xbd, 0xaf, 0x73, 0x07, 0x3a, 0x48, 0x42, 0x07, 0x3a, 0x0b, 0x5b, 0x4d, 0x6b,
  0xc6, 0x31, 0x08, 0x42, 0x08, 0x42, 0x08, 0x42, 0x08, 0x42, 0x08, 0x42, 0x08, 0x42, 0xe8, 0x39,
  0xe8, 0x39, 0xe7, 0x39, 0xe7, 0x39, 0xe7, 0x39, 0xc7, 0x39, 0xc7, 0x39, 0xc7, 0x39, 0xc7, 0x39,
  0xc7, 0x39, 0xc7, 0x39, 0xc7, 0x39, 0x46, 0x29, 0xe8, 0x39, 0xe8, 0x39, 0xe8, 0x39, 0x08, 0x3a,
  0x08, 0x42, 0x08, 0x42, 0xe8, 0x39, 0x8a, 0x52, 0xcb, 0x5a, 0xca, 0x52, 0xcb, 0x5a, 0xcb, 0x52,
  0xcb, 0x5a, 0xcb, 0x5a, 0x0b, 0x5b, 0xc7, 0x31, 0xe7, 0x39, 0xcb, 0x5a, 0x49, 0x4a, 0xaa, 0x52,
  0x69, 0x4a, 0xaa, 0x52, 0xaa, 0x52, 0xaa, 0x52, 0xca, 0x5a, 0xca, 0x5a, 0xcb, 0x5a, 0xeb, 0x5a,
  0xeb, 0x5a, 0x0b, 0x5b, 0xeb, 0x5a, 0xaa, 0x52, 0xca, 0x52, 0xca, 0x5a, 0xeb, 0x5a, 0xeb, 0x5a,
  0xeb, 0x5a, 0xeb, 0x5a, 0xeb, 0x5a, 0xeb, 0x5a, 0xeb, 0x5a, 0xeb, 0x5a, 0xeb, 0x5a, 0x0b, 0x63,
  0xeb, 0x5a, 0xcb, 0x5a, 0x8a, 0x52, 0x69, 0x4a, 0x6a, 0x4a, 0xe8, 0x39, 0xcb, 0x5a, 0x2c, 0x63,
  0x0b, 0x63, 0x0b, 0x63, 0x2c, 0x63, 0x0c, 0x63, 0x0c, 0x63, 0x0c, 0x63, 0x2c, 0x63, 0x2c, 0x63,
  0x2c, 0x63, 0x2c, 0x63, 0x2c, 0x63, 0x2c, 0x63, 0x2c, 0x63, 0x2c, 0x63, 0x2c, 0x63, 0x2c, 0x63,
  0x2c, 0x63, 0x2c, 0x63, 0x0c, 0x63, 0x0c, 0x63, 0x0b, 0x5b, 0xeb, 0x5a, 0xeb, 0x5a, 0xeb, 0x5a,
  0xeb, 0x5a, 0xeb, 0x5a, 0xeb, 0x5a, 0xeb, 0x5a, 0xeb, 0x5a, 0xeb, 0x5a, 0xeb, 0x5a, 0xeb, 0x5a,
  0xeb, 0x5a, 0xeb, 0x5a, 0xeb, 0x5a, 0xeb, 0x5a, 0xeb, 0x5a, 0xcb, 0x5a, 0xcb, 0x5a, 0xeb, 0x5a,
  0xeb, 0x5a, 0xeb, 0x5a, 0xeb, 0x5a, 0x66, 0x29, 0x46, 0x21, 0x46, 0x21, 0x46, 0x21, 0x46, 0x21,
  0x46, 0x21, 0x46, 0x21, 0x46, 0x21, 0x46, 0x21, 0x46, 0x21, 0x46, 0x21, 0x46, 0x21, 0x46, 0x21,
  0x46, 0x21, 0x46, 0x21, 0x46, 0x21, 0x46, 0x21, 0x46, 0x21, 0x46, 0x21, 0x46, 0x21, 0x46, 0x21,
  0x46, 0x21, 0x46, 0x21, 0x46, 0x21, 0x46, 0x21, 0x46, 0x21, 0x46, 0x21, 0x46, 0x21, 0x46, 0x21,
  0x46, 0x21, 0x46, 0x21, 0x46, 0x21, 0x46, 0x21, 0x46, 0x21, 0x46, 0x21, 0x46, 0x21, 0x46, 0x21,
  0x46, 0x21, 0x46, 0x21, 0x46, 0x21, 0x46, 0x21, 0x46, 0x21, 0x46, 0x21, 0x46, 0x21, 0x46, 0x21,
  0x46, 0x21, 0x46, 0x21, 0x46, 0x21, 0x46, 0x21, 0x46, 0x21, 0x46, 0x21, 0x46, 0x21, 0x46, 0x21,
  0x46, 0x21, 0x46, 0x21, 0x46, 0x21, 0x46, 0x21, 0x46, 0x21, 0x46, 0x21, 0x46, 0x21, 0x46, 0x21,
  0x46, 0x21, 0x46, 0x21, 0x46, 0x21, 0x46, 0x21, 0x46, 0x21, 0x46, 0x21, 0x46, 0x21, 0x46, 0x21,
  0x46, 0x21, 0x67, 0x29, 0x69, 0x4a, 0x07, 0x3a, 0x07, 0x42, 0x08, 0x42, 0xe7, 0x39, 0xe7, 0x39,
  0xe7, 0x39, 0x07, 0x42, 0x08, 0x42, 0x08, 0x42, 0xe7, 0x39, 0xe7, 0x39, 0x08, 0x42, 0x28, 0x42,
  0x28, 0x42, 0x07, 0x3a, 0xaa, 0x52, 0x28, 0x42, 0x28, 0x42, 0x28, 0x42, 0x28, 0x42, 0x28, 0x42,
  0xe7, 0x39, 0x4d, 0x6b, 0xae, 0x73, 0x69, 0x4a, 0x92, 0x8c, 0xb8, 0xb5, 0x35, 0xa5, 0x28, 0x42,
  0x08, 0x42, 0x08, 0x42, 0x48, 0x42, 0xe7, 0x39, 0x08, 0x42, 0x08, 0x3a, 0xe8, 0x39, 0x08, 0x3a,
  0xe8, 0x39, 0x08, 0x3a, 0xe8, 0x39, 0xe8, 0x39, 0xe7, 0x39, 0xe7, 0x39, 0xe7, 0x39, 0xc7, 0x39,
  0xc7, 0x39, 0xc7, 0x39, 0xc7, 0x39, 0xc7, 0x39, 0xc7, 0x39, 0xc7, 0x39, 0xc7, 0x39, 0x46, 0x29,
  0xe7, 0x39, 0xe8, 0x39, 0xe8, 0x39, 0x08, 0x3a, 0x08, 0x42, 0x08, 0x42, 0xe8, 0x39, 0xaa, 0x52,
  0xcb, 0x5a, 0xcb, 0x5a, 0xca, 0x5a, 0xca, 0x52, 0xcb, 0x5a, 0xcb, 0x5a, 0x0c, 0x63, 0xc7, 0x39,
  0xe7, 0x39, 0xcb, 0x5a, 0x28, 0x42, 0x4d, 0x63, 0x92, 0x94, 0x6d, 0x6b, 0xef, 0x7b, 0xcb, 0x5a,
  0x89, 0x52, 0xaa, 0x52, 0xaa, 0x52, 0xca, 0x5a, 0xcb, 0x5a, 0xeb, 0x5a, 0x0b, 0x5b, 0x2c, 0x63,
  0x0b, 0x63, 0xeb, 0x5a, 0xcb, 0x5a, 0x0b, 0x63, 0x0b, 0x63, 0x0b, 0x63, 0x2c, 0x63, 0x0c, 0x63,
  0xeb, 0x5a, 0xca, 0x5a, 0xca, 0x5a, 0xca, 0x5a, 0xeb, 0x5a, 0xeb, 0x5a, 0xeb, 0x5a, 0xaa, 0x52,
  0x0b, 0x5b, 0xcb, 0x52, 0xca, 0x52, 0x2c, 0x63, 0x0b, 0x63, 0x0b, 0x63, 0x0b, 0x63, 0x0b, 0x63,
  0x0c, 0x63, 0x2c, 0x63, 0x2c, 0x63, 0xeb, 0x5a, 0xeb, 0x5a, 0xeb, 0x5a, 0xeb, 0x5a, 0xeb, 0x5a,
  0xeb, 0x5a, 0xeb, 0x5a, 0x0b, 0x63, 0x2c, 0x63, 0x2c, 0x63, 0x2c, 0x63, 0x2c, 0x63, 0x2c, 0x63,
  0x2c, 0x63, 0x0b, 0x5b, 0x0b, 0x5b, 0x0b, 0x5b, 0x0b, 0x5b, 0x0b, 0x5b, 0x0c, 0x5b, 0x0c, 0x5b,
  0x0b, 0x5b, 0x0b, 0x5b, 0xeb, 0x5a, 0xeb, 0x5a, 0xeb, 0x5a, 0xeb, 0x5a, 0xeb, 0x5a, 0xeb, 0x5a,
  0xeb, 0x5a, 0xcb, 0x5a, 0xeb, 0x5a, 0xeb, 0x5a, 0xeb, 0x5a, 0xeb, 0x5a, 0x0c, 0x5b, 0x66, 0x29,
  0x46, 0x21, 0x46, 0x21, 0x46, 0x21, 0x46, 0x21, 0x46, 0x21, 0x46, 0x21, 0x46, 0x21, 0x46, 0x21,
  0x46, 0x21, 0x46, 0x21, 0x46, 0x21, 0x46, 0x21, 0x46, 0x21, 0x46, 0x21, 0x46, 0x21, 0x46, 0x21,
  0x46, 0x21, 0x46, 0x21, 0x46, 0x21, 0x46, 0x21, 0x46, 0x21, 0x46, 0x21, 0x46, 0x21, 0x46, 0x21,
  0x46, 0x21, 0x46, 0x21, 0x46, 0x21, 0x46, 0x21, 0x46, 0x21, 0x46, 0x21, 0x46, 0x21, 0x46, 0x21,
  0x46, 0x21, 0x46, 0x21, 0x46, 0x21, 0x46, 0x21, 0x46, 0x21, 0x46, 0x21, 0x46, 0x21, 0x46, 0x21,
  0x46, 0x21, 0x46, 0x21, 0x46, 0x21, 0x46, 0x21, 0x46, 0x21, 0x46, 0x21, 0x46, 0x21, 0x46, 0x21,
  0x46, 0x21, 0x46, 0x21, 0x46, 0x21, 0x46, 0x21, 0x46, 0x21, 0x46, 0x21, 0x46, 0x21, 0x46, 0x21,
  0x46, 0x21, 0x46, 0x21, 0x46, 0x21, 0x46, 0x21, 0x46, 0x21, 0x46, 0x21, 0x46, 0x21, 0x46, 0x21,
  0x46, 0x21, 0x46, 0x21, 0x46, 0x21, 0x46, 0x21, 0x46, 0x21, 0x87, 0x29, 0x49, 0x4a, 0xe7, 0x39,
  0x07, 0x3a, 0x07, 0x42, 0xe7, 0x39, 0xe7, 0x39, 0xe7, 0x39, 0x07, 0x3a, 0x08, 0x42, 0x08, 0x42,
  0xe7, 0x39, 0xe7, 0x39, 0xe7, 0x39, 0x08, 0x42, 0x08, 0x42, 0x28, 0x42, 0x08, 0x42, 0x08, 0x42,
  0x28, 0x42, 0x28, 0x42, 0x28, 0x42, 0x49, 0x42, 0xe7, 0x39, 0x2c, 0x63, 0xef, 0x7b, 0xa6, 0x31,
  0x08, 0x3a, 0x4d, 0x6b, 0xf4, 0x9c, 0x8a, 0x4a, 0xe7, 0x39, 0x08, 0x42, 0x08, 0x3a, 0x28, 0x42,
  0x08, 0x3a, 0xe8, 0x39, 0xe8, 0x39, 0xe8, 0x39, 0xe8, 0x39, 0xe7, 0x39, 0xe8, 0x39, 0xe7, 0x39,
  0xe7, 0x39, 0xe7, 0x39, 0xc7, 0x39, 0xc7, 0x39, 0xc7, 0x39, 0xc7, 0x39, 0xc7, 0x31, 0xa7, 0x31,
  0xc7, 0x39, 0xc7, 0x31, 0xa7, 0x31, 0x45, 0x29, 0xe7, 0x39, 0xe8, 0x39, 0xe8, 0x39, 0xe8, 0x39,
  0x08, 0x42, 0x08, 0x3a, 0xe8, 0x39, 0xaa, 0x52, 0xeb, 0x5a, 0xcb, 0x5a, 0xcb, 0x5a, 0xcb, 0x52,
  0xcb, 0x5a, 0xca, 0x52, 0xeb, 0x5a, 0xc7, 0x39, 0xe7, 0x39, 0xca, 0x52, 0x28, 0x42, 0x0c, 0x63,
  0xf3, 0x9c, 0x30, 0x84, 0xcf, 0x7b, 0x8e, 0x73, 0x89, 0x52, 0xaa, 0x52, 0xca, 0x52, 0xca, 0x5a,
  0xeb, 0x5a, 0xeb, 0x5a, 0xeb, 0x5a, 0xca, 0x5a, 0x4c, 0x63, 0xce, 0x73, 0xae, 0x73, 0x6d, 0x6b,
  0x6d, 0x6b, 0x2c, 0x63, 0x0c, 0x63, 0x2c, 0x63, 0x4c, 0x63, 0x4d, 0x6b, 0x4d, 0x6b, 0x6d, 0x6b,
  0x0c, 0x63, 0x0b, 0x5b, 0x0b, 0x5b, 0xeb, 0x5a, 0x8a, 0x52, 0xaa, 0x52, 0xca, 0x5a, 0x2c, 0x63,
  0x0b, 0x63, 0x0b, 0x63, 0x0b, 0x63, 0x0b, 0x63, 0x0c, 0x63, 0x0b, 0x63, 0x4c, 0x63, 0x30, 0x84,
  0x10, 0x84, 0xce, 0x7b, 0x8d, 0x73, 0x4c, 0x63, 0x2c, 0x63, 0x2c, 0x63, 0x2c, 0x63, 0x0b, 0x63,
  0x0b, 0x5b, 0xeb, 0x5a, 0xeb, 0x5a, 0xeb, 0x5a, 0xeb, 0x5a, 0xcb, 0x5a, 0xeb, 0x5a, 0x0b, 0x5b,
  0x0b, 0x5b, 0x0b, 0x5b, 0x0c, 0x5b, 0x0c, 0x63, 0x0c, 0x63, 0x0c, 0x63, 0x0b, 0x5b, 0xeb, 0x5a,
  0xeb, 0x5a, 0xeb, 0x5a, 0xeb, 0x5a, 0xeb, 0x5a, 0xcb, 0x5a, 0xcb, 0x5a, 0xeb, 0x5a, 0xeb, 0x5a,
  0xeb, 0x5a, 0xeb, 0x5a, 0x0c, 0x63, 0x66, 0x29, 0x46, 0x21, 0x46, 0x21, 0x46, 0x21, 0x46, 0x21,
  0x46, 0x21, 0x46, 0x21, 0x46, 0x21, 0x46, 0x21, 0x46, 0x21, 0x46, 0x21, 0x46, 0x21, 0x46, 0x21,
  0x46, 0x21, 0x46, 0x21, 0x46, 0x21, 0x46, 0x21, 0x46, 0x21, 0x46, 0x21, 0x46, 0x21, 0x46, 0x21,
  0x46, 0x21, 0x46, 0x21, 0x46, 0x21, 0x46, 0x21, 0x46, 0x21, 0x46, 0x21, 0x46, 0x21, 0x46, 0x21,
  0x46, 0x21, 0x46, 0x21, 0x46, 0x21, 0x46, 0x21, 0x46, 0x21, 0x46, 0x21, 0x46, 0x21, 0x46, 0x21,
  0x46, 0x21, 0x46, 0x21, 0x46, 0x21, 0x46, 0x21, 0x46, 0x21, 0x46, 0x21, 0x46, 0x21, 0x46, 0x21,
  0x46, 0x21, 0x46, 0x21, 0x46, 0x21, 0x46, 0x21, 0x46, 0x21, 0x46, 0x21, 0x46, 0x21, 0x46, 0x21,
  0x46, 0x21, 0x46, 0x21, 0x46, 0x21, 0x46, 0x21, 0x46, 0x21, 0x46, 0x21, 0x46, 0x21, 0x46, 0x21,
  0x46, 0x21, 0x46, 0x21, 0x46, 0x21, 0x46, 0x21, 0x46, 0x21, 0x46, 0x21, 0x46, 0x21, 0x46, 0x21,
  0x46, 0x21, 0x87, 0x29, 0x49, 0x4a, 0xe7, 0x39, 0xe7, 0x39, 0x07, 0x42, 0x07, 0x3a, 0xe7, 0x39,
  0xe7, 0x39, 0x07, 0x3a, 0x08, 0x42, 0x08, 0x42, 0xe7, 0x39, 0xe7, 0x39, 0xe7, 0x39, 0xe7, 0x39,
  0x07, 0x3a, 0x28, 0x42, 0x28, 0x42, 0x08, 0x42, 0x08, 0x42, 0x07, 0x3a, 0x07, 0x3a, 0x28, 0x42,
  0xc7, 0x31, 0x2c, 0x63, 0xcf, 0x7b, 0xa6, 0x31, 0x08, 0x42, 0xc7, 0x31, 0x49, 0x4a, 0x49, 0x42,
  0x08, 0x3a, 0x08, 0x42, 0x08, 0x42, 0x08, 0x42, 0x08, 0x42, 0xe8, 0x39, 0xe8, 0x39, 0xe7, 0x39,
  0xe7, 0x39, 0xe7, 0x39, 0xe7, 0x39, 0xe7, 0x39, 0xc7, 0x39, 0xc7, 0x39, 0xc7, 0x39, 0xc7, 0x31,
  0xc7, 0x31, 0xa7, 0x31, 0xa7, 0x31, 0xa7, 0x31, 0xa7, 0x31, 0xa7, 0x31, 0xa7, 0x31, 0x25, 0x21,
  0xe7, 0x39, 0xe8, 0x39, 0xe8, 0x39, 0x08, 0x3a, 0x08, 0x3a, 0x08, 0x42, 0xe8, 0x39, 0xaa, 0x52,
  0xeb, 0x5a, 0xcb, 0x5a, 0xcb, 0x5a, 0xcb, 0x52, 0xcb, 0x5a, 0xca, 0x52, 0xeb, 0x5a, 0xc6, 0x31,
  0xe7, 0x39, 0xca, 0x52, 0x48, 0x4a, 0x6d, 0x6b, 0x2c, 0x63, 0xcf, 0x7b, 0x91, 0x8c, 0xcb, 0x5a,
  0x8a, 0x52, 0xaa, 0x52, 0xca, 0x52, 0xca, 0x5a, 0xcb, 0x5a, 0xeb, 0x5a, 0xeb, 0x5a, 0xeb, 0x5a,
  0x55, 0xa5, 0x38, 0xbe, 0x17, 0xbe, 0x71, 0x8c, 0x34, 0x9d, 0x51, 0x84, 0xeb, 0x5a, 0x2c, 0x63,
  0x2c, 0x63, 0x2c, 0x63, 0x2c, 0x63, 0x2c, 0x63, 0x0f, 0x7c, 0x0b, 0x5b, 0x4c, 0x63, 0x6d, 0x6b,
  0xaa, 0x52, 0xaa, 0x52, 0xca, 0x52, 0x2c, 0x63, 0x0b, 0x5b, 0x0b, 0x63, 0x0b, 0x63, 0x0b, 0x5b,
  0x0b, 0x63, 0x0b, 0x5b, 0x6d, 0x6b, 0x75, 0xad, 0x95, 0xad, 0x54, 0xad, 0x34, 0xa5, 0x14, 0xa5,
  0x13, 0x9d, 0xf3, 0x9c, 0xd2, 0x94, 0xb2, 0x94, 0x71, 0x8c, 0x30, 0x84, 0x0f, 0x7c, 0xae, 0x73,
  0x6d, 0x6b, 0x4d, 0x6b, 0x4d, 0x6b, 0x4c, 0x63, 0x2c, 0x63, 0x0b, 0x5b, 0xeb, 0x5a, 0xeb, 0x5a,
  0x0b, 0x5b, 0x0b, 0x5b, 0xeb, 0x5a, 0xeb, 0x5a, 0x0b, 0x5b, 0xeb, 0x5a, 0xeb, 0x5a, 0xeb, 0x5a,
  0xeb, 0x5a, 0xeb, 0x5a, 0xeb, 0x5a, 0xeb, 0x5a, 0xeb, 0x5a, 0xeb, 0x5a, 0x0c, 0x5b, 0x66, 0x29,
  0x46, 0x21, 0x46, 0x21, 0x46, 0x21, 0x46, 0x21, 0x46, 0x21, 0x46, 0x21, 0x46, 0x21, 0x46, 0x21,
  0x46, 0x21, 0x46, 0x21, 0x46, 0x21, 0x46, 0x21, 0x46, 0x21, 0x46, 0x21, 0x46, 0x21, 0x46, 0x21,
  0x46, 0x21, 0x46, 0x21, 0x46, 0x21, 0x46, 0x21, 0x46, 0x21, 0x46, 0x21, 0x46, 0x21, 0x46, 0x21,
  0x46, 0x21, 0x46, 0x21, 0x46, 0x21, 0x46, 0x21, 0x46, 0x21, 0x46, 0x21, 0x46, 0x21, 0x46, 0x21,
  0x46, 0x21, 0x46, 0x21, 0x46, 0x21, 0x46, 0x21, 0x46, 0x21, 0x46, 0x21, 0x46, 0x21, 0x46, 0x21,
  0x46, 0x21, 0x46, 0x21, 0x46, 0x21, 0x46, 0x21, 0x46, 0x21, 0x46, 0x21, 0x46, 0x21, 0x46, 0x21,
  0x46, 0x21, 0x46, 0x21, 0x46, 0x21, 0x46, 0x21, 0x46, 0x21, 0x46, 0x21, 0x46, 0x21, 0x46, 0x21,
  0x46, 0x21, 0x46, 0x21, 0x46, 0x21, 0x46, 0x21, 0x46, 0x21, 0x46, 0x21, 0x46, 0x21, 0x46, 0x21,
  0x46, 0x21, 0x46, 0x21, 0x46, 0x21, 0x46, 0x21, 0x46, 0x21, 0x87, 0x29, 0x69, 0x4a, 0xc7, 0x39,
  0xe7, 0x39, 0xe7, 0x39, 0xe7, 0x39, 0xe7, 0x39, 0xe7, 0x39, 0xe7, 0x39, 0x08, 0x42, 0x08, 0x42,
  0xe7, 0x39, 0xe7, 0x39, 0xc7, 0x39, 0xe7, 0x39, 0xe7, 0x39, 0x08, 0x42, 0x28, 0x42, 0x08, 0x42,
  0x08, 0x42, 0xec, 0x5a, 0x0c, 0x63, 0xcb, 0x5a, 0x69, 0x4a, 0x8e, 0x73, 0xef, 0x7b, 0x08, 0x42,
  0x69, 0x4a, 0x69, 0x4a, 0x28, 0x42, 0xe7, 0x39, 0x08, 0x42, 0x08, 0x42, 0x08, 0x42, 0x08, 0x42,
  0x07, 0x3a, 0x08, 0x3a, 0xe8, 0x39, 0xe7, 0x39, 0xc7, 0x39, 0xc7, 0x39, 0xe7, 0x39, 0xe7, 0x39,
  0xc7, 0x39, 0xc7, 0x39, 0xc7, 0x39, 0xa7, 0x31, 0xa7, 0x31, 0xa7, 0x31, 0xa7, 0x31, 0xa6, 0x31,
  0xa7, 0x31, 0xa7, 0x31, 0xa7, 0x31, 0x25, 0x21, 0xc7, 0x39, 0xe8, 0x39, 0xe8, 0x39, 0xe8, 0x39,
  0x08, 0x3a, 0x08, 0x3a, 0xe8, 0x39, 0xaa, 0x52, 0xeb, 0x5a, 0xcb, 0x5a, 0xcb, 0x5a, 0xca, 0x52,
  0xca, 0x52, 0xaa, 0x52, 0xeb, 0x5a, 0xa6, 0x31, 0xe7, 0x39, 0xca, 0x52, 0x28, 0x42, 0x91, 0x8c,
  0x91, 0x8c, 0xd3, 0x94, 0xd2, 0x94, 0xae, 0x73, 0x69, 0x4a, 0xaa, 0x52, 0xaa, 0x52, 0xaa, 0x52,
  0xca, 0x5a, 0xeb, 0x5a, 0xca, 0x5a, 0x6d, 0x6b, 0x91, 0x8c, 0xb6, 0xad, 0x17, 0xbe, 0x14, 0x9d,
  0x34, 0xa5, 0x14, 0x9d, 0x0b, 0x63, 0x2c, 0x63, 0x2c, 0x63, 0x2c, 0x63, 0x2c, 0x63, 0x2c, 0x63,
  0xf7, 0xb5, 0xd2, 0x94, 0x0f, 0x7c, 0xb2, 0x94, 0x8a, 0x4a, 0xcb, 0x52, 0xca, 0x52, 0x2c, 0x63,
  0x0b, 0x63, 0x0b, 0x5b, 0x0b, 0x63, 0x0b, 0x5b, 0x0b, 0x5b, 0x0b, 0x5b, 0x4d, 0x6b, 0xb5, 0xb5,
  0x36, 0xc6, 0x16, 0xc6, 0xb5, 0xb5, 0xf6, 0xbd, 0x54, 0xa5, 0x54, 0xa5, 0x55, 0xad, 0x75, 0xad,
  0x75, 0xad, 0x75, 0xad, 0x75, 0xa5, 0x54, 0xa5, 0x34, 0xa5, 0x33, 0x9d, 0x13, 0x9d, 0xd3, 0x9c,
  0xb2, 0x94, 0x91, 0x8c, 0x51, 0x8c, 0x10, 0x7c, 0xcf, 0x7b, 0xae, 0x73, 0xae, 0x73, 0x8e, 0x73,
  0x6d, 0x6b, 0x4d, 0x6b, 0x2c, 0x63, 0x2c, 0x63, 0xeb, 0x5a, 0xaa, 0x52, 0x0c, 0x5b, 0xeb, 0x5a,
  0xeb, 0x5a, 0xcb, 0x5a, 0x0c, 0x5b, 0x66, 0x29, 0x46, 0x21, 0x46, 0x21, 0x46, 0x21, 0x46, 0x21,
  0x46, 0x21, 0x46, 0x21, 0x46, 0x21, 0x46, 0x21, 0x46, 0x21, 0x46, 0x21, 0x46, 0x21, 0x46, 0x21,
  0x46, 0x21, 0x46, 0x21, 0x46, 0x21, 0x46, 0x21, 0x46, 0x21, 0x46, 0x21, 0x46, 0x21, 0x46, 0x21,
  0x46, 0x21, 0x46, 0x21, 0x46, 0x21, 0x46, 0x21, 0x46, 0x21, 0x46, 0x21, 0x46, 0x21, 0x46, 0x21,
  0x46, 0x21, 0x46, 0x21, 0x46, 0x21, 0x46, 0x21, 0x46, 0x21, 0x46, 0x21, 0x46, 0x21, 0x46, 0x21,
  0x46, 0x21, 0x46, 0x21, 0x46, 0x21, 0x46, 0x21, 0x46, 0x21, 0x46, 0x21, 0x46, 0x21, 0x46, 0x21,
  0x46, 0x21, 0x46, 0x21, 0x46, 0x21, 0x46, 0x21, 0x46, 0x21, 0x46, 0x21, 0x46, 0x21, 0x46, 0x21,
  0x46, 0x21, 0x46, 0x21, 0x46, 0x21, 0x46, 0x21, 0x46, 0x21, 0x46, 0x21, 0x46, 0x21, 0x46, 0x21,
  0x46, 0x21, 0x46, 0x21, 0x46, 0x21, 0x46, 0x21, 0x46, 0x21, 0x46, 0x21, 0x46, 0x21, 0x46, 0x21,
  0x46, 0x21, 0x87, 0x29, 0x69, 0x4a, 0xc7, 0x39, 0xe7, 0x39, 0xe7, 0x39, 0xe7, 0x39, 0xe7, 0x39,
  0xc7, 0x39, 0xe7, 0x39, 0xe7, 0x39, 0xe7, 0x39, 0xe7, 0x39, 0xe7, 0x39, 0xc7, 0x39, 0xc7, 0x39,
  0xe7, 0x39, 0x07, 0x3a, 0x08, 0x42, 0x08, 0x42, 0xe7, 0x39, 0xb3, 0x94, 0xd8, 0xbd, 0xb7, 0xb5,
  0xb7, 0xb5, 0x76, 0xad, 0x93, 0x94, 0x56, 0xad, 0x76, 0xad, 0x97, 0xb5, 0x14, 0x9d, 0x08, 0x42,
  0x08, 0x42, 0x08, 0x42, 0x08, 0x42, 0x07, 0x3a, 0xe7, 0x39, 0xe7, 0x39, 0xe7, 0x39, 0xe7, 0x39,
  0xc7, 0x39, 0xc7, 0x39, 0xe7, 0x39, 0xc7, 0x39, 0xc7, 0x39, 0xc7, 0x39, 0xc7, 0x31, 0xa7, 0x31,
  0xa7, 0x31, 0xa7, 0x31, 0xa7, 0x31, 0xa7, 0x31, 0xa7, 0x31, 0xa7, 0x31, 0xa7, 0x31, 0x45, 0x29,
  0xc7, 0x39, 0xe7, 0x39, 0xe8, 0x39, 0xe8, 0x39, 0xe8, 0x39, 0xe8, 0x39, 0xe8, 0x39, 0x8a, 0x52,
  0xcb, 0x5a, 0xcb, 0x5a, 0xcb, 0x52, 0xaa, 0x52, 0xaa, 0x52, 0xaa, 0x52, 0xcb, 0x5a, 0xa6, 0x31,
  0xe7, 0x39, 0xca, 0x52, 0x49, 0x4a, 0xca, 0x52, 0xaa, 0x52, 0x0b, 0x5b, 0xeb, 0x5a, 0xca, 0x5a,
  0xaa, 0x52, 0xca, 0x52, 0xca, 0x5a, 0xca, 0x5a, 0xeb, 0x5a, 0xeb, 0x5a, 0xeb, 0x5a, 0x0c, 0x63,
  0x0c, 0x63, 0x6d, 0x6b, 0xae, 0x73, 0xce, 0x7b, 0xae, 0x73, 0xae, 0x73, 0x2c, 0x6b, 0x2c, 0x63,
  0x2c, 0x63, 0x2c, 0x63, 0x0c, 0x63, 0x0b, 0x63, 0x91, 0x8c, 0x34, 0xa5, 0xb2, 0x94, 0x71, 0x8c,
  0x8a, 0x52, 0xca, 0x52, 0xca, 0x52, 0x2c, 0x63, 0x0b, 0x5b, 0x0b, 0x5b, 0x0b, 0x5b, 0x0b, 0x5b,
  0x0b, 0x63, 0x0b, 0x5b, 0x6d, 0x6b, 0x54, 0xad, 0x54, 0xad, 0x74, 0xad, 0x95, 0xb5, 0xb5, 0xb5,
  0x34, 0xa5, 0x34, 0xa5, 0x34, 0xa5, 0x54, 0xa5, 0x34, 0xa5, 0x34, 0xa5, 0x34, 0xa5, 0x54, 0xa5,
  0x54, 0xa5, 0x54, 0xa5, 0x54, 0xa5, 0x75, 0xad, 0x75, 0xad, 0x75, 0xad, 0x75, 0xad, 0x75, 0xad,
  0x55, 0xa5, 0x55, 0xa5, 0x34, 0xa5, 0x14, 0xa5, 0xf3, 0x9c, 0xd3, 0x94, 0x92, 0x8c, 0x71, 0x8c,
  0x4d, 0x6b, 0xe7, 0x39, 0x2c, 0x63, 0xeb, 0x5a, 0xeb, 0x5a, 0xcb, 0x5a, 0x0c, 0x63, 0x66, 0x29,
  0x46, 0x21, 0x46, 0x21, 0x46, 0x21, 0x46, 0x21, 0x46, 0x21, 0x46, 0x21, 0x46, 0x21, 0x46, 0x21,
  0x46, 0x21, 0x46, 0x21, 0x46, 0x21, 0x46, 0x21, 0x46, 0x21, 0x46, 0x21, 0x46, 0x21, 0x46, 0x21,
  0x46, 0x21, 0x46, 0x21, 0x46, 0x21, 0x46, 0x21, 0x46, 0x21, 0x46, 0x21, 0x46, 0x21, 0x46, 0x21,
  0x46, 0x21, 0x46, 0x21, 0x46, 0x21, 0x46, 0x21, 0x46, 0x21, 0x46, 0x21, 0x46, 0x21, 0x46, 0x21,
  0x46, 0x21, 0x46, 0x21, 0x46, 0x21, 0x46, 0x21, 0x46, 0x21, 0x46, 0x21, 0x46, 0x21, 0x46, 0x21,
  0x46, 0x21, 0x46, 0x21, 0x46, 0x21, 0x46, 0x21, 0x46, 0x21, 0x46, 0x21, 0x46, 0x21, 0x46, 0x21,
  0x46, 0x21, 0x46, 0x21, 0x46, 0x21, 0x46, 0x21, 0x46, 0x21, 0x46, 0x21, 0x46, 0x21, 0x46, 0x21,
  0x46, 0x21, 0x46, 0x21, 0x46, 0x21, 0x46, 0x21, 0x46, 0x21, 0x46, 0x21, 0x46, 0x21, 0x46, 0x21,
  0x46, 0x21, 0x46, 0x21, 0x46, 0x21, 0x46, 0x21, 0x46, 0x21, 0x87, 0x29, 0x69, 0x4a, 0xc7, 0x39,
  0xe7, 0x39, 0xe7, 0x39, 0xe7, 0x39, 0xe7, 0x39, 0xc7, 0x39, 0xe7, 0x39, 0xe7, 0x39, 0xe7, 0x39,
  0xe7, 0x39, 0xc7, 0x39, 0xc7, 0x39, 0xc7, 0x39, 0xc7, 0x39, 0xe7, 0x39, 0xe7, 0x39, 0x08, 0x42,
  0xc7, 0x39, 0x6e, 0x6b, 0x3a, 0xc6, 0x5a, 0xce, 0x5a, 0xce, 0xf9, 0xbd, 0xb4, 0x9c, 0xf8, 0xbd,
  0x19, 0xc6, 0xf8, 0xbd, 0x97, 0xb5, 0x08, 0x42, 0x07, 0x3a, 0x08, 0x42, 0x08, 0x3a, 0x07, 0x3a,
  0xe7, 0x39, 0xe8, 0x39, 0xe7, 0x39, 0xe7, 0x39, 0xc7, 0x39, 0xc7, 0x39, 0xc7, 0x39, 0xc7, 0x39,
  0xc7, 0x39, 0xc7, 0x31, 0xa7, 0x31, 0xa7, 0x31, 0xa7, 0x31, 0xa7, 0x31, 0xa7, 0x31, 0xa7, 0x31,
  0xa7, 0x31, 0xa7, 0x31, 0xa7, 0x31, 0x45, 0x29, 0xc7, 0x39, 0xe7, 0x39, 0xe7, 0x39, 0xe8, 0x39,
  0xe8, 0x39, 0xe7, 0x39, 0xe8, 0x39, 0x8a, 0x52, 0xcb, 0x5a, 0xcb, 0x5a, 0xca, 0x52, 0xaa, 0x52,
  0xaa, 0x52, 0xaa, 0x52, 0xcb, 0x5a, 0xa6, 0x31, 0xc7, 0x39, 0xcb, 0x5a, 0x08, 0x42, 0x69, 0x52,
  0x49, 0x4a, 0x28, 0x42, 0x08, 0x42, 0xe7, 0x39, 0xc7, 0x39, 0xc7, 0x39, 0xc7, 0x39, 0xc7, 0x39,
  0xc7, 0x39, 0xe7, 0x39, 0xe7, 0x39, 0xe8, 0x39, 0x08, 0x42, 0x08, 0x42, 0x08, 0x42, 0x29, 0x42,
  0x49, 0x4a, 0x69, 0x4a, 0xaa, 0x52, 0xcb, 0x5a, 0x0b, 0x5b, 0x4c, 0x63, 0x6d, 0x6b, 0x4c, 0x6b,
  0x2c, 0x63, 0x4d, 0x63, 0xce, 0x7b, 0xce, 0x73, 0xaa, 0x52, 0xaa, 0x52, 0xca, 0x52, 0x2c, 0x63,
  0x0b, 0x5b, 0x0b, 0x5b, 0x0b, 0x5b, 0x0b, 0x5b, 0x0b, 0x5b, 0xeb, 0x5a, 0x6d, 0x6b, 0x54, 0xad,
  0x54, 0xad, 0x54, 0xa5, 0x34, 0xa5, 0x34, 0xa5, 0x34, 0xa5, 0x54, 0xa5, 0x54, 0xa5, 0x54, 0xa5,
  0x54, 0xa5, 0x34, 0xa5, 0x34, 0xa5, 0x34, 0xa5, 0x34, 0xa5, 0x34, 0xa5, 0x34, 0xa5, 0x34, 0xa5,
  0x34, 0xa5, 0x34, 0xa5, 0x54, 0xa5, 0x54, 0xa5, 0x55, 0xa5, 0x55, 0xa5, 0x55, 0xa5, 0x55, 0xa5,
  0x75, 0xa5, 0x96, 0xad, 0xb6, 0xb5, 0xb7, 0xb5, 0xcf, 0x7b, 0xe8, 0x39, 0x2c, 0x63, 0xcb, 0x5a,
  0xcb, 0x5a, 0xcb, 0x5a, 0x0c, 0x63, 0x66, 0x29, 0x46, 0x21, 0x46, 0x21, 0x46, 0x21, 0x46, 0x21,
  0x46, 0x21, 0x46, 0x21, 0x46, 0x21, 0x46, 0x21, 0x46, 0x21, 0x46, 0x21, 0x46, 0x21, 0x46, 0x21,
  0x46, 0x21, 0x46, 0x21, 0x46, 0x21, 0x46, 0x21, 0x46, 0x21, 0x46, 0x21, 0x46, 0x21, 0x46, 0x21,
  0x46, 0x21, 0x46, 0x21, 0x46, 0x21, 0x46, 0x21, 0x46, 0x21, 0x46, 0x21, 0x46, 0x21, 0x46, 0x21,
  0x46, 0x21, 0x46, 0x21, 0x46, 0x21, 0x46, 0x21, 0x46, 0x21, 0x46, 0x21, 0x46, 0x21, 0x46, 0x21,
  0x46, 0x21, 0x46, 0x21, 0x46, 0x21, 0x46, 0x21, 0x46, 0x21, 0x46, 0x21, 0x46, 0x21, 0x46, 0x21,
  0x46, 0x21, 0x46, 0x21, 0x46, 0x21, 0x46, 0x21, 0x46, 0x21, 0x46, 0x21, 0x46, 0x21, 0x46, 0x21,
  0x46, 0x21, 0x46, 0x21, 0x46, 0x21, 0x46, 0x21, 0x46, 0x21, 0x46, 0x21, 0x46, 0x21, 0x46, 0x21,
  0x46, 0x21, 0x46, 0x21, 0x46, 0x21, 0x46, 0x21, 0x46, 0x21, 0x46, 0x21, 0x46, 0x21, 0x46, 0x21,
  0x46, 0x21, 0x87, 0x29, 0x69, 0x4a, 0xc7, 0x39, 0xe7, 0x39, 0xe7, 0x39, 0xe7, 0x39, 0xe7, 0x39,
  0xe7, 0x39, 0xe7, 0x39, 0xc7, 0x39, 0xc7, 0x39, 0xe7, 0x39, 0xc7, 0x39, 0xc7, 0x31, 0xc7, 0x31,
  0xe7, 0x39, 0xe7, 0x39, 0xe7, 0x39, 0xe7, 0x39, 0xe7, 0x39, 0xe7, 0x39, 0x8f, 0x73, 0x56, 0xad,
  0x97, 0xb5, 0x76, 0xad, 0x72, 0x8c, 0x56, 0xad, 0xf9, 0xbd, 0xf9, 0xbd, 0x97, 0xb5, 0x08, 0x3a,
  0xe7, 0x39, 0x08, 0x42, 0x07, 0x3a, 0xe7, 0x39, 0xe8, 0x39, 0xe7, 0x39, 0xe7, 0x39, 0xc7, 0x39,
  0xc7, 0x39, 0xc7, 0x39, 0xc7, 0x39, 0xc7, 0x39, 0xc7, 0x31, 0xa7, 0x31, 0xa7, 0x31, 0xa7, 0x31,
  0xa7, 0x31, 0xa7, 0x31, 0xa7, 0x31, 0xa7, 0x31, 0xc7, 0x39, 0xc7, 0x31, 0xc7, 0x31, 0x46, 0x29,
  0xc7, 0x39, 0xe7, 0x39, 0xc7, 0x39, 0xe7, 0x39, 0xe7, 0x39, 0xe7, 0x39, 0xe8, 0x39, 0x8a, 0x52,
  0xcb, 0x5a, 0xcb, 0x52, 0xaa, 0x52, 0xaa, 0x52, 0xaa, 0x52, 0xaa, 0x52, 0xeb, 0x5a, 0xc7, 0x31,
  0xc7, 0x39, 0xeb, 0x5a, 0x8a, 0x52, 0x8a, 0x52, 0x8a, 0x52, 0x8a, 0x4a, 0x69, 0x4a, 0x49, 0x4a,
  0x29, 0x42, 0x29, 0x42, 0x49, 0x4a, 0x49, 0x4a, 0x49, 0x4a, 0x69, 0x4a, 0x6a, 0x4a, 0x6a, 0x4a,
  0x6a, 0x4a, 0x49, 0x4a, 0x49, 0x4a, 0x29, 0x42, 0x08, 0x3a, 0xe8, 0x39, 0xa7, 0x31, 0x66, 0x29,
  0x66, 0x29, 0xc7, 0x31, 0x08, 0x42, 0x49, 0x4a, 0x89, 0x52, 0x8a, 0x52, 0xca, 0x5a, 0xca, 0x5a,
  0x8a, 0x52, 0xaa, 0x52, 0xca, 0x52, 0x0c, 0x63, 0x0b, 0x5b, 0xeb, 0x5a, 0x0b, 0x5b, 0x0b, 0x5b,
  0x0b, 0x63, 0xeb, 0x5a, 0x6d, 0x6b, 0x34, 0xa5, 0x34, 0xa5, 0x34, 0xa5, 0x54, 0xa5, 0x54, 0xa5,
  0x34, 0xa5, 0x34, 0xa5, 0x34, 0xa5, 0x34, 0xa5, 0x34, 0xa5, 0x34, 0xa5, 0x34, 0xa5, 0x34, 0xa5,
  0x34, 0xa5, 0x34, 0xa5, 0x34, 0xa5, 0x34, 0xa5, 0x34, 0xa5, 0x54, 0xa5, 0x54, 0xa5, 0x54, 0xa5,
  0x55, 0xa5, 0x55, 0xa5, 0x55, 0xa5, 0x55, 0xa5, 0x55, 0xa5, 0x55, 0xa5, 0x55, 0xa5, 0x76, 0xad,
  0xaf, 0x73, 0xe8, 0x39, 0x2c, 0x63, 0xeb, 0x5a, 0xcb, 0x5a, 0xab, 0x52, 0x2c, 0x63, 0x67, 0x29,
  0x46, 0x21, 0x46, 0x21, 0x46, 0x21, 0x46, 0x21, 0x46, 0x21, 0x46, 0x21, 0x46, 0x21, 0x46, 0x21,
  0x46, 0x21, 0x46, 0x21, 0x46, 0x21, 0x46, 0x21, 0x46, 0x21, 0x46, 0x21, 0x46, 0x21, 0x46, 0x21,
  0x46, 0x21, 0x46, 0x21, 0x46, 0x21, 0x46, 0x21, 0x46, 0x21, 0x46, 0x21, 0x46, 0x21, 0x46, 0x21,
  0x46, 0x21, 0x46, 0x21, 0x46, 0x21, 0x46, 0x21, 0x46, 0x21, 0x46, 0x21, 0x46, 0x21, 0x46, 0x21,
  0x46, 0x21, 0x46, 0x21, 0x46, 0x21, 0x46, 0x21, 0x46, 0x21, 0x46, 0x21, 0x46, 0x21, 0x46, 0x21,
  0x46, 0x21, 0x46, 0x21, 0x46, 0x21, 0x46, 0x21, 0x46, 0x21, 0x46, 0x21, 0x46, 0x21, 0x46, 0x21,
  0x46, 0x21, 0x46, 0x21, 0x46, 0x21, 0x46, 0x21, 0x46, 0x21, 0x46, 0x21, 0x46, 0x21, 0x46, 0x21,
  0x46, 0x21, 0x46, 0x21, 0x46, 0x21, 0x46, 0x21, 0x46, 0x21, 0x46, 0x21, 0x46, 0x21, 0x46, 0x21,
  0x46, 0x21, 0x46, 0x21, 0x46, 0x21, 0x46, 0x21, 0x46, 0x21, 0x87, 0x29, 0x69, 0x4a, 0xc7, 0x39,
  0xc7, 0x39, 0xe7, 0x39, 0xe7, 0x39, 0xc7, 0x39, 0xc7, 0x39, 0xc7, 0x39, 0xc7, 0x39, 0xe7, 0x39,
  0xe7, 0x39, 0xc7, 0x39, 0xc7, 0x31, 0xc7, 0x31, 0xc7, 0x39, 0xe7, 0x39, 0xe7, 0x39, 0xe7, 0x39,
  0xe7, 0x39, 0xe7, 0x39, 0xc7, 0x39, 0x08, 0x42, 0x08, 0x42, 0x2d, 0x63, 0xf0, 0x7b, 0xd4, 0x9c,
  0x19, 0xc6, 0x3a, 0xc6, 0x52, 0x8c, 0xe7, 0x39, 0xe8, 0x39, 0xe7, 0x39, 0xe7, 0x39, 0xe7, 0x39,
  0xe7, 0x39, 0xc7, 0x39, 0xc7, 0x39, 0xc7, 0x39, 0xc7, 0x39, 0xc7, 0x39, 0xc7, 0x39, 0xc7, 0x39,
  0xc7, 0x39, 0xa7, 0x31, 0xa6, 0x31, 0xa7, 0x31, 0xa7, 0x31, 0xa7, 0x31, 0xa7, 0x31, 0xa7, 0x31,
  0xc7, 0x31, 0xc7, 0x31, 0xa7, 0x31, 0x45, 0x29, 0xc7, 0x39, 0xe7, 0x39, 0xc7, 0x39, 0xe7, 0x39,
  0xe7, 0x39, 0xe7, 0x39, 0xe8, 0x39, 0x8a, 0x52, 0xcb, 0x5a, 0xaa, 0x52, 0xca, 0x52, 0xaa, 0x52,
  0xaa, 0x52, 0xaa, 0x52, 0xeb, 0x5a, 0xc7, 0x39, 0xc7, 0x39, 0xeb, 0x5a, 0xaa, 0x52, 0xca, 0x52,
  0xca, 0x5a, 0xeb, 0x5a, 0xeb, 0x5a, 0xeb, 0x5a, 0xeb, 0x5a, 0xeb, 0x5a, 0xca, 0x52, 0xaa, 0x52,
  0x8a, 0x52, 0xaa, 0x52, 0xca, 0x5a, 0xcb, 0x5a, 0xeb, 0x5a, 0xeb, 0x5a, 0xeb, 0x5a, 0xeb, 0x5a,
  0xcb, 0x5a, 0xcb, 0x5a, 0xcb, 0x5a, 0xca, 0x52, 0xcb, 0x52, 0x8a, 0x52, 0x69, 0x4a, 0x49, 0x4a,
  0xc7, 0x39, 0x08, 0x42, 0x49, 0x4a, 0x69, 0x4a, 0xca, 0x5a, 0xaa, 0x52, 0xcb, 0x52, 0x0b, 0x63,
  0x0b, 0x5b, 0xeb, 0x5a, 0xeb, 0x5a, 0x0b, 0x5b, 0x0b, 0x5b, 0xeb, 0x5a, 0x6d, 0x6b, 0x34, 0xa5,
  0x34, 0xa5, 0x34, 0xa5, 0x34, 0xa5, 0x34, 0xa5, 0x34, 0xa5, 0x34, 0xa5, 0x34, 0xa5, 0x34, 0xa5,
  0x34, 0xa5, 0x34, 0xa5, 0x14, 0xa5, 0x14, 0xa5, 0x14, 0xa5, 0x34, 0xa5, 0x34, 0xa5, 0x34, 0xa5,
  0x34, 0xa5, 0x34, 0xa5, 0x34, 0xa5, 0x54, 0xa5, 0x54, 0xa5, 0x54, 0xa5, 0x55, 0xa5, 0x55, 0xa5,
  0x55, 0xa5, 0x55, 0xa5, 0x35, 0xa5, 0x35, 0xa5, 0x6e, 0x6b, 0x08, 0x3a, 0x2c, 0x63, 0xcb, 0x5a,
  0xcb, 0x5a, 0xcb, 0x52, 0x2c, 0x63, 0x67, 0x29, 0x46, 0x21, 0x46, 0x21, 0x46, 0x21, 0x46, 0x21,
  0x46, 0x21, 0x46, 0x21, 0x46, 0x21, 0x46, 0x21, 0x46, 0x21, 0x46, 0x21, 0x46, 0x21, 0x46, 0x21,
  0x46, 0x21, 0x46, 0x21, 0x46, 0x21, 0x46, 0x21, 0x46, 0x21, 0x46, 0x21, 0x46, 0x21, 0x46, 0x21,
  0x46, 0x21, 0x46, 0x21, 0x46, 0x21, 0x46, 0x21, 0x46, 0x21, 0x46, 0x21, 0x46, 0x21, 0x46, 0x21,
  0x46, 0x21, 0x46, 0x21, 0x46, 0x21, 0x46, 0x21, 0x46, 0x21, 0x46, 0x21, 0x46, 0x21, 0x46, 0x21,
  0x46, 0x21, 0x46, 0x21, 0x46, 0x21, 0x46, 0x21, 0x46, 0x21, 0x46, 0x21, 0x46, 0x21, 0x46, 0x21,
  0x46, 0x21, 0x46, 0x21, 0x46, 0x21, 0x46, 0x21, 0x46, 0x21, 0x46, 0x21, 0x46, 0x21, 0x46, 0x21,
  0x46, 0x21, 0x46, 0x21, 0x46, 0x21, 0x46, 0x21, 0x46, 0x21, 0x46, 0x21, 0x46, 0x21, 0x46, 0x21,
  0x46, 0x21, 0x46, 0x21, 0x46, 0x21, 0x46, 0x21, 0x46, 0x21, 0x46, 0x21, 0x46, 0x21, 0x46, 0x21,
  0x46, 0x21, 0x87, 0x29, 0x6a, 0x4a, 0xc7, 0x39, 0xc7, 0x39, 0xe7, 0x39, 0xc7, 0x39, 0xc7, 0x39,
  0xc7, 0x39, 0xc7, 0x39, 0xc7, 0x39, 0xc7, 0x39, 0xc7, 0x39, 0xc7, 0x39, 0xc7, 0x31, 0xc7, 0x31,
  0xc7, 0x39, 0xc7, 0x39, 0xe7, 0x39, 0xe7, 0x39, 0xe7, 0x39, 0xe7, 0x39, 0x08, 0x42, 0x08, 0x42,
  0x86, 0x31, 0x0c, 0x63, 0x15, 0xa5, 0x97, 0xb5, 0xf9, 0xbd, 0x92, 0x8c, 0xe8, 0x39, 0x08, 0x3a,
  0x08, 0x3a, 0xe8, 0x39, 0xe7, 0x39, 0xe7, 0x39, 0xc7, 0x39, 0xc7, 0x39, 0xc7, 0x39, 0xc7, 0x39,
  0xc7, 0x39, 0xc7, 0x39, 0xa7, 0x31, 0xa7, 0x31, 0xa7, 0x31, 0xa7, 0x31, 0xa7, 0x31, 0xa7, 0x31,
  0xa7, 0x31, 0xa7, 0x31, 0xa7, 0x31, 0xa7, 0x31, 0xa7, 0x31, 0xc7, 0x39, 0xc7, 0x31, 0x25, 0x21,
  0xc7, 0x31, 0xe7, 0x39, 0xe7, 0x39, 0xe7, 0x39, 0xe7, 0x39, 0xe7, 0x39, 0xc8, 0x39, 0x8a, 0x52,
  0xcb, 0x5a, 0xaa, 0x52, 0xaa, 0x52, 0xaa, 0x52, 0xca, 0x52, 0xaa, 0x52, 0xeb, 0x5a, 0xa6, 0x31,
  0xc7, 0x39, 0xeb, 0x5a, 0xaa, 0x52, 0xca, 0x52, 0xca, 0x52, 0xca, 0x5a, 0xca, 0x5a, 0xca, 0x52,
  0xca, 0x52, 0xaa, 0x52, 0xca, 0x52, 0xca, 0x52, 0xaa, 0x52, 0xaa, 0x52, 0xaa, 0x52, 0xaa, 0x52,
  0xaa, 0x52, 0xaa, 0x52, 0xca, 0x52, 0xca, 0x52, 0xca, 0x52, 0xcb, 0x5a, 0xeb, 0x5a, 0xeb, 0x5a,
  0x0b, 0x5b, 0x0b, 0x5b, 0x0b, 0x63, 0x0c, 0x63, 0xaa, 0x52, 0x0c, 0x63, 0xeb, 0x5a, 0xcb, 0x5a,
  0x2c, 0x63, 0xaa, 0x52, 0xcb, 0x52, 0x0c, 0x63, 0x0b, 0x5b, 0xeb, 0x5a, 0xeb, 0x5a, 0x0b, 0x5b,
  0x0b, 0x5b, 0xeb, 0x5a, 0x6d, 0x6b, 0x54, 0xa5, 0x54, 0xa5, 0x34, 0xa5, 0x34, 0xa5, 0x34, 0xa5,
  0x34, 0xa5, 0x34, 0xa5, 0x34, 0xa5, 0x34, 0xa5, 0x34, 0xa5, 0x34, 0xa5, 0x34, 0xa5, 0x34, 0xa5,
  0x34, 0xa5, 0x34, 0xa5, 0x34, 0xa5, 0x34, 0xa5, 0x34, 0xa5, 0x34, 0xa5, 0x54, 0xa5, 0x54, 0xa5,
  0x54, 0xa5, 0x55, 0xa5, 0x55, 0xa5, 0x55, 0xa5, 0x55, 0xa5, 0x55, 0xa5, 0x35, 0xa5, 0x55, 0xa5,
  0x6e, 0x6b, 0x08, 0x42, 0x2c, 0x63, 0xcb, 0x5a, 0xcb, 0x5a, 0xab, 0x52, 0x0c, 0x63, 0x67, 0x29,
  0x46, 0x21, 0x46, 0x21, 0x46, 0x21, 0x46, 0x21, 0x46, 0x21, 0x46, 0x21, 0x46, 0x21, 0x46, 0x21,
  0x46, 0x21, 0x46, 0x21, 0x46, 0x21, 0x46, 0x21, 0x46, 0x21, 0x46, 0x21, 0x46, 0x21, 0x46, 0x21,
  0x46, 0x21, 0x46, 0x21, 0x46, 0x21, 0x46, 0x21, 0x46, 0x21, 0x46, 0x21, 0x46, 0x21, 0x46, 0x21,
  0x46, 0x21, 0x46, 0x21, 0x46, 0x21, 0x46, 0x21, 0x46, 0x21, 0x46, 0x21, 0x46, 0x21, 0x46, 0x21,
  0x46, 0x21, 0x46, 0x21, 0x46, 0x21, 0x46, 0x21, 0x46, 0x21, 0x46, 0x21, 0x46, 0x21, 0x46, 0x21,
  0x46, 0x21, 0x46, 0x21, 0x46, 0x21, 0x46, 0x21, 0x46, 0x21, 0x46, 0x21, 0x46, 0x21, 0x46, 0x21,
  0x46, 0x21, 0x46, 0x21, 0x46, 0x21, 0x46, 0x21, 0x46, 0x21, 0x46, 0x21, 0x46, 0x21, 0x46, 0x21,
  0x46, 0x21, 0x46, 0x21, 0x46, 0x21, 0x46, 0x21, 0x46, 0x21, 0x46, 0x21, 0x46, 0x21, 0x46, 0x21,
  0x46, 0x21, 0x46, 0x21, 0x46, 0x21, 0x46, 0x21, 0x46, 0x21, 0x87, 0x29, 0x8a, 0x4a, 0xc7, 0x39,
  0xc7, 0x31, 0xc7, 0x39, 0xc7, 0x39, 0xc7, 0x31, 0xc7, 0x31, 0xc7, 0x39, 0xc7, 0x39, 0xc7, 0x39,
  0xc7, 0x39, 0xc7, 0x39, 0xc6, 0x31, 0xc6, 0x31, 0xc7, 0x39, 0xe7, 0x39, 0xe7, 0x39, 0xe7, 0x39,
  0xe7, 0x39, 0xe7, 0x39, 0x08, 0x42, 0xc7, 0x39, 0x8a, 0x4a, 0x15, 0xa5, 0xb4, 0x94, 0xb7, 0xb5,
  0x93, 0x94, 0xe8, 0x39, 0x08, 0x42, 0x08, 0x42, 0xe8, 0x39, 0xe8, 0x39, 0xe7, 0x39, 0xc7, 0x39,
  0xc7, 0x39, 0xc7, 0x31, 0xc7, 0x39, 0xc7, 0x39, 0xc7, 0x39, 0xa7, 0x31, 0xa7, 0x31, 0xa6, 0x31,
  0xa7, 0x31, 0xa7, 0x31, 0xa7, 0x31, 0xa7, 0x31, 0xa7, 0x31, 0xa7, 0x31, 0xa7, 0x31, 0xa7, 0x31,
  0xa7, 0x31, 0xa7, 0x31, 0xa7, 0x31, 0x25, 0x21, 0xc7, 0x31, 0xe7, 0x39, 0xe7, 0x39, 0xe7, 0x39,
  0xe7, 0x39, 0xe7, 0x39, 0xc7, 0x39, 0xaa, 0x52, 0xcb, 0x5a, 0xca, 0x52, 0xaa, 0x52, 0xaa, 0x52,
  0xaa, 0x52, 0xaa, 0x52, 0xeb, 0x5a, 0xa6, 0x31, 0xe7, 0x39, 0xeb, 0x5a, 0xaa, 0x52, 0xca, 0x52,
  0xca, 0x52, 0xca, 0x52, 0xca, 0x5a, 0xca, 0x5a, 0xca, 0x52, 0xca, 0x5a, 0xca, 0x52, 0xca, 0x52,
  0xaa, 0x52, 0xaa, 0x52, 0xaa, 0x52, 0xca, 0x52, 0xaa, 0x5a, 0xca, 0x5a, 0xcb, 0x5a, 0xca, 0x5a,
  0xca, 0x52, 0xca, 0x5a, 0xeb, 0x5a, 0xcb, 0x5a, 0xaa, 0x52, 0xca, 0x5a, 0xcb, 0x5a, 0xca, 0x5a,
  0xeb, 0x5a, 0xeb, 0x5a, 0xeb, 0x5a, 0xeb, 0x5a, 0x0b, 0x63, 0x8a, 0x52, 0xcb, 0x52, 0x0c, 0x63,
  0xeb, 0x5a, 0xeb, 0x5a, 0xeb, 0x5a, 0x0b, 0x5b, 0x0c, 0x5b, 0xeb, 0x5a, 0x6d, 0x6b, 0x54, 0xa5,
  0x34, 0xa5, 0x34, 0xa5, 0x34, 0xa5, 0x34, 0xa5, 0x34, 0xa5, 0x34, 0xa5, 0x34, 0xa5, 0x34, 0xa5,
  0x34, 0xa5, 0x34, 0xa5, 0x34, 0xa5, 0x34, 0xa5, 0x34, 0xa5, 0x34, 0xa5, 0x54, 0xa5, 0x54, 0xa5,
  0x54, 0xa5, 0x54, 0xad, 0x54, 0xa5, 0x54, 0xad, 0x55, 0xad, 0x55, 0xad, 0x55, 0xa5, 0x55, 0xa5,
  0x55, 0xa5, 0x35, 0xa5, 0x34, 0xa5, 0x55, 0xa5, 0x6e, 0x6b, 0x08, 0x42, 0x2c, 0x63, 0xcb, 0x5a,
  0xcb, 0x52, 0xaa, 0x52, 0x0c, 0x63, 0x67, 0x29, 0x46, 0x21, 0x46, 0x21, 0x46, 0x21, 0x46, 0x21,
  0x46, 0x21, 0x46, 0x21, 0x46, 0x21, 0x46, 0x21, 0x46, 0x21, 0x46, 0x21, 0x46, 0x21, 0x46, 0x21,
  0x46, 0x21, 0x46, 0x21, 0x46, 0x21, 0x46, 0x21, 0x46, 0x21, 0x46, 0x21, 0x46, 0x21, 0x46, 0x21,
  0x46, 0x21, 0x46, 0x21, 0x46, 0x21, 0x46, 0x21, 0x46, 0x21, 0x46, 0x21, 0x46, 0x21, 0x46, 0x21,
  0x46, 0x21, 0x46, 0x21, 0x46, 0x21, 0x46, 0x21, 0x46, 0x21, 0x46, 0x21, 0x46, 0x21, 0x46, 0x21,
  0x46, 0x21, 0x46, 0x21, 0x46, 0x21, 0x46, 0x21, 0x46, 0x21, 0x46, 0x21, 0x46, 0x21, 0x46, 0x21,
  0x46, 0x21, 0x46, 0x21, 0x46, 0x21, 0x46, 0x21, 0x46, 0x21, 0x46, 0x21, 0x46, 0x21, 0x46, 0x21,
  0x46, 0x21, 0x46, 0x21, 0x46, 0x21, 0x46, 0x21, 0x46, 0x21, 0x46, 0x21, 0x46, 0x21, 0x46, 0x21,
  0x46, 0x21, 0x46, 0x21, 0x46, 0x21, 0x46, 0x21, 0x46, 0x21, 0x46, 0x21, 0x46, 0x21, 0x46, 0x21,
  0x46, 0x21, 0x87, 0x29, 0x69, 0x4a, 0xa6, 0x31, 0xc7, 0x39, 0xc7, 0x31, 0xc7, 0x31, 0xc6, 0x31,
  0xc7, 0x31, 0xc7, 0x39, 0xc7, 0x39, 0xc7, 0x39, 0xc7, 0x39, 0xc7, 0x39, 0xc6, 0x31, 0xc6, 0x31,
  0xc7, 0x39, 0xe7, 0x39, 0xe7, 0x39, 0xe7, 0x39, 0xe7, 0x39, 0x08, 0x3a, 0xc7, 0x31, 0x8a, 0x52,
  0x56, 0xad, 0x97, 0xb5, 0xb4, 0x94, 0x51, 0x84, 0xe7, 0x39, 0xe8, 0x39, 0x08, 0x42, 0x08, 0x42,
  0x08, 0x3a, 0xe7, 0x39, 0xe7, 0x39, 0xc7, 0x39, 0xc7, 0x31, 0xc7, 0x31, 0xc7, 0x31, 0xa7, 0x39,
  0xc7, 0x39, 0xa7, 0x31, 0xa6, 0x31, 0xa6, 0x31, 0xa6, 0x31, 0xa7, 0x31, 0xa7, 0x31, 0xa7, 0x31,
  0xa7, 0x31, 0xa7, 0x31, 0x86, 0x31, 0x86, 0x31, 0x86, 0x31, 0xa6, 0x31, 0xa7, 0x31, 0x25, 0x21,
  0xc7, 0x31, 0xe7, 0x39, 0xc7, 0x39, 0xe7, 0x39, 0xe7, 0x39, 0xc7, 0x39, 0xc7, 0x39, 0x8a, 0x52,
  0xcb, 0x5a, 0xca, 0x52, 0xaa, 0x52, 0xaa, 0x52, 0xca, 0x52, 0xca, 0x52, 0xeb, 0x5a, 0xc6, 0x31,
  0xe7, 0x39, 0xeb, 0x5a, 0xca, 0x52, 0xca, 0x52, 0xca, 0x52, 0xca, 0x5a, 0xca, 0x5a, 0xca, 0x5a,
  0xca, 0x5a, 0xeb, 0x5a, 0xcb, 0x5a, 0xca, 0x52, 0xca, 0x52, 0xca, 0x52, 0xca, 0x52, 0xca, 0x52,
  0xcb, 0x5a, 0xca, 0x5a, 0xcb, 0x5a, 0xca, 0x5a, 0xca, 0x5a, 0xcb, 0x5a, 0xeb, 0x5a, 0xeb, 0x5a,
  0x6d, 0x6b, 0x0c, 0x63, 0xca, 0x5a, 0xeb, 0x5a, 0x89, 0x4a, 0x69, 0x4a, 0xcb, 0x5a, 0xcb, 0x5a,
  0x0b, 0x63, 0x8a, 0x52, 0xab, 0x52, 0x0c, 0x5b, 0xeb, 0x5a, 0xeb, 0x5a, 0xeb, 0x5a, 0xeb, 0x5a,
  0x0b, 0x5b, 0xeb, 0x5a, 0x6d, 0x6b, 0x54, 0xa5, 0x34, 0xa5, 0x34, 0xa5, 0x34, 0xa5, 0x34, 0xa5,
  0x34, 0xa5, 0x34, 0xa5, 0x34, 0xa5, 0x34, 0xa5, 0x34, 0xa5, 0x34, 0xa5, 0x34, 0xa5, 0x34, 0xa5,
  0x34, 0xa5, 0x34, 0xa5, 0x54, 0xa5, 0x54, 0xad, 0x54, 0xad, 0x54, 0xa5, 0x54, 0xad, 0x54, 0xa5,
  0x55, 0xa5, 0x55, 0xad, 0x55, 0xa5, 0x55, 0xa5, 0x55, 0xa5, 0x34, 0xa5, 0x34, 0xa5, 0x55, 0xa5,
  0x6e, 0x6b, 0x08, 0x42, 0x2c, 0x63, 0xeb, 0x5a, 0xcb, 0x52, 0xaa, 0x52, 0x2c, 0x63, 0x67, 0x29,
  0x46, 0x21, 0x46, 0x21, 0x46, 0x21, 0x46, 0x21, 0x46, 0x21, 0x46, 0x21, 0x46, 0x21, 0x46, 0x21,
  0x46, 0x21, 0x46, 0x21, 0x46, 0x21, 0x46, 0x21, 0x46, 0x21, 0x46, 0x21, 0x46, 0x21, 0x46, 0x21,
  0x46, 0x21, 0x46, 0x21, 0x46, 0x21, 0x46, 0x21, 0x46, 0x21, 0x46, 0x21, 0x46, 0x21, 0x46, 0x21,
  0x46, 0x21, 0x46, 0x21, 0x46, 0x21, 0x46, 0x21, 0x46, 0x21, 0x46, 0x21, 0x46, 0x21, 0x46, 0x21,
  0x46, 0x21, 0x46, 0x21, 0x46, 0x21, 0x46, 0x21, 0x46, 0x21, 0x46, 0x21, 0x46, 0x21, 0x46, 0x21,
  0x46, 0x21, 0x46, 0x21, 0x46, 0x21, 0x46, 0x21, 0x46, 0x21, 0x46, 0x21, 0x46, 0x21, 0x46, 0x21,
  0x46, 0x21, 0x46, 0x21, 0x46, 0x21, 0x46, 0x21, 0x46, 0x21, 0x46, 0x21, 0x46, 0x21, 0x46, 0x21,
  0x46, 0x21, 0x46, 0x21, 0x46, 0x21, 0x46, 0x21, 0x46, 0x21, 0x46, 0x21, 0x46, 0x21, 0x46, 0x21,
  0x46, 0x21, 0x46, 0x21, 0x46, 0x21, 0x46, 0x21, 0x46, 0x21, 0x87, 0x29, 0x69, 0x4a, 0xa6, 0x31,
  0xc7, 0x39, 0xc7, 0x39, 0xc7, 0x31, 0xc7, 0x31, 0xc7, 0x31, 0xc7, 0x39, 0xc7, 0x39, 0xc7, 0x39,
  0xc7, 0x39, 0xc7, 0x31, 0xc6, 0x31, 0xc7, 0x31, 0xc7, 0x31, 0xe7, 0x39, 0xe7, 0x39, 0xe7, 0x39,
  0xe7, 0x39, 0xa6, 0x31, 0x8a, 0x52, 0x76, 0xad, 0xd8, 0xbd, 0xf9, 0xbd, 0xd0, 0x7b, 0xa7, 0x31,
  0xe8, 0x39, 0x08, 0x42, 0x08, 0x42, 0x08, 0x42, 0xe8, 0x39, 0xe7, 0x39, 0xe7, 0x39, 0xc7, 0x39,
  0xc7, 0x39, 0xc7, 0x39, 0xa7, 0x31, 0xa7, 0x31, 0xa7, 0x31, 0xa6, 0x31, 0xa6, 0x31, 0xa7, 0x31,
  0x86, 0x31, 0x86, 0x31, 0xa7, 0x31, 0x87, 0x31, 0x86, 0x31, 0x86, 0x31, 0x86, 0x31, 0x86, 0x31,
  0x86, 0x31, 0x86, 0x31, 0x87, 0x31, 0x25, 0x21, 0xc7, 0x31, 0xc7, 0x39, 0xc7, 0x39, 0xc7, 0x39,
  0xc7, 0x39, 0xc7, 0x39, 0xc7, 0x39, 0x8a, 0x52, 0xcb, 0x5a, 0xca, 0x52, 0xca, 0x52, 0xaa, 0x52,
  0xaa, 0x52, 0xca, 0x52, 0xeb, 0x5a, 0xa6, 0x31, 0xc7, 0x39, 0xeb, 0x5a, 0xaa, 0x52, 0xaa, 0x52,
  0xaa, 0x52, 0xaa, 0x52, 0xca, 0x5a, 0xca, 0x52, 0xca, 0x52, 0xcb, 0x5a, 0xcb, 0x5a, 0xca, 0x52,
  0xca, 0x52, 0xca, 0x52, 0xca, 0x52, 0xca, 0x52, 0xca, 0x5a, 0xca, 0x5a, 0xca, 0x5a, 0xca, 0x5a,
  0xca, 0x5a, 0xcb, 0x5a, 0xcb, 0x5a, 0xca, 0x5a, 0x51, 0x84, 0x8e, 0x6b, 0xca, 0x52, 0x0c, 0x63,
  0xc7, 0x39, 0xa7, 0x31, 0x0b, 0x5b, 0xeb, 0x5a, 0x0c, 0x63, 0x8a, 0x52, 0xaa, 0x52, 0x0c, 0x5b,
  0xeb, 0x5a, 0xeb, 0x5a, 0xeb, 0x5a, 0xeb, 0x5a, 0xeb, 0x5a, 0xeb, 0x5a, 0x6d, 0x6b, 0x34, 0xa5,
  0x34, 0xa5, 0x13, 0xa5, 0x34, 0xa5, 0x34, 0xa5, 0x34, 0xa5, 0x34, 0xa5, 0x34, 0xa5, 0x34, 0xa5,
  0x34, 0xa5, 0x34, 0xa5, 0x34, 0xa5, 0x34, 0xa5, 0x34, 0xa5, 0x34, 0xa5, 0x54, 0xa5, 0x55, 0xad,
  0x55, 0xad, 0x55, 0xad, 0x55, 0xad, 0x55, 0xad, 0x55, 0xad, 0x55, 0xad, 0x75, 0xad, 0x55, 0xad,
  0x35, 0xa5, 0x34, 0xa5, 0x35, 0xa5, 0x55, 0xa5, 0x6e, 0x6b, 0x08, 0x42, 0x0c, 0x63, 0xcb, 0x5a,
  0xab, 0x52, 0xaa, 0x52, 0x2c, 0x63, 0x67, 0x29, 0x46, 0x21, 0x46, 0x21, 0x46, 0x21, 0x46, 0x21,
  0x46, 0x21, 0x46, 0x21, 0x46, 0x21, 0x46, 0x21, 0x46, 0x21, 0x46, 0x21, 0x46, 0x21, 0x46, 0x21,
  0x46, 0x21, 0x46, 0x21, 0x46, 0x21, 0x46, 0x21, 0x46, 0x21, 0x46, 0x21, 0x46, 0x21, 0x46, 0x21,
  0x46, 0x21, 0x46, 0x21, 0x46, 0x21, 0x46, 0x21, 0x46, 0x21, 0x46, 0x21, 0x46, 0x21, 0x46, 0x21,
  0x46, 0x21, 0x46, 0x21, 0x46, 0x21, 0x46, 0x21, 0x46, 0x21, 0x46, 0x21, 0x46, 0x21, 0x46, 0x21,
  0x46, 0x21, 0x46, 0x21, 0x46, 0x21, 0x46, 0x21, 0x46, 0x21, 0x46, 0x21, 0x46, 0x21, 0x46, 0x21,
  0x46, 0x21, 0x46, 0x21, 0x46, 0x21, 0x46, 0x21, 0x46, 0x21, 0x46, 0x21, 0x46, 0x21, 0x46, 0x21,
  0x46, 0x21, 0x46, 0x21, 0x46, 0x21, 0x46, 0x21, 0x46, 0x21, 0x46, 0x21, 0x46, 0x21, 0x46, 0x21,
  0x46, 0x21, 0x46, 0x21, 0x46, 0x21, 0x46, 0x21, 0x46, 0x21, 0x46, 0x21, 0x46, 0x21, 0x46, 0x21,
  0x46, 0x21, 0x87, 0x29, 0x69, 0x4a, 0xa6, 0x31, 0xc7, 0x39, 0xc7, 0x39, 0xc7, 0x39, 0xc6, 0x31,
  0xc7, 0x31, 0xc7, 0x31, 0xc7, 0x39, 0xc7, 0x39, 0xc7, 0x31, 0xc7, 0x31, 0xc6, 0x31, 0xc6, 0x31,
  0xc6, 0x31, 0xc7, 0x39, 0xe7, 0x39, 0xe7, 0x39, 0xc6, 0x31, 0x8a, 0x4a, 0x56, 0xad, 0x19, 0xc6,
  0x97, 0xb5, 0xf5, 0x9c, 0x6e, 0x6b, 0x66, 0x29, 0xa7, 0x31, 0xe7, 0x39, 0x08, 0x42, 0x08, 0x3a,
  0xe8, 0x39, 0xe7, 0x39, 0xe7, 0x39, 0xc7, 0x39, 0xc7, 0x39, 0xc7, 0x39, 0xc7, 0x39, 0xa7, 0x31,
  0xa7, 0x31, 0xa6, 0x31, 0xa6, 0x31, 0x86, 0x31, 0x86, 0x31, 0xa7, 0x31, 0xa7, 0x31, 0x87, 0x31,
  0x86, 0x31, 0x86, 0x31, 0x86, 0x31, 0x86, 0x31, 0x86, 0x31, 0x86, 0x31, 0x86, 0x31, 0x25, 0x21,
  0xc7, 0x31, 0xe7, 0x39, 0xc7, 0x39, 0xc7, 0x39, 0xc7, 0x39, 0xc7, 0x39, 0xc7, 0x39, 0x8a, 0x52,
  0xcb, 0x5a, 0xca, 0x52, 0xca, 0x52, 0xaa, 0x52, 0xaa, 0x52, 0xca, 0x52, 0xeb, 0x5a, 0xa6, 0x31,
  0xe7, 0x39, 0x2c, 0x63, 0xeb, 0x5a, 0xeb, 0x5a, 0x0b, 0x5b, 0x0b, 0x5b, 0x0b, 0x5b, 0x0b, 0x5b,
  0x0b, 0x5b, 0x0b, 0x5b, 0x0b, 0x5b, 0xeb, 0x5a, 0xeb, 0x5a, 0xeb, 0x5a, 0x0b, 0x5b, 0x0b, 0x5b,
  0xeb, 0x5a, 0xeb, 0x5a, 0xeb, 0x5a, 0xeb, 0x5a, 0xeb, 0x5a, 0xeb, 0x5a, 0xeb, 0x5a, 0xeb, 0x5a,
  0xca, 0x5a, 0xcb, 0x5a, 0xeb, 0x5a, 0x0b, 0x63, 0xcb, 0x5a, 0x49, 0x4a, 0x48, 0x42, 0xaa, 0x52,
  0x2c, 0x63, 0x8a, 0x52, 0xcb, 0x52, 0x0c, 0x63, 0xeb, 0x5a, 0xeb, 0x5a, 0xeb, 0x5a, 0xeb, 0x5a,
  0xeb, 0x5a, 0xeb, 0x5a, 0x6d, 0x6b, 0x34, 0xa5, 0x34, 0xa5, 0x33, 0xa5, 0x13, 0xa5, 0x75, 0xad,
  0x54, 0xa5, 0x14, 0xa5, 0x34, 0xa5, 0x34, 0xa5, 0x34, 0xa5, 0x34, 0xa5, 0x34, 0xa5, 0x34, 0xa5,
  0x34, 0xa5, 0x34, 0xa5, 0x54, 0xa5, 0x54, 0xad, 0x54, 0xad, 0x54, 0xad, 0x55, 0xad, 0x55, 0xad,
  0x55, 0xad, 0x55, 0xad, 0x55, 0xad, 0x55, 0xa5, 0x55, 0xa5, 0x35, 0xa5, 0x55, 0xa5, 0x55, 0xa5,
  0x4d, 0x6b, 0x08, 0x42, 0x2c, 0x63, 0xcb, 0x5a, 0xab, 0x52, 0xaa, 0x52, 0x2c, 0x63, 0x67, 0x29,
  0x46, 0x21, 0x46, 0x21, 0x46, 0x21, 0x46, 0x21, 0x46, 0x21, 0x46, 0x21, 0x46, 0x21, 0x46, 0x21,
  0x46, 0x21, 0x46, 0x21, 0x46, 0x21, 0x46, 0x21, 0x46, 0x21, 0x46, 0x21, 0x46, 0x21, 0x46, 0x21,
  0x46, 0x21, 0x46, 0x21, 0x46, 0x21, 0x46, 0x21, 0x46, 0x21, 0x46, 0x21, 0x46, 0x21, 0x46, 0x21,
  0x46, 0x21, 0x46, 0x21, 0x46, 0x21, 0x46, 0x21, 0x46, 0x21, 0x46, 0x21, 0x46, 0x21, 0x46, 0x21,
  0x46, 0x21, 0x46, 0x21, 0x46, 0x21, 0x46, 0x21, 0x46, 0x21, 0x46, 0x21, 0x46, 0x21, 0x46, 0x21,
  0x46, 0x21, 0x46, 0x21, 0x46, 0x21, 0x46, 0x21, 0x46, 0x21, 0x46, 0x21, 0x46, 0x21, 0x46, 0x21,
  0x46, 0x21, 0x46, 0x21, 0x46, 0x21, 0x46, 0x21, 0x46, 0x21, 0x46, 0x21, 0x46, 0x21, 0x46, 0x21,
  0x46, 0x21, 0x46, 0x21, 0x46, 0x21, 0x46, 0x21, 0x46, 0x21, 0x46, 0x21, 0x46, 0x21, 0x46, 0x21,
  0x46, 0x21, 0x46, 0x21, 0x46, 0x21, 0x46, 0x21, 0x46, 0x21, 0x87, 0x29, 0x69, 0x4a, 0xa6, 0x31,
  0xc7, 0x39, 0xc7, 0x31, 0xc7, 0x39, 0xc6, 0x31, 0xc7, 0x31, 0xc7, 0x31, 0xc7, 0x39, 0xc7, 0x39,
  0xa6, 0x31, 0xa6, 0x31, 0xc6, 0x31, 0xc6, 0x31, 0xc7, 0x31, 0xc7, 0x39, 0xc7, 0x39, 0xe7, 0x39,
  0x86, 0x29, 0x52, 0x8c, 0x3a, 0xce, 0x39, 0xc6, 0xb7, 0xb5, 0xd4, 0x9c, 0x52, 0x8c, 0x93, 0x94,
  0x51, 0x8c, 0x8a, 0x52, 0xc7, 0x39, 0xe8, 0x39, 0xe7, 0x39, 0xe7, 0x39, 0xe7, 0x39, 0xc7, 0x39,
  0xc7, 0x39, 0xc7, 0x39, 0xc7, 0x31, 0xa6, 0x31, 0xa6, 0x31, 0x86, 0x31, 0xa6, 0x31, 0x86, 0x31,
  0x86, 0x31, 0x86, 0x31, 0x87, 0x31, 0x87, 0x31, 0x86, 0x31, 0x86, 0x31, 0x86, 0x31, 0x86, 0x31,
  0x86, 0x31, 0xa6, 0x31, 0x86, 0x31, 0x25, 0x21, 0xa7, 0x31, 0xc7, 0x39, 0xc7, 0x39, 0xc7, 0x39,
  0xc7, 0x39, 0xc7, 0x39, 0xc7, 0x39, 0x8a, 0x52, 0xcb, 0x5a, 0xcb, 0x52, 0xca, 0x52, 0xaa, 0x52,
  0xaa, 0x52, 0xca, 0x52, 0xeb, 0x5a, 0xa6, 0x31, 0x04, 0x19, 0xc7, 0x31, 0xa6, 0x31, 0xc7, 0x39,
  0xe7, 0x39, 0xe7, 0x39, 0x08, 0x3a, 0x08, 0x42, 0x28, 0x42, 0x28, 0x42, 0x48, 0x42, 0x48, 0x42,
  0x49, 0x4a, 0x69, 0x4a, 0x69, 0x4a, 0x69, 0x4a, 0x69, 0x4a, 0x69, 0x4a, 0x89, 0x4a, 0x69, 0x4a,
  0x89, 0x52, 0x8a, 0x52, 0x8a, 0x52, 0x8a, 0x52, 0xaa, 0x52, 0xaa, 0x52, 0xaa, 0x52, 0xca, 0x5a,
  0xcb, 0x5a, 0xeb, 0x5a, 0x0b, 0x5b, 0xeb, 0x5a, 0xeb, 0x5a, 0x8a, 0x52, 0xcb, 0x52, 0x0c, 0x63,
  0xeb, 0x5a, 0xeb, 0x5a, 0xeb, 0x5a, 0xeb, 0x5a, 0x0b, 0x5b, 0xcb, 0x5a, 0x6d, 0x6b, 0x34, 0xa5,
  0x33, 0xa5, 0x33, 0xa5, 0x13, 0xa5, 0xb5, 0xb5, 0xb5, 0xb5, 0x13, 0x9d, 0x14, 0xa5, 0x14, 0xa5,
  0x34, 0xa5, 0x14, 0xa5, 0x14, 0xa5, 0x34, 0xa5, 0x34, 0xa5, 0x34, 0xa5, 0x54, 0xa5, 0x54, 0xa5,
  0x55, 0xad, 0x55, 0xad, 0x55, 0xad, 0x55, 0xad, 0x54, 0xa5, 0x55, 0xad, 0x55, 0xad, 0x55, 0xa5,
  0x35, 0xa5, 0x35, 0xa5, 0x35, 0xa5, 0x55, 0xa5, 0x4d, 0x63, 0x08, 0x42, 0x0c, 0x63, 0xeb, 0x5a,
  0xab, 0x52, 0xaa, 0x52, 0x4d, 0x6b, 0x67, 0x29, 0x46, 0x21, 0x46, 0x21, 0x46, 0x21, 0x46, 0x21,
  0x46, 0x21, 0x46, 0x21, 0x46, 0x21, 0x46, 0x21, 0x46, 0x21, 0x46, 0x21, 0x46, 0x21, 0x46, 0x21,
  0x46, 0x21, 0x46, 0x21, 0x46, 0x21, 0x46, 0x21, 0x46, 0x21, 0x46, 0x21, 0x46, 0x21, 0x46, 0x21,
  0x46, 0x21, 0x46, 0x21, 0x46, 0x21, 0x46, 0x21, 0x46, 0x21, 0x46, 0x21, 0x46, 0x21, 0x46, 0x21,
  0x46, 0x21, 0x46, 0x21, 0x46, 0x21, 0x46, 0x21, 0x46, 0x21, 0x46, 0x21, 0x46, 0x21, 0x46, 0x21,
  0x46, 0x21, 0x46, 0x21, 0x46, 0x21, 0x46, 0x21, 0x46, 0x21, 0x46, 0x21, 0x46, 0x21, 0x46, 0x21,
  0x46, 0x21, 0x46, 0x21, 0x46, 0x21, 0x46, 0x21, 0x46, 0x21, 0x46, 0x21, 0x46, 0x21, 0x46, 0x21,
  0x46, 0x21, 0x46, 0x21, 0x46, 0x21, 0x46, 0x21, 0x46, 0x21, 0x46, 0x21, 0x46, 0x21, 0x46, 0x21,
  0x46, 0x21, 0x46, 0x21, 0x46, 0x21, 0x46, 0x21, 0x46, 0x21, 0x46, 0x21, 0x46, 0x21, 0x46, 0x21,
  0x46, 0x21, 0x87, 0x29, 0x69, 0x4a, 0xa6, 0x31, 0xc7, 0x31, 0xc7, 0x31, 0xc7, 0x39, 0xc7, 0x39,
  0xc7, 0x31, 0xc6, 0x31, 0xc7, 0x31, 0xc6, 0x31, 0xa6, 0x31, 0xa6, 0x31, 0xc6, 0x31, 0xc6, 0x31,
  0xa6, 0x31, 0xc7, 0x31, 0xc7, 0x39, 0xe7, 0x39, 0x86, 0x31, 0x72, 0x8c, 0x3a, 0xc6, 0x19, 0xc6,
  0x19, 0xc6, 0xf9, 0xbd, 0xd4, 0x9c, 0xb8, 0xbd, 0xd8, 0xbd, 0xb7, 0xb5, 0x4d, 0x6b, 0xa7, 0x31,
  0xe7, 0x39, 0xe7, 0x39, 0xe7, 0x39, 0xc7, 0x39, 0xc7, 0x39, 0xc7, 0x31, 0xa7, 0x31, 0xa6, 0x31,
  0x86, 0x31, 0x86, 0x31, 0x86, 0x31, 0x86, 0x31, 0x86, 0x31, 0xa7, 0x31, 0x86, 0x31, 0x86, 0x31,
  0x86, 0x31, 0x86, 0x31, 0x86, 0x31, 0x86, 0x31, 0x86, 0x31, 0x86, 0x31, 0x87, 0x31, 0x26, 0x21,
  0xa7, 0x31, 0xc7, 0x39, 0xc7, 0x39, 0xc7, 0x39, 0xc7, 0x39, 0xc7, 0x39, 0xc7, 0x39, 0x8a, 0x52,
  0xcb, 0x52, 0xcb, 0x52, 0xca, 0x52, 0xaa, 0x52, 0xaa, 0x52, 0xaa, 0x52, 0xeb, 0x5a, 0xc7, 0x31,
  0x08, 0x42, 0x4c, 0x63, 0x0c, 0x5b, 0xcb, 0x5a, 0xaa, 0x52, 0x8a, 0x52, 0x69, 0x4a, 0x28, 0x42,
  0x28, 0x42, 0x08, 0x42, 0x08, 0x42, 0x08, 0x42, 0x08, 0x42, 0x28, 0x42, 0x07, 0x3a, 0xe7, 0x39,
  0x08, 0x42, 0x08, 0x42, 0x28, 0x42, 0x28, 0x42, 0x28, 0x42, 0x28, 0x42, 0x28, 0x42, 0x08, 0x42,
  0x08, 0x42, 0x08, 0x42, 0x08, 0x3a, 0x08, 0x42, 0x28, 0x42, 0x28, 0x42, 0x08, 0x42, 0x28, 0x42,
  0x08, 0x3a, 0x86, 0x29, 0xeb, 0x5a, 0x0c, 0x5b, 0xeb, 0x5a, 0xeb, 0x5a, 0xeb, 0x5a, 0xeb, 0x5a,
  0x0b, 0x5b, 0xcb, 0x5a, 0x6d, 0x6b, 0x34, 0xa5, 0x34, 0xa5, 0x33, 0xa5, 0x13, 0xa5, 0xb5, 0xb5,
  0x94, 0xb5, 0xf3, 0x9c, 0x13, 0xa5, 0x14, 0xa5, 0x13, 0xa5, 0x13, 0xa5, 0x14, 0xa5, 0x14, 0xa5,
  0x34, 0xa5, 0x34, 0xa5, 0x54, 0xad, 0x54, 0xa5, 0x54, 0xa5, 0x54, 0xa5, 0x54, 0xa5, 0x54, 0xa5,
  0x54, 0xa5, 0x54, 0xa5, 0x34, 0xa5, 0x35, 0xa5, 0x35, 0xa5, 0x35, 0xa5, 0x35, 0xa5, 0x55, 0xa5,
  0x4d, 0x63, 0x08, 0x42, 0x0c, 0x63, 0xcb, 0x5a, 0xab, 0x52, 0xaa, 0x52, 0x6d, 0x6b, 0x67, 0x29,
  0x46, 0x21, 0x46, 0x21, 0x46, 0x21, 0x46, 0x21, 0x46, 0x21, 0x46, 0x21, 0x46, 0x21, 0x46, 0x21,
  0x46, 0x21, 0x46, 0x21, 0x46, 0x21, 0x46, 0x21, 0x46, 0x21, 0x46, 0x21, 0x46, 0x21, 0x46, 0x21,
  0x46, 0x21, 0x46, 0x21, 0x46, 0x21, 0x46, 0x21, 0x46, 0x21, 0x46, 0x21, 0x46, 0x21, 0x46, 0x21,
  0x46, 0x21, 0x46, 0x21, 0x46, 0x21, 0x46, 0x21, 0x46, 0x21, 0x46, 0x21, 0x46, 0x21, 0x46, 0x21,
  0x46, 0x21, 0x46, 0x21, 0x46, 0x21, 0x46, 0x21, 0x46, 0x21, 0x46, 0x21, 0x46, 0x21, 0x46, 0x21,
  0x46, 0x21, 0x46, 0x21, 0x46, 0x21, 0x46, 0x21, 0x46, 0x21, 0x46, 0x21, 0x46, 0x21, 0x46, 0x21,
  0x46, 0x21, 0x46, 0x21, 0x46, 0x21, 0x46, 0x21, 0x46, 0x21, 0x46, 0x21, 0x46, 0x21, 0x46, 0x21,
  0x46, 0x21, 0x46, 0x21, 0x46, 0x21, 0x46, 0x21, 0x46, 0x21, 0x46, 0x21, 0x46, 0x21, 0x46, 0x21,
  0x46, 0x21, 0x46, 0x21, 0x46, 0x21, 0x46, 0x21, 0x46, 0x21, 0x87, 0x29, 0x8a, 0x4a, 0x86, 0x31,
  0xa6, 0x31, 0xa6, 0x31, 0xc7, 0x39, 0xc7, 0x31, 0xc7, 0x31, 0xc6, 0x31, 0xc7, 0x31, 0xc7, 0x39,
  0xc6, 0x31, 0xa6, 0x31, 0xc6, 0x31, 0xa6, 0x31, 0xc6, 0x31, 0xc7, 0x31, 0xc7, 0x39, 0xe7, 0x39,
  0x86, 0x31, 0x31, 0x84, 0xf8, 0xbd, 0xf9, 0xbd, 0xf9, 0xc5, 0xd8, 0xbd, 0xd4, 0x9c, 0xb8, 0xbd,
  0xd9, 0xbd, 0xf9, 0xbd, 0x36, 0xa5, 0x08, 0x42, 0xc7, 0x39, 0xc7, 0x39, 0xc7, 0x39, 0xc7, 0x39,
  0xc7, 0x39, 0xc7, 0x31, 0xa7, 0x31, 0xa6, 0x31, 0x86, 0x31, 0x86, 0x31, 0x86, 0x31, 0x86, 0x31,
  0xa7, 0x31, 0x86, 0x31, 0x86, 0x31, 0x86, 0x31, 0x86, 0x31, 0x86, 0x31, 0x86, 0x31, 0x86, 0x31,
  0x86, 0x31, 0xa7, 0x31, 0xa7, 0x31, 0x26, 0x21, 0xa7, 0x31, 0xc7, 0x39, 0xc7, 0x39, 0xc7, 0x39,
  0xc7, 0x39, 0xc7, 0x39, 0xc7, 0x39, 0x8a, 0x52, 0xcb, 0x52, 0xca, 0x52, 0xaa, 0x52, 0xaa, 0x52,
  0xaa, 0x52, 0xaa, 0x52, 0xeb, 0x5a, 0xc7, 0x39, 0x28, 0x42, 0x4d, 0x6b, 0x8d, 0x6b, 0x8d, 0x6b,
  0x8e, 0x73, 0x8e, 0x73, 0x8d, 0x73, 0x8d, 0x6b, 0x8d, 0x6b, 0x8d, 0x73, 0xae, 0x73, 0xae, 0x73,
  0xae, 0x73, 0xae, 0x73, 0xae, 0x73, 0xae, 0x73, 0xae, 0x73, 0x8e, 0x73, 0xae, 0x73, 0xae, 0x73,
  0xae, 0x73, 0xae, 0x73, 0xae, 0x73, 0xae, 0x73, 0xae, 0x73, 0x8e, 0x73, 0x8d, 0x73, 0xae, 0x73,
  0xae, 0x73, 0xce, 0x73, 0xce, 0x73, 0xef, 0x7b, 0x6d, 0x6b, 0x45, 0x29, 0xeb, 0x5a, 0x0c, 0x5b,
  0xeb, 0x5a, 0xeb, 0x5a, 0xeb, 0x5a, 0xeb, 0x5a, 0xeb, 0x5a, 0xcb, 0x5a, 0x6d, 0x6b, 0x54, 0xa5,
  0x33, 0xa5, 0x33, 0xa5, 0x13, 0xa5, 0x74, 0xad, 0x54, 0xa5, 0x13, 0x9d, 0x13, 0xa5, 0x13, 0xa5,
  0x13, 0xa5, 0x13, 0xa5, 0x13, 0xa5, 0x14, 0xa5, 0x14, 0xa5, 0x34, 0xa5, 0x54, 0xa5, 0x54, 0xa5,
  0x34, 0xa5, 0x34, 0xa5, 0x34, 0xa5, 0x54, 0xa5, 0x34, 0xa5, 0x34, 0xa5, 0x34, 0xa5, 0x35, 0xa5,
  0x35, 0xa5, 0x35, 0xa5, 0x34, 0xa5, 0x55, 0xa5, 0x2d, 0x63, 0x08, 0x42, 0x0c, 0x63, 0xcb, 0x52,
  0xaa, 0x52, 0xaa, 0x52, 0x6d, 0x6b, 0x67, 0x29, 0x46, 0x21, 0x46, 0x21, 0x46, 0x21, 0x46, 0x21,
  0x46, 0x21, 0x46, 0x21, 0x46, 0x21, 0x46, 0x21, 0x46, 0x21, 0x46, 0x21, 0x46, 0x21, 0x46, 0x21,
  0x46, 0x21, 0x46, 0x21, 0x46, 0x21, 0x46, 0x21, 0x46, 0x21, 0x46, 0x21, 0x46, 0x21, 0x46, 0x21,
  0x46, 0x21, 0x46, 0x21, 0x46, 0x21, 0x46, 0x21, 0x46, 0x21, 0x46, 0x21, 0x46, 0x21, 0x46, 0x21,
  0x46, 0x21, 0x46, 0x21, 0x46, 0x21, 0x46, 0x21, 0x46, 0x21, 0x46, 0x21, 0x46, 0x21, 0x46, 0x21,
  0x46, 0x21, 0x46, 0x21, 0x46, 0x21, 0x46, 0x21, 0x46, 0x21, 0x46, 0x21, 0x46, 0x21, 0x46, 0x21,
  0x46, 0x21, 0x46, 0x21, 0x46, 0x21, 0x46, 0x21, 0x46, 0x21, 0x46, 0x21, 0x46, 0x21, 0x46, 0x21,
  0x46, 0x21, 0x46, 0x21, 0x46, 0x21, 0x46, 0x21, 0x46, 0x21, 0x46, 0x21, 0x46, 0x21, 0x46, 0x21,
  0x46, 0x21, 0x46, 0x21, 0x46, 0x21, 0x46, 0x21, 0x46, 0x21, 0x46, 0x21, 0x46, 0x21, 0x46, 0x21,
  0x46, 0x21, 0x87, 0x29, 0x69, 0x4a, 0x86, 0x31, 0xa6, 0x31, 0xa6, 0x31, 0xc6, 0x31, 0xc7, 0x39,
  0xc7, 0x31, 0xc6, 0x31, 0xc7, 0x31, 0xc7, 0x31, 0xc6, 0x31, 0xa6, 0x31, 0xa6, 0x31, 0xa6, 0x31,
  0xc6, 0x31, 0xc7, 0x31, 0xc7, 0x39, 0xc7, 0x39, 0xc7, 0x39, 0x08, 0x42, 0x8a, 0x52, 0xcb, 0x52,
  0xcb, 0x5a, 0x31, 0x84, 0x52, 0x8c, 0x11, 0x84, 0xb3, 0x94, 0x52, 0x8c, 0x11, 0x84, 0x8a, 0x4a,
  0xc7, 0x39, 0xc7, 0x39, 0xc7, 0x39, 0xc7, 0x39, 0xc7, 0x39, 0xa7, 0x31, 0xa7, 0x31, 0xa6, 0x31,
  0x86, 0x31, 0x86, 0x31, 0x86, 0x31, 0x86, 0x31, 0x86, 0x31, 0x86, 0x31, 0x86, 0x31, 0x86, 0x31,
  0x86, 0x31, 0x86, 0x31, 0x86, 0x31, 0x86, 0x31, 0x86, 0x31, 0xa7, 0x31, 0xa7, 0x31, 0x45, 0x21,
  0xa7, 0x31, 0xc7, 0x39, 0xc7, 0x31, 0xc7, 0x39, 0xc7, 0x39, 0xc7, 0x39, 0xc8, 0x39, 0x8a, 0x52,
  0xcb, 0x52, 0xaa, 0x52, 0xaa, 0x52, 0xaa, 0x52, 0xaa, 0x52, 0xaa, 0x52, 0xeb, 0x5a, 0xc7, 0x31,
  0xc7, 0x31, 0xab, 0x52, 0xeb, 0x5a, 0xaa, 0x52, 0x8a, 0x52, 0xaa, 0x52, 0xaa, 0x52, 0x8a, 0x52,
  0x8a, 0x4a, 0x69, 0x4a, 0x49, 0x4a, 0x69, 0x4a, 0x49, 0x4a, 0x49, 0x4a, 0x69, 0x4a, 0x69, 0x4a,
  0x8a, 0x52, 0xcb, 0x52, 0xaa, 0x52, 0xaa, 0x52, 0xaa, 0x52, 0xaa, 0x52, 0xaa, 0x52, 0x8a, 0x52,
  0x8a, 0x52, 0x8a, 0x4a, 0x8a, 0x4a, 0x89, 0x4a, 0x8a, 0x52, 0xaa, 0x52, 0xeb, 0x5a, 0x4c, 0x63,
  0xeb, 0x5a, 0x66, 0x29, 0xeb, 0x5a, 0x0b, 0x5b, 0xeb, 0x5a, 0xeb, 0x5a, 0xeb, 0x5a, 0xeb, 0x5a,
  0xeb, 0x5a, 0xcb, 0x5a, 0x6d, 0x6b, 0x34, 0xa5, 0x33, 0xa5, 0x13, 0xa5, 0x13, 0xa5, 0x74, 0xb5,
  0x34, 0xad, 0x13, 0x9d, 0x13, 0xa5, 0x13, 0xa5, 0x13, 0xa5, 0x13, 0xa5, 0x13, 0xa5, 0x13, 0xa5,
  0x14, 0xa5, 0x34, 0xa5, 0x34, 0xa5, 0x34, 0xa5, 0x34, 0xa5, 0x34, 0xa5, 0x54, 0xa5, 0x54, 0xa5,
  0x34, 0xa5, 0x34, 0xa5, 0x34, 0xa5, 0x35, 0xa5, 0x35, 0xa5, 0x35, 0xa5, 0x34, 0xa5, 0x55, 0xa5,
  0x0d, 0x63, 0x08, 0x42, 0x0c, 0x63, 0xcb, 0x5a, 0xab, 0x52, 0x8a, 0x52, 0x4d, 0x6b, 0x67, 0x29,
  0x46, 0x21, 0x46, 0x21, 0x46, 0x21, 0x46, 0x21, 0x46, 0x21, 0x46, 0x21, 0x46, 0x21, 0x46, 0x21,
  0x46, 0x21, 0x46, 0x21, 0x46, 0x21, 0x46, 0x21, 0x46, 0x21, 0x46, 0x21, 0x46, 0x21, 0x46, 0x21,
  0x46, 0x21, 0x46, 0x21, 0x46, 0x21, 0x46, 0x21, 0x46, 0x21, 0x46, 0x21, 0x46, 0x21, 0x46, 0x21,
  0x46, 0x21, 0x46, 0x21, 0x46, 0x21, 0x46, 0x21, 0x46, 0x21, 0x46, 0x21, 0x46, 0x21, 0x46, 0x21,
  0x46, 0x21, 0x46, 0x21, 0x46, 0x21, 0x46, 0x21, 0x46, 0x21, 0x46, 0x21, 0x46, 0x21, 0x46, 0x21,
  0x46, 0x21, 0x46, 0x21, 0x46, 0x21, 0x46, 0x21, 0x46, 0x21, 0x46, 0x21, 0x46, 0x21, 0x46, 0x21,
  0x46, 0x21, 0x46, 0x21, 0x46, 0x21, 0x46, 0x21, 0x46, 0x21, 0x46, 0x21, 0x46, 0x21, 0x46, 0x21,
  0x46, 0x21, 0x46, 0x21, 0x46, 0x21, 0x46, 0x21, 0x46, 0x21, 0x46, 0x21, 0x46, 0x21, 0x46, 0x21,
  0x46, 0x21, 0x46, 0x21, 0x46, 0x21, 0x46, 0x21, 0x46, 0x21, 0x87, 0x29, 0x69, 0x4a, 0x86, 0x31,
  0xa6, 0x31, 0xa6, 0x31, 0xc6, 0x31, 0xc7, 0x39, 0xc7, 0x39, 0xa6, 0x31, 0xa6, 0x31, 0xa6, 0x31,
  0xa6, 0x31, 0xa6, 0x31, 0xa6, 0x31, 0xa6, 0x31, 0xa6, 0x31, 0xc7, 0x31, 0xc7, 0x31, 0xc7, 0x39,
  0xc7, 0x39, 0xc7, 0x31, 0xc7, 0x31, 0xc7, 0x39, 0x24, 0x21, 0x8a, 0x52, 0xaf, 0x73, 0x44, 0x29,
  0xc7, 0x39, 0xc7, 0x31, 0xe7, 0x39, 0xe8, 0x39, 0xe7, 0x39, 0xe7, 0x39, 0xc7, 0x39, 0xc7, 0x39,
  0xc7, 0x39, 0xc7, 0x31, 0xa6, 0x31, 0x86, 0x31, 0x86, 0x31, 0x86, 0x31, 0x86, 0x31, 0x86, 0x31,
  0x86, 0x31, 0x86, 0x31, 0x86, 0x31, 0x86, 0x31, 0x86, 0x31, 0x86, 0x31, 0x86, 0x31, 0x86, 0x31,
  0x86, 0x31, 0xa7, 0x31, 0xa7, 0x31, 0x25, 0x21, 0xa7, 0x31, 0xc7, 0x31, 0xc7, 0x31, 0xc7, 0x31,
  0xc7, 0x31, 0xa7, 0x31, 0xc8, 0x39, 0x8a, 0x52, 0xca, 0x52, 0xaa, 0x52, 0xaa, 0x52, 0xaa, 0x52,
  0xaa, 0x52, 0xaa, 0x52, 0xcb, 0x5a, 0xc7, 0x31, 0xc7, 0x31, 0xcb, 0x52, 0x0c, 0x63, 0xa6, 0x31,
  0xcb, 0x5a, 0x2c, 0x63, 0x6d, 0x6b, 0x6d, 0x6b, 0x6d, 0x6b, 0x6d, 0x6b, 0x6d, 0x6b, 0x6d, 0x6b,
  0x8e, 0x73, 0xcb, 0x5a, 0x86, 0x29, 0xa3, 0x10, 0x63, 0x10, 0x2d, 0x63, 0x71, 0x8c, 0x92, 0x94,
  0x71, 0x8c, 0x51, 0x8c, 0x10, 0x84, 0xcf, 0x7b, 0x8e, 0x6b, 0x2c, 0x63, 0x0c, 0x63, 0x0b, 0x5b,
  0xe7, 0x39, 0x62, 0x08, 0xc7, 0x39, 0x6d, 0x6b, 0xeb, 0x5a, 0x65, 0x29, 0xeb, 0x5a, 0xeb, 0x5a,
  0xeb, 0x5a, 0xeb, 0x5a, 0xeb, 0x5a, 0xeb, 0x5a, 0xeb, 0x5a, 0xcb, 0x5a, 0x8d, 0x6b, 0x34, 0xa5,
  0x33, 0xa5, 0x13, 0xa5, 0x13, 0xa5, 0x54, 0xbd, 0x34, 0xcd, 0x14, 0xad, 0x13, 0x9d, 0x14, 0xa5,
  0x13, 0xa5, 0x13, 0x9d, 0x13, 0xa5, 0x14, 0xa5, 0x34, 0xa5, 0x34, 0xa5, 0x34, 0x9d, 0x34, 0xa5,
  0x34, 0xa5, 0x34, 0x9d, 0x34, 0xa5, 0x34, 0xa5, 0x35, 0xa5, 0x14, 0xa5, 0x14, 0xa5, 0x34, 0xa5,
  0x34, 0x9d, 0x34, 0xa5, 0x34, 0xa5, 0x55, 0xa5, 0x0d, 0x63, 0x08, 0x42, 0x0c, 0x63, 0xcb, 0x5a,
  0xcb, 0x52, 0x8a, 0x52, 0x6d, 0x6b, 0x67, 0x29, 0x46, 0x21, 0x46, 0x21, 0x46, 0x21, 0x46, 0x21,
  0x46, 0x21, 0x46, 0x21, 0x46, 0x21, 0x46, 0x21, 0x46, 0x21, 0x46, 0x21, 0x46, 0x21, 0x46, 0x21,
  0x46, 0x21, 0x46, 0x21, 0x46, 0x21, 0x46, 0x21, 0x46, 0x21, 0x46, 0x21, 0x46, 0x21, 0x46, 0x21,
  0x46, 0x21, 0x46, 0x21, 0x46, 0x21, 0x46, 0x21, 0x46, 0x21, 0x46, 0x21, 0x46, 0x21, 0x46, 0x21,
  0x46, 0x21, 0x46, 0x21, 0x46, 0x21, 0x46, 0x21, 0x46, 0x21, 0x46, 0x21, 0x46, 0x21, 0x46, 0x21,
  0x46, 0x21, 0x46, 0x21, 0x46, 0x21, 0x46, 0x21, 0x46, 0x21, 0x46, 0x21, 0x46, 0x21, 0x46, 0x21,
  0x46, 0x21, 0x46, 0x21, 0x46, 0x21, 0x46, 0x21, 0x46, 0x21, 0x46, 0x21, 0x46, 0x21, 0x46, 0x21,
  0x46, 0x21, 0x46, 0x21, 0x46, 0x21, 0x46, 0x21, 0x46, 0x21, 0x46, 0x21, 0x46, 0x21, 0x46, 0x21,
  0x46, 0x21, 0x46, 0x21, 0x46, 0x21, 0x46, 0x21, 0x46, 0x21, 0x46, 0x21, 0x46, 0x21, 0x46, 0x21,
  0x46, 0x21, 0x87, 0x31, 0x8a, 0x4a, 0x86, 0x31, 0xa6, 0x31, 0x86, 0x31, 0xa6, 0x31, 0xc7, 0x31,
  0xc7, 0x39, 0xa6, 0x31, 0xa6, 0x31, 0xa6, 0x31, 0xa6, 0x31, 0xa6, 0x31, 0xa6, 0x31, 0xa6, 0x31,
  0xa6, 0x31, 0xc7, 0x31, 0xc7, 0x39, 0xc7, 0x39, 0xc7, 0x39, 0xe7, 0x39, 0xe7, 0x39, 0xc7, 0x39,
  0xaa, 0x52, 0xf0, 0x7b, 0x10, 0x84, 0xc7, 0x39, 0xc7, 0x39, 0x08, 0x3a, 0xe7, 0x39, 0xe7, 0x39,
  0xe7, 0x39, 0xc7, 0x39, 0xc7, 0x39, 0xc7, 0x39, 0xc7, 0x39, 0xa7, 0x31, 0xa7, 0x31, 0x86, 0x31,
  0x86, 0x31, 0x86, 0x31, 0x86, 0x29, 0x86, 0x29, 0x86, 0x29, 0x86, 0x31, 0x86, 0x31, 0x86, 0x31,
  0x86, 0x31, 0x86, 0x29, 0x86, 0x29, 0x86, 0x31, 0x86, 0x31, 0x86, 0x31, 0xa7, 0x31, 0x25, 0x21,
  0xa7, 0x31, 0xc7, 0x31, 0xc7, 0x31, 0xc7, 0x31, 0xc7, 0x31, 0xa7, 0x31, 0xc7, 0x39, 0x8a, 0x52,
  0xca, 0x52, 0xaa, 0x52, 0xca, 0x52, 0xaa, 0x52, 0xaa, 0x52, 0xaa, 0x52, 0xcb, 0x5a, 0xc7, 0x31,
  0xc7, 0x31, 0xcb, 0x52, 0x0c, 0x63, 0x65, 0x29, 0xe7, 0x39, 0x0b, 0x5b, 0xeb, 0x5a, 0x0b, 0x5b,
  0x0c, 0x63, 0x0c, 0x63, 0x0c, 0x63, 0x0c, 0x5b, 0x0c, 0x63, 0xcb, 0x5a, 0x08, 0x3a, 0xa4, 0x10,
  0x22, 0x00, 0xa7, 0x31, 0x2c, 0x63, 0xeb, 0x5a, 0x2c, 0x63, 0x2c, 0x63, 0x4c, 0x63, 0x4d, 0x6b,
  0x6d, 0x6b, 0x8d, 0x6b, 0x8d, 0x73, 0xae, 0x73, 0x6d, 0x6b, 0x83, 0x10, 0xa7, 0x31, 0x6d, 0x6b,
  0xaa, 0x52, 0x45, 0x29, 0xeb, 0x5a, 0xeb, 0x5a, 0xeb, 0x5a, 0xeb, 0x5a, 0xeb, 0x5a, 0xeb, 0x5a,
  0xeb, 0x5a, 0xcb, 0x5a, 0x8d, 0x6b, 0x34, 0xa5, 0x13, 0xa5, 0x13, 0xa5, 0x13, 0xa5, 0x34, 0xb5,
  0xf3, 0xbc, 0x13, 0xbd, 0x34, 0xa5, 0x33, 0xa5, 0x34, 0xa5, 0xd6, 0xb5, 0x13, 0xa5, 0x14, 0xa5,
  0x14, 0xa5, 0x34, 0xa5, 0x34, 0xa5, 0x34, 0xa5, 0x34, 0xa5, 0x34, 0xa5, 0x34, 0xa5, 0x34, 0x9d,
  0x14, 0x9d, 0x34, 0x9d, 0x34, 0x9d, 0x34, 0xa5, 0x34, 0xa5, 0x34, 0xa5, 0x34, 0xa5, 0x55, 0xa5,
  0x0c, 0x63, 0x08, 0x3a, 0x0c, 0x63, 0xcb, 0x5a, 0xcb, 0x5a, 0x8a, 0x52, 0x6d, 0x6b, 0x67, 0x29,
  0x46, 0x21, 0x46, 0x21, 0x46, 0x21, 0x46, 0x21, 0x46, 0x21, 0x46, 0x21, 0x46, 0x21, 0x46, 0x21,
  0x46, 0x21, 0x46, 0x21, 0x46, 0x21, 0x46, 0x21, 0x46, 0x21, 0x46, 0x21, 0x46, 0x21, 0x46, 0x21,
  0x46, 0x21, 0x46, 0x21, 0x46, 0x21, 0x46, 0x21, 0x46, 0x21, 0x46, 0x21, 0x46, 0x21, 0x46, 0x21,
  0x46, 0x21, 0x46, 0x21, 0x46, 0x21, 0x46, 0x21, 0x46, 0x21, 0x46, 0x21, 0x46, 0x21, 0x46, 0x21,
  0x46, 0x21, 0x46, 0x21, 0x46, 0x21, 0x46, 0x21, 0x46, 0x21, 0x46, 0x21, 0x46, 0x21, 0x46, 0x21,
  0x46, 0x21, 0x46, 0x21, 0x46, 0x21, 0x46, 0x21, 0x46, 0x21, 0x46, 0x21, 0x46, 0x21, 0x46, 0x21,
  0x46, 0x21, 0x46, 0x21, 0x46, 0x21, 0x46, 0x21, 0x46, 0x21, 0x46, 0x21, 0x46, 0x21, 0x46, 0x21,
  0x46, 0x21, 0x46, 0x21, 0x46, 0x21, 0x46, 0x21, 0x46, 0x21, 0x46, 0x21, 0x46, 0x21, 0x46, 0x21,
  0x46, 0x21, 0x46, 0x21, 0x46, 0x21, 0x46, 0x21, 0x46, 0x21, 0x87, 0x29, 0x69, 0x4a, 0x86, 0x31,
  0xa6, 0x31, 0x86, 0x31, 0xa6, 0x31, 0xa6, 0x31, 0xc7, 0x39, 0xa6, 0x31, 0xa6, 0x31, 0xa6, 0x31,
  0xa6, 0x31, 0xa6, 0x31, 0xa6, 0x31, 0xa6, 0x31, 0xa6, 0x31, 0xc7, 0x31, 0xc7, 0x31, 0xc7, 0x39,
  0xc7, 0x39, 0xc7, 0x39, 0xc7, 0x39, 0x31, 0x84, 0xd8, 0xbd, 0xf8, 0xbd, 0xd4, 0x9c, 0x15, 0xa5,
  0x6d, 0x6b, 0xa7, 0x31, 0xe8, 0x39, 0xe7, 0x39, 0xe7, 0x39, 0xc7, 0x39, 0xc7, 0x31, 0xa7, 0x31,
  0xc7, 0x31, 0xa7, 0x31, 0x86, 0x31, 0x86, 0x29, 0x86, 0x29, 0x86, 0x29, 0x86, 0x29, 0x86, 0x29,
  0x86, 0x29, 0x86, 0x31, 0x86, 0x31, 0x86, 0x31, 0x66, 0x29, 0x86, 0x29, 0x86, 0x29, 0x86, 0x29,
  0x86, 0x31, 0x86, 0x31, 0x87, 0x31, 0x25, 0x21, 0xa7, 0x31, 0xc7, 0x31, 0xa7, 0x31, 0xa7, 0x31,
  0xa7, 0x31, 0xa7, 0x31, 0xc7, 0x31, 0x8a, 0x4a, 0xaa, 0x52, 0xaa, 0x52, 0xca, 0x52, 0xaa, 0x52,
  0xaa, 0x52, 0x8a, 0x52, 0xca, 0x52, 0xa7, 0x31, 0xa6, 0x31, 0xaa, 0x52, 0x0b, 0x5b, 0x66, 0x29,
  0xe7, 0x39, 0xeb, 0x5a, 0xeb, 0x5a, 0xeb, 0x5a, 0xaa, 0x52, 0xca, 0x52, 0xeb, 0x5a, 0xeb, 0x5a,
  0xec, 0x5a, 0xcb, 0x52, 0xe7, 0x31, 0xa4, 0x10, 0x23, 0x08, 0xa7, 0x31, 0xcb, 0x5a, 0xaa, 0x52,
  0xca, 0x52, 0xca, 0x5a, 0xca, 0x52, 0xca, 0x5a, 0xca, 0x5a, 0xeb, 0x5a, 0xcb, 0x5a, 0xcb, 0x5a,
  0xeb, 0x5a, 0x83, 0x08, 0xc7, 0x31, 0x6d, 0x6b, 0xaa, 0x52, 0x45, 0x29, 0xcb, 0x5a, 0xeb, 0x5a,
  0xeb, 0x5a, 0xeb, 0x5a, 0xeb, 0x5a, 0xeb, 0x5a, 0xeb, 0x5a, 0xcb, 0x52, 0x8d, 0x6b, 0x34, 0xa5,
  0x13, 0xa5, 0x13, 0x9d, 0x13, 0xa5, 0x34, 0xb5, 0xf3, 0xac, 0x33, 0xbd, 0x95, 0xbd, 0x54, 0xa5,
  0x54, 0xad, 0xb5, 0xb5, 0x34, 0xa5, 0x14, 0xa5, 0x14, 0xa5, 0x34, 0xa5, 0x34, 0xa5, 0x34, 0xa5,
  0x34, 0x9d, 0x34, 0x9d, 0x14, 0x9d, 0x34, 0x9d, 0x34, 0x9d, 0x34, 0x9d, 0x34, 0xa5, 0x34, 0xa5,
  0x34, 0xa5, 0x34, 0xa5, 0x34, 0x9d, 0x55, 0xa5, 0x0d, 0x63, 0x08, 0x42, 0x0c, 0x63, 0xeb, 0x5a,
  0xcb, 0x5a, 0x8a, 0x52, 0x6d, 0x6b, 0x67, 0x29, 0x46, 0x21, 0x46, 0x21, 0x46, 0x21, 0x46, 0x21,
  0x46, 0x21, 0x46, 0x21, 0x46, 0x21, 0x46, 0x21, 0x46, 0x21, 0x46, 0x21, 0x46, 0x21, 0x46, 0x21,
  0x46, 0x21, 0x46, 0x21, 0x46, 0x21, 0x46, 0x21, 0x46, 0x21, 0x46, 0x21, 0x46, 0x21, 0x46, 0x21,
  0x46, 0x21, 0x46, 0x21, 0x46, 0x21, 0x46, 0x21, 0x46, 0x21, 0x46, 0x21, 0x46, 0x21, 0x46, 0x21,
  0x46, 0x21, 0x46, 0x21, 0x46, 0x21, 0x46, 0x21, 0x46, 0x21, 0x46, 0x21, 0x46, 0x21, 0x46, 0x21,
  0x46, 0x21, 0x46, 0x21, 0x46, 0x21, 0x46, 0x21, 0x46, 0x21, 0x46, 0x21, 0x46, 0x21, 0x46, 0x21,
  0x46, 0x21, 0x46, 0x21, 0x46, 0x21, 0x46, 0x21, 0x46, 0x21, 0x46, 0x21, 0x46, 0x21, 0x46, 0x21,
  0x46, 0x21, 0x46, 0x21, 0x46, 0x21, 0x46, 0x21, 0x46, 0x21, 0x46, 0x21, 0x46, 0x21, 0x46, 0x21,
  0x46, 0x21, 0x46, 0x21, 0x46, 0x21, 0x46, 0x21, 0x46, 0x21, 0x46, 0x21, 0x46, 0x21, 0x46, 0x21,
  0x46, 0x21, 0x87, 0x31, 0x69, 0x4a, 0x86, 0x31, 0xa6, 0x31, 0x86, 0x31, 0xa6, 0x31, 0xa6, 0x31,
  0xa6, 0x31, 0xa6, 0x31, 0xa6, 0x31, 0xa6, 0x31, 0xa6, 0x31, 0xa6, 0x31, 0xa6, 0x31, 0xa6, 0x31,
  0xc7, 0x31, 0xc7, 0x31, 0xc6, 0x31, 0xc7, 0x31, 0xe7, 0x39, 0x86, 0x31, 0xcf, 0x73, 0x1a, 0xc6,
  0xd8, 0xbd, 0xb8, 0xb5, 0xb4, 0x94, 0x77, 0xb5, 0xf8, 0xbd, 0x4d, 0x6b, 0xa6, 0x31, 0xe8, 0x39,
  0xc7, 0x39, 0xc7, 0x39, 0xc7, 0x39, 0xc7, 0x31, 0xa7, 0x31, 0xa7, 0x31, 0x86, 0x31, 0x86, 0x29,
  0x66, 0x29, 0x66, 0x29, 0x86, 0x29, 0x66, 0x29, 0x86, 0x29, 0x86, 0x31, 0x86, 0x31, 0x86, 0x29,
  0x66, 0x29, 0x66, 0x29, 0x66, 0x29, 0x66, 0x29, 0x86, 0x31, 0x86, 0x31, 0x87, 0x31, 0x25, 0x21,
  0xa7, 0x31, 0xc7, 0x31, 0xa7, 0x31, 0xa7, 0x31, 0xa7, 0x31, 0xa7, 0x31, 0xa7, 0x31, 0x8a, 0x4a,
  0xca, 0x52, 0xaa, 0x52, 0xaa, 0x52, 0xaa, 0x52, 0xaa, 0x52, 0xaa, 0x52, 0xca, 0x52, 0xa6, 0x31,
  0x86, 0x29, 0xaa, 0x52, 0x0c, 0x5b, 0x66, 0x29, 0xe7, 0x39, 0xeb, 0x5a, 0x0b, 0x5b, 0xeb, 0x5a,
  0xca, 0x52, 0x8a, 0x4a, 0x0c, 0x63, 0xeb, 0x5a, 0x0c, 0x63, 0xaa, 0x52, 0xc7, 0x31, 0xa3, 0x10,
  0x23, 0x08, 0xa7, 0x31, 0xcb, 0x5a, 0xca, 0x52, 0xeb, 0x5a, 0xeb, 0x5a, 0xeb, 0x5a, 0xeb, 0x5a,
  0xeb, 0x5a, 0xeb, 0x5a, 0xeb, 0x5a, 0x0b, 0x63, 0xeb, 0x5a, 0x62, 0x08, 0xe8, 0x39, 0x6d, 0x6b,
  0xaa, 0x52, 0x45, 0x29, 0xcb, 0x5a, 0xeb, 0x5a, 0xeb, 0x5a, 0xeb, 0x5a, 0xeb, 0x5a, 0xeb, 0x5a,
  0xeb, 0x5a, 0xcb, 0x52, 0x8d, 0x6b, 0x34, 0xa5, 0x13, 0xa5, 0x13, 0x9d, 0x13, 0xa5, 0x14, 0xb5,
  0xf3, 0xac, 0x13, 0xbd, 0x54, 0xb5, 0x34, 0xa5, 0x54, 0xad, 0x33, 0xa5, 0xf6, 0xbd, 0x34, 0xa5,
  0x14, 0xa5, 0x34, 0xa5, 0x14, 0xa5, 0x14, 0xa5, 0x14, 0xa5, 0x34, 0xa5, 0x14, 0xa5, 0x14, 0xa5,
  0x34, 0xa5, 0x34, 0x9d, 0x34, 0x9d, 0x34, 0x9d, 0x34, 0x9d, 0x34, 0x9d, 0x34, 0x9d, 0x55, 0xa5,
  0x0d, 0x63, 0x08, 0x3a, 0x0c, 0x5b, 0xeb, 0x5a, 0xcb, 0x5a, 0xaa, 0x52, 0x8e, 0x6b, 0x67, 0x29,
  0x46, 0x21, 0x46, 0x21, 0x46, 0x21, 0x46, 0x21, 0x46, 0x21, 0x46, 0x21, 0x46, 0x21, 0x46, 0x21,
  0x46, 0x21, 0x46, 0x21, 0x46, 0x21, 0x46, 0x21, 0x46, 0x21, 0x46, 0x21, 0x46, 0x21, 0x46, 0x21,
  0x46, 0x21, 0x46, 0x21, 0x46, 0x21, 0x46, 0x21, 0x46, 0x21, 0x46, 0x21, 0x46, 0x21, 0x46, 0x21,
  0x46, 0x21, 0x46, 0x21, 0x46, 0x21, 0x46, 0x21, 0x46, 0x21, 0x46, 0x21, 0x46, 0x21, 0x46, 0x21,
  0x46, 0x21, 0x46, 0x21, 0x46, 0x21, 0x46, 0x21, 0x46, 0x21, 0x46, 0x21, 0x46, 0x21, 0x46, 0x21,
  0x46, 0x21, 0x46, 0x21, 0x46, 0x21, 0x46, 0x21, 0x46, 0x21, 0x46, 0x21, 0x46, 0x21, 0x46, 0x21,
  0x46, 0x21, 0x46, 0x21, 0x46, 0x21, 0x46, 0x21, 0x46, 0x21, 0x46, 0x21, 0x46, 0x21, 0x46, 0x21,
  0x46, 0x21, 0x46, 0x21, 0x46, 0x21, 0x46, 0x21, 0x46, 0x21, 0x46, 0x21, 0x46, 0x21, 0x46, 0x21,
  0x46, 0x21, 0x46, 0x21, 0x46, 0x21, 0x46, 0x21, 0x46, 0x21, 0xa7, 0x31, 0x69, 0x4a, 0x65, 0x29,
  0x86, 0x31, 0x86, 0x31, 0x86, 0x31, 0xa6, 0x31, 0xa6, 0x31, 0xa6, 0x31, 0xa6, 0x31, 0xa6, 0x31,
  0xa7, 0x31, 0xa6, 0x31, 0x86, 0x31, 0xa6, 0x31, 0xa7, 0x31, 0xa6, 0x31, 0xc7, 0x31, 0xc7, 0x39,
  0xa7, 0x31, 0x49, 0x4a, 0x77, 0xad, 0xb8, 0xb5, 0xd8, 0xb5, 0xb8, 0xb5, 0xb4, 0x94, 0x77, 0xad,
  0xd8, 0xbd, 0x76, 0xad, 0x28, 0x42, 0xc7, 0x39, 0xc7, 0x39, 0xc7, 0x39, 0xc7, 0x39, 0xc7, 0x31,
  0xa7, 0x31, 0xa6, 0x31, 0x86, 0x29, 0x66, 0x29, 0x66, 0x29, 0x66, 0x29, 0x86, 0x29, 0x66, 0x29,
  0x86, 0x29, 0x86, 0x29, 0x86, 0x31, 0x86, 0x29, 0x66, 0x29, 0x66, 0x29, 0x66, 0x29, 0x66, 0x29,
  0x86, 0x31, 0xa7, 0x31, 0x86, 0x31, 0x25, 0x21, 0x87, 0x31, 0xc7, 0x31, 0xa7, 0x31, 0xa7, 0x31,
  0xa7, 0x31, 0xa7, 0x31, 0xa7, 0x31, 0x8a, 0x4a, 0xca, 0x52, 0xaa, 0x52, 0xaa, 0x52, 0xaa, 0x52,
  0xaa, 0x52, 0xaa, 0x52, 0xca, 0x52, 0xa6, 0x31, 0x86, 0x29, 0xaa, 0x52, 0x0c, 0x63, 0x66, 0x29,
  0xe7, 0x39, 0xeb, 0x5a, 0xcb, 0x52, 0x0b, 0x5b, 0x4d, 0x6b, 0xcb, 0x5a, 0xca, 0x52, 0x0c, 0x5b,
  0x0b, 0x5b, 0xaa, 0x52, 0xe7, 0x39, 0xa3, 0x10, 0x23, 0x00, 0xa7, 0x31, 0xcb, 0x5a, 0xaa, 0x52,
  0xcb, 0x5a, 0xcb, 0x5a, 0xcb, 0x5a, 0xeb, 0x5a, 0xeb, 0x5a, 0xeb, 0x5a, 0xeb, 0x5a, 0x0b, 0x5b,
  0xcb, 0x5a, 0x42, 0x00, 0xe8, 0x39, 0x6d, 0x6b, 0xcb, 0x52, 0x45, 0x29, 0xcb, 0x5a, 0xeb, 0x5a,
  0xeb, 0x5a, 0xeb, 0x5a, 0xeb, 0x5a, 0xeb, 0x5a, 0xeb, 0x5a, 0xcb, 0x5a, 0x8d, 0x6b, 0x34, 0xa5,
  0x13, 0xa5, 0x13, 0x9d, 0x14, 0xad, 0x14, 0xb5, 0x34, 0xb5, 0x13, 0xbd, 0x33, 0xad, 0x13, 0xa5,
  0x54, 0xad, 0x34, 0xa5, 0x54, 0xad, 0x34, 0xa5, 0x14, 0xa5, 0x14, 0xa5, 0x14, 0xa5, 0x14, 0xa5,
  0x14, 0xa5, 0x34, 0xa5, 0x14, 0xa5, 0x14, 0xa5, 0x14, 0x9d, 0x14, 0x9d, 0x34, 0x9d, 0x14, 0x9d,
  0x14, 0x9d, 0x14, 0xa5, 0x14, 0x9d, 0x35, 0xa5, 0x0c, 0x5b, 0x08, 0x3a, 0x0c, 0x5b, 0xeb, 0x5a,
  0xcb, 0x52, 0x8a, 0x52, 0xae, 0x73, 0x87, 0x29, 0x46, 0x21, 0x46, 0x21, 0x46, 0x21, 0x46, 0x21,
  0x46, 0x21, 0x46, 0x21, 0x46, 0x21, 0x46, 0x21, 0x46, 0x21, 0x46, 0x21, 0x46, 0x21, 0x46, 0x21,
  0x46, 0x21, 0x46, 0x21, 0x46, 0x21, 0x46, 0x21, 0x46, 0x21, 0x46, 0x21, 0x46, 0x21, 0x46, 0x21,
  0x46, 0x21, 0x46, 0x21, 0x46, 0x21, 0x46, 0x21, 0x46, 0x21, 0x46, 0x21, 0x46, 0x21, 0x46, 0x21,
  0x46, 0x21, 0x46, 0x21, 0x46, 0x21, 0x46, 0x21, 0x46, 0x21, 0x46, 0x21, 0x46, 0x21, 0x46, 0x21,
  0x46, 0x21, 0x46, 0x21, 0x46, 0x21, 0x46, 0x21, 0x46, 0x21, 0x46, 0x21, 0x46, 0x21, 0x46, 0x21,
  0x46, 0x21, 0x46, 0x21, 0x46, 0x21, 0x46, 0x21, 0x46, 0x21, 0x46, 0x21, 0x46, 0x21, 0x46, 0x21,
  0x46, 0x21, 0x46, 0x21, 0x46, 0x21, 0x46, 0x21, 0x46, 0x21, 0x46, 0x21, 0x46, 0x21, 0x46, 0x21,
  0x46, 0x21, 0x46, 0x21, 0x46, 0x21, 0x46, 0x21, 0x46, 0x21, 0x46, 0x21, 0x46, 0x21, 0x46, 0x21,
  0x46, 0x21, 0xa7, 0x31, 0x69, 0x4a, 0x65, 0x29, 0x86, 0x31, 0x86, 0x31, 0x86, 0x31, 0xa6, 0x31,
  0xa6, 0x31, 0xa6, 0x31, 0xa6, 0x31, 0xa7, 0x31, 0xa6, 0x31, 0xa6, 0x31, 0xa6, 0x31, 0x86, 0x31,
  0xa6, 0x31, 0xa7, 0x31, 0xa6, 0x31, 0xc7, 0x39, 0x86, 0x31, 0x4d, 0x6b, 0xd8, 0xbd, 0xb8, 0xb5,
  0x6e, 0x6b, 0xec, 0x5a, 0xcf, 0x7b, 0x6e, 0x6b, 0xb8, 0xb5, 0xf8, 0xbd, 0xaf, 0x73, 0x86, 0x31,
  0xe7, 0x39, 0xc7, 0x39, 0xc7, 0x31, 0xa7, 0x31, 0xa6, 0x31, 0xa6, 0x31, 0x86, 0x31, 0x66, 0x29,
  0x66, 0x29, 0x66, 0x29, 0x66, 0x29, 0x66, 0x29, 0x86, 0x29, 0x66, 0x29, 0x86, 0x29, 0x86, 0x29,
  0x66, 0x29, 0x66, 0x29, 0x66, 0x29, 0x86, 0x29, 0x86, 0x31, 0x86, 0x31, 0x87, 0x31, 0x25, 0x21,
  0x87, 0x31, 0xa7, 0x31, 0xa7, 0x31, 0xa7, 0x31, 0xa7, 0x31, 0xa7, 0x31, 0xa8, 0x31, 0x6a, 0x4a,
  0xaa, 0x52, 0xaa, 0x52, 0xca, 0x52, 0xaa, 0x52, 0xaa, 0x52, 0xaa, 0x52, 0xaa, 0x52, 0xa6, 0x31,
  0x86, 0x29, 0xaa, 0x52, 0x0c, 0x63, 0x86, 0x31, 0xe8, 0x39, 0xeb, 0x5a, 0xcb, 0x52, 0xca, 0x5a,
  0x54, 0xad, 0x91, 0x94, 0x69, 0x4a, 0x0c, 0x63, 0x0c, 0x5b, 0xaa, 0x52, 0xc7, 0x39, 0xa3, 0x10,
  0x23, 0x00, 0xa7, 0x31, 0xeb, 0x5a, 0xaa, 0x52, 0xcb, 0x5a, 0xcb, 0x5a, 0xcb, 0x5a, 0xcb, 0x5a,
  0xeb, 0x5a, 0xeb, 0x5a, 0xeb, 0x5a, 0xeb, 0x5a, 0xeb, 0x5a, 0xc3, 0x10, 0xe8, 0x39, 0x6d, 0x6b,
  0xcb, 0x52, 0x45, 0x29, 0xcb, 0x5a, 0xeb, 0x5a, 0xeb, 0x5a, 0xeb, 0x5a, 0xeb, 0x5a, 0xeb, 0x5a,
  0xeb, 0x5a, 0xcb, 0x5a, 0x8d, 0x6b, 0x34, 0xa5, 0x13, 0x9d, 0xf3, 0x9c, 0x34, 0xad, 0x34, 0xb5,
  0x54, 0xbd, 0x13, 0xbd, 0x75, 0xbd, 0x13, 0xa5, 0x34, 0xa5, 0x34, 0xa5, 0xf3, 0x9c, 0x14, 0xa5,
  0x14, 0xa5, 0x14, 0xa5, 0x14, 0xa5, 0x14, 0xa5, 0x14, 0xa5, 0x14, 0xa5, 0x14, 0xa5, 0x14, 0x9d,
  0x14, 0xa5, 0x14, 0x9d, 0x34, 0x9d, 0x14, 0x9d, 0x34, 0xa5, 0x75, 0xad, 0x55, 0xad, 0x76, 0xad,
  0xec, 0x5a, 0x08, 0x42, 0x0c, 0x63, 0xeb, 0x5a, 0xab, 0x52, 0x8a, 0x52, 0xae, 0x73, 0x87, 0x29,
  0x46, 0x21, 0x46, 0x21, 0x46, 0x21, 0x46, 0x21, 0x46, 0x21, 0x46, 0x21, 0x46, 0x21, 0x46, 0x21,
  0x46, 0x21, 0x46, 0x21, 0x46, 0x21, 0x46, 0x21, 0x46, 0x21, 0x46, 0x21, 0x46, 0x21, 0x46, 0x21,
  0x46, 0x21, 0x46, 0x21, 0x46, 0x21, 0x46, 0x21, 0x46, 0x21, 0x46, 0x21, 0x46, 0x21, 0x46, 0x21,
  0x46, 0x21, 0x46, 0x21, 0x46, 0x21, 0x46, 0x21, 0x46, 0x21, 0x46, 0x21, 0x46, 0x21, 0x46, 0x21,
  0x46, 0x21, 0x46, 0x21, 0x46, 0x21, 0x46, 0x21, 0x46, 0x21, 0x46, 0x21, 0x46, 0x21, 0x46, 0x21,
  0x46, 0x21, 0x46, 0x21, 0x46, 0x21, 0x46, 0x21, 0x46, 0x21, 0x46, 0x21, 0x46, 0x21, 0x46, 0x21,
  0x46, 0x21, 0x46, 0x21, 0x46, 0x21, 0x46, 0x21, 0x46, 0x21, 0x46, 0x21, 0x46, 0x21, 0x46, 0x21,
  0x46, 0x21, 0x46, 0x21, 0x46, 0x21, 0x46, 0x21, 0x46, 0x21, 0x46, 0x21, 0x46, 0x21, 0x46, 0x21,
  0x46, 0x21, 0x46, 0x21, 0x46, 0x21, 0x46, 0x21, 0x46, 0x21, 0xa7, 0x31, 0x6a, 0x4a, 0x65, 0x29,
  0x86, 0x31, 0x86, 0x31, 0x86, 0x31, 0x86, 0x31, 0xa6, 0x31, 0xa6, 0x31, 0xa6, 0x31, 0xa6, 0x31,
  0xa6, 0x31, 0xa6, 0x31, 0xa6, 0x31, 0x86, 0x31, 0x86, 0x31, 0xa7, 0x31, 0xa6, 0x31, 0xc7, 0x31,
  0x65, 0x29, 0x31, 0x84, 0xf9, 0xbd, 0x52, 0x8c, 0x04, 0x21, 0x2d, 0x63, 0x51, 0x8c, 0x24, 0x21,
  0x31, 0x84, 0xf9, 0xbd, 0xd4, 0x9c, 0xc7, 0x39, 0xc7, 0x39, 0xc7, 0x39, 0xc7, 0x39, 0xa7, 0x31,
  0xa6, 0x31, 0xa6, 0x31, 0x86, 0x31, 0x86, 0x29, 0x86, 0x29, 0x66, 0x29, 0x66, 0x29, 0x66, 0x29,
  0x66, 0x29, 0x66, 0x29, 0x86, 0x29, 0x66, 0x29, 0x66, 0x29, 0x66, 0x29, 0x66, 0x29, 0x66, 0x29,
  0x86, 0x31, 0x86, 0x31, 0x86, 0x31, 0x25, 0x21, 0x86, 0x31, 0xa7, 0x31, 0xa7, 0x31, 0xa7, 0x31,
  0xa7, 0x31, 0xa7, 0x31, 0xa8, 0x31, 0x8a, 0x4a, 0xaa, 0x52, 0xaa, 0x52, 0xca, 0x52, 0xca, 0x52,
  0xaa, 0x52, 0x8a, 0x52, 0xcb, 0x52, 0xa6, 0x31, 0x86, 0x29, 0xaa, 0x52, 0x0c, 0x63, 0x86, 0x29,
  0xe8, 0x39, 0xeb, 0x5a, 0xeb, 0x5a, 0x8a, 0x52, 0xce, 0x7b, 0xce, 0x7b, 0xeb, 0x5a, 0xeb, 0x5a,
  0xeb, 0x5a, 0xaa, 0x52, 0xc7, 0x31, 0x83, 0x10, 0x23, 0x00, 0xc8, 0x39, 0xeb, 0x5a, 0xaa, 0x52,
  0xca, 0x5a, 0xcb, 0x5a, 0xca, 0x5a, 0xcb, 0x5a, 0xcb, 0x5a, 0xcb, 0x5a, 0xca, 0x5a, 0xeb, 0x5a,
  0xeb, 0x5a, 0x25, 0x21, 0xe8, 0x39, 0x6d, 0x6b, 0xcb, 0x52, 0x45, 0x29, 0xcb, 0x5a, 0xeb, 0x5a,
  0xeb, 0x5a, 0xeb, 0x5a, 0xeb, 0x5a, 0xeb, 0x5a, 0xeb, 0x5a, 0xcb, 0x52, 0x8d, 0x6b, 0x34, 0xa5,
  0x13, 0x9d, 0x13, 0x9d, 0x34, 0xad, 0x34, 0xbd, 0x34, 0xbd, 0x13, 0xb5, 0x13, 0xad, 0x94, 0xb5,
  0x74, 0xad, 0x13, 0x9d, 0x75, 0xad, 0x34, 0xa5, 0x14, 0xa5, 0x14, 0xa5, 0x14, 0xa5, 0x14, 0xa5,
  0x14, 0xa5, 0x14, 0xa5, 0x14, 0xa5, 0x14, 0xa5, 0x14, 0x9d, 0x14, 0xa5, 0x14, 0xa5, 0x14, 0x9d,
  0x34, 0xa5, 0x55, 0xa5, 0x35, 0xa5, 0x55, 0xa5, 0xec, 0x5a, 0x08, 0x42, 0x0c, 0x63, 0xcb, 0x5a,
  0xaa, 0x52, 0x8a, 0x52, 0xae, 0x73, 0x87, 0x29, 0x46, 0x21, 0x46, 0x21, 0x46, 0x21, 0x46, 0x21,
  0x46, 0x21, 0x46, 0x21, 0x46, 0x21, 0x46, 0x21, 0x46, 0x21, 0x46, 0x21, 0x46, 0x21, 0x46, 0x21,
  0x46, 0x21, 0x46, 0x21, 0x46, 0x21, 0x46, 0x21, 0x46, 0x21, 0x46, 0x21, 0x46, 0x21, 0x46, 0x21,
  0x46, 0x21, 0x46, 0x21, 0x46, 0x21, 0x46, 0x21, 0x46, 0x21, 0x46, 0x21, 0x46, 0x21, 0x46, 0x21,
  0x46, 0x21, 0x46, 0x21, 0x46, 0x21, 0x46, 0x21, 0x46, 0x21, 0x46, 0x21, 0x46, 0x21, 0x46, 0x21,
  0x46, 0x21, 0x46, 0x21, 0x46, 0x21, 0x46, 0x21, 0x46, 0x21, 0x46, 0x21, 0x46, 0x21, 0x46, 0x21,
  0x46, 0x21, 0x46, 0x21, 0x46, 0x21, 0x46, 0x21, 0x46, 0x21, 0x46, 0x21, 0x46, 0x21, 0x46, 0x21,
  0x46, 0x21, 0x46, 0x21, 0x46, 0x21, 0x46, 0x21, 0x46, 0x21, 0x46, 0x21, 0x46, 0x21, 0x46, 0x21,
  0x46, 0x21, 0x46, 0x21, 0x46, 0x21, 0x46, 0x21, 0x46, 0x21, 0x46, 0x21, 0x46, 0x21, 0x46, 0x21,
  0x26, 0x21, 0xa7, 0x31, 0x6a, 0x4a, 0x66, 0x29, 0x86, 0x31, 0x86, 0x31, 0x86, 0x31, 0x86, 0x31,
  0x86, 0x31, 0x86, 0x31, 0xa6, 0x31, 0xa6, 0x31, 0xa6, 0x31, 0xa6, 0x31, 0xa6, 0x31, 0x86, 0x31,
  0x86, 0x31, 0xa6, 0x31, 0xa6, 0x31, 0xc7, 0x39, 0x66, 0x29, 0x92, 0x8c, 0x1a, 0xc6, 0x2d, 0x63,
  0x65, 0x29, 0xd4, 0x9c, 0x97, 0xb5, 0x28, 0x42, 0x49, 0x4a, 0xb8, 0xb5, 0x56, 0xad, 0xc7, 0x39,
  0xc7, 0x31, 0xc7, 0x39, 0xc7, 0x39, 0xa7, 0x31, 0xa6, 0x31, 0x86, 0x31, 0x86, 0x31, 0x66, 0x29,
  0x86, 0x31, 0x86, 0x29, 0x66, 0x29, 0x66, 0x29, 0x66, 0x29, 0x66, 0x29, 0x66, 0x29, 0x86, 0x29,
  0x66, 0x29, 0x66, 0x29, 0x66, 0x29, 0x66, 0x29, 0x86, 0x29, 0x86, 0x31, 0x86, 0x31, 0x05, 0x21,
  0x86, 0x31, 0xa7, 0x31, 0xa7, 0x31, 0xa7, 0x31, 0xa7, 0x31, 0xa7, 0x31, 0xa7, 0x31, 0x6a, 0x4a,
  0xaa, 0x52, 0xaa, 0x52, 0xaa, 0x52, 0xca, 0x52, 0xca, 0x52, 0xaa, 0x52, 0xcb, 0x52, 0xa6, 0x31,
  0x86, 0x29, 0xcb, 0x52, 0x2c, 0x63, 0x86, 0x29, 0xe8, 0x39, 0xeb, 0x5a, 0xeb, 0x5a, 0xcb, 0x5a,
  0xaa, 0x52, 0xcb, 0x5a, 0xeb, 0x5a, 0xeb, 0x5a, 0x0c, 0x5b, 0xaa, 0x52, 0xa7, 0x31, 0xa3, 0x10,
  0x23, 0x08, 0xc8, 0x39, 0xeb, 0x5a, 0xaa, 0x52, 0xca, 0x52, 0xca, 0x5a, 0xcb, 0x5a, 0xca, 0x5a,
  0xca, 0x5a, 0xca, 0x5a, 0xca, 0x5a, 0xeb, 0x5a, 0xaa, 0x52, 0x21, 0x00, 0xe8, 0x39, 0x6d, 0x6b,
  0xca, 0x52, 0x45, 0x29, 0xcb, 0x5a, 0xeb, 0x5a, 0xeb, 0x5a, 0xeb, 0x5a, 0xeb, 0x5a, 0xeb, 0x5a,
  0xeb, 0x5a, 0xca, 0x52, 0x8d, 0x73, 0x34, 0xa5, 0x13, 0x9d, 0x13, 0x9d, 0x34, 0xad, 0x34, 0xbd,
  0x34, 0xbd, 0x13, 0xad, 0x33, 0xad, 0xb5, 0xbd, 0x74, 0xb5, 0x33, 0xa5, 0x74, 0xad, 0x34, 0xa5,
  0x13, 0xa5, 0x14, 0xa5, 0x14, 0xa5, 0x14, 0xa5, 0x14, 0xa5, 0x14, 0xa5, 0x14, 0xa5, 0x14, 0xa5,
  0x14, 0xa5, 0x34, 0xa5, 0x14, 0xa5, 0x34, 0xa5, 0x34, 0xa5, 0x14, 0xa5, 0x34, 0xa5, 0x55, 0xad,
  0xec, 0x5a, 0x08, 0x42, 0x0c, 0x63, 0xcb, 0x5a, 0xaa, 0x52, 0x8a, 0x52, 0xae, 0x73, 0x87, 0x29,
  0x46, 0x21, 0x46, 0x21, 0x46, 0x21, 0x46, 0x21, 0x46, 0x21, 0x46, 0x21, 0x46, 0x21, 0x46, 0x21,
  0x46, 0x21, 0x46, 0x21, 0x46, 0x21, 0x46, 0x21, 0x46, 0x21, 0x46, 0x21, 0x46, 0x21, 0x46, 0x21,
  0x46, 0x21, 0x46, 0x21, 0x46, 0x21, 0x46, 0x21, 0x46, 0x21, 0x46, 0x21, 0x46, 0x21, 0x46, 0x21,
  0x46, 0x21, 0x46, 0x21, 0x46, 0x21, 0x46, 0x21, 0x46, 0x21, 0x46, 0x21, 0x46, 0x21, 0x46, 0x21,
  0x46, 0x21, 0x46, 0x21, 0x46, 0x21, 0x46, 0x21, 0x46, 0x21, 0x46, 0x21, 0x46, 0x21, 0x46, 0x21,
  0x46, 0x21, 0x46, 0x21, 0x46, 0x21, 0x46, 0x21, 0x46, 0x21, 0x46, 0x21, 0x46, 0x21, 0x46, 0x21,
  0x46, 0x21, 0x46, 0x21, 0x46, 0x21, 0x46, 0x21, 0x46, 0x21, 0x46, 0x21, 0x46, 0x21, 0x46, 0x21,
  0x46, 0x21, 0x46, 0x21, 0x46, 0x21, 0x46, 0x21, 0x46, 0x21, 0x46, 0x21, 0x46, 0x21, 0x46, 0x21,
  0x46, 0x21, 0x46, 0x21, 0x46, 0x21, 0x46, 0x21, 0x26, 0x21, 0xa7, 0x31, 0x8a, 0x4a, 0x65, 0x29,
  0x86, 0x31, 0x86, 0x31, 0x86, 0x31, 0x86, 0x31, 0x86, 0x31, 0x86, 0x31, 0x86, 0x31, 0x86, 0x31,
  0xa6, 0x31, 0xa6, 0x31, 0xa6, 0x31, 0x86, 0x31, 0xa6, 0x31, 0xa6, 0x31, 0xa6, 0x31, 0xa7, 0x31,
  0x86, 0x31, 0x52, 0x8c, 0x5a, 0xce, 0xec, 0x5a, 0x85, 0x31, 0x15, 0xa5, 0xd8, 0xbd, 0x8a, 0x52,
  0xa6, 0x31, 0x77, 0xad, 0x56, 0xa5, 0x08, 0x42, 0xa7, 0x31, 0xc7, 0x39, 0xa7, 0x31, 0xa6, 0x31,
  0x86, 0x31, 0x86, 0x31, 0x66, 0x29, 0x66, 0x29, 0x86, 0x29, 0x66, 0x29, 0x66, 0x29, 0x66, 0x29,
  0x66, 0x29, 0x66, 0x29, 0x86, 0x31, 0x66, 0x29, 0x66, 0x29, 0x66, 0x29, 0x66, 0x29, 0x66, 0x29,
  0x86, 0x29, 0x86, 0x31, 0x86, 0x31, 0x05, 0x21, 0x86, 0x31, 0xa7, 0x31, 0xa7, 0x31, 0xa7, 0x31,
  0xa7, 0x31, 0x87, 0x31, 0xa7, 0x31, 0x6a, 0x4a, 0xaa, 0x52, 0xaa, 0x52, 0xaa, 0x52, 0xaa, 0x52,
  0xaa, 0x52, 0x8a, 0x52, 0xca, 0x52, 0xa6, 0x31, 0x86, 0x29, 0xcb, 0x52, 0x2c, 0x63, 0x86, 0x29,
  0x08, 0x42, 0xeb, 0x5a, 0xeb, 0x5a, 0x0b, 0x5b, 0x0b, 0x5b, 0x0b, 0x5b, 0x0b, 0x5b, 0x0b, 0x63,
  0x2b, 0x63, 0xa9, 0x52, 0xc6, 0x39, 0xa3, 0x10, 0x23, 0x08, 0xa7, 0x31, 0xaa, 0x52, 0x8a, 0x52,
  0xaa, 0x52, 0xca, 0x52, 0xcb, 0x5a, 0xcb, 0x5a, 0xeb, 0x5a, 0xeb, 0x5a, 0xeb, 0x5a, 0xeb, 0x5a,
  0xeb, 0x5a, 0x42, 0x08, 0xe8, 0x39, 0x6d, 0x6b, 0xaa, 0x52, 0x45, 0x29, 0xcb, 0x5a, 0xeb, 0x5a,
  0xeb, 0x5a, 0xeb, 0x5a, 0xeb, 0x5a, 0xeb, 0x5a, 0xeb, 0x5a, 0xca, 0x52, 0x8e, 0x73, 0x34, 0xa5,
  0x13, 0xa5, 0x13, 0x9d, 0x34, 0xad, 0x34, 0xbd, 0x34, 0xbd, 0x13, 0xad, 0x54, 0xb5, 0x34, 0xad,
  0x33, 0xa5, 0xd5, 0xbd, 0x14, 0xa5, 0x13, 0x9d, 0x14, 0xa5, 0x14, 0xa5, 0x14, 0xa5, 0x14, 0xa5,
  0x14, 0xa5, 0x14, 0xa5, 0x14, 0xa5, 0x14, 0xa5, 0x14, 0xa5, 0x34, 0xa5, 0x34, 0xa5, 0x75, 0xad,
  0x75, 0xad, 0x75, 0xad, 0x75, 0xad, 0x76, 0xad, 0xcb, 0x5a, 0x08, 0x3a, 0x0c, 0x63, 0xcb, 0x5a,
  0xab, 0x52, 0x8a, 0x52, 0xae, 0x73, 0x87, 0x29, 0x46, 0x21, 0x46, 0x21, 0x46, 0x21, 0x46, 0x21,
  0x46, 0x21, 0x46, 0x21, 0x46, 0x21, 0x46, 0x21, 0x46, 0x21, 0x46, 0x21, 0x46, 0x21, 0x46, 0x21,
  0x46, 0x21, 0x46, 0x21, 0x46, 0x21, 0x46, 0x21, 0x46, 0x21, 0x46, 0x21, 0x46, 0x21, 0x46, 0x21,
  0x46, 0x21, 0x46, 0x21, 0x46, 0x21, 0x46, 0x21, 0x46, 0x21, 0x46, 0x21, 0x46, 0x21, 0x46, 0x21,
  0x46, 0x21, 0x46, 0x21, 0x46, 0x21, 0x46, 0x21, 0x46, 0x21, 0x46, 0x21, 0x46, 0x21, 0x46, 0x21,
  0x46, 0x21, 0x46, 0x21, 0x46, 0x21, 0x46, 0x21, 0x46, 0x21, 0x46, 0x21, 0x46, 0x21, 0x46, 0x21,
  0x46, 0x21, 0x46, 0x21, 0x46, 0x21, 0x46, 0x21, 0x46, 0x21, 0x46, 0x21, 0x46, 0x21, 0x46, 0x21,
  0x46, 0x21, 0x46, 0x21, 0x46, 0x21, 0x46, 0x21, 0x46, 0x21, 0x46, 0x21, 0x46, 0x21, 0x46, 0x21,
  0x46, 0x21, 0x46, 0x21, 0x46, 0x21, 0x46, 0x21, 0x46, 0x21, 0x46, 0x21, 0x46, 0x21, 0x46, 0x21,
  0x26, 0x21, 0xa7, 0x31, 0x8a, 0x52, 0x65, 0x29, 0x86, 0x31, 0x66, 0x29, 0x86, 0x31, 0x86, 0x31,
  0x86, 0x31, 0x86, 0x31, 0x86, 0x31, 0x86, 0x31, 0xa6, 0x31, 0x86, 0x31, 0x86, 0x31, 0x86, 0x31,
  0xa6, 0x31, 0xa6, 0x31, 0xa6, 0x31, 0xc7, 0x31, 0x66, 0x29, 0x72, 0x8c, 0x7b, 0xce, 0xab, 0x5a,
  0x86, 0x31, 0x15, 0xa5, 0x76, 0xad, 0x8a, 0x52, 0x86, 0x31, 0x15, 0xa5, 0x77, 0xad, 0x8b, 0x52,
  0x86, 0x31, 0xc7, 0x39, 0xa7, 0x31, 0x86, 0x31, 0x86, 0x29, 0x66, 0x29, 0x66, 0x29, 0x66, 0x29,
  0x86, 0x29, 0x66, 0x29, 0x66, 0x29, 0x66, 0x29, 0x66, 0x29, 0x66, 0x29, 0x86, 0x31, 0x66, 0x29,
  0x66, 0x29, 0x66, 0x29, 0x66, 0x29, 0x66, 0x29, 0x86, 0x29, 0x86, 0x31, 0x86, 0x31, 0x25, 0x21,
  0x86, 0x31, 0xa7, 0x31, 0xa7, 0x31, 0xa7, 0x31, 0xa7, 0x31, 0x87, 0x31, 0xa7, 0x31, 0x6a, 0x4a,
  0xaa, 0x52, 0xaa, 0x52, 0xaa, 0x52, 0xaa, 0x52, 0xaa, 0x52, 0x8a, 0x4a, 0xaa, 0x52, 0xa6, 0x31,
  0x66, 0x29, 0xab, 0x52, 0x2c, 0x63, 0x86, 0x31, 0xa7, 0x31, 0xaa, 0x52, 0x8a, 0x4a, 0x8a, 0x4a,
  0x8a, 0x4a, 0x8b, 0x4a, 0x6a, 0x4a, 0x6b, 0x4a, 0x6c, 0x42, 0x2d, 0x32, 0xab, 0x21, 0xa6, 0x10,
  0x44, 0x00, 0x4a, 0x42, 0x2d, 0x63, 0x0c, 0x5b, 0xec, 0x5a, 0x0c, 0x5b, 0x0d, 0x63, 0x0d, 0x5b,
  0xec, 0x5a, 0xec, 0x5a, 0xeb, 0x5a, 0x4d, 0x6b, 0x8a, 0x4a, 0xc6, 0x08, 0xe8, 0x39, 0xeb, 0x62,
  0x8a, 0x4a, 0x45, 0x29, 0xcb, 0x5a, 0xeb, 0x5a, 0xcb, 0x5a, 0xcb, 0x5a, 0xcb, 0x5a, 0xcb, 0x5a,
  0xeb, 0x5a, 0xcb, 0x52, 0x8d, 0x73, 0x34, 0xa5, 0x13, 0x9d, 0x13, 0xa5, 0x14, 0xb5, 0x13, 0xb5,
  0x54, 0xbd, 0x33, 0xb5, 0x13, 0xad, 0x13, 0xa5, 0x33, 0xa5, 0x75, 0xad, 0x34, 0xa5, 0x13, 0xa5,
  0x13, 0xa5, 0x14, 0xa5, 0x14, 0xa5, 0x14, 0xa5, 0x14, 0xa5, 0x14, 0xa5, 0x14, 0xa5, 0x14, 0xa5,
  0x14, 0xa5, 0x13, 0x9d, 0x14, 0x9d, 0x14, 0x9d, 0x14, 0xa5, 0x14, 0xa5, 0x14, 0xa5, 0x35, 0xa5,
  0xcb, 0x5a, 0x08, 0x3a, 0x0c, 0x63, 0xcb, 0x5a, 0xab, 0x52, 0x8a, 0x52, 0xcf, 0x73, 0x87, 0x29,
  0x46, 0x21, 0x46, 0x21, 0x46, 0x21, 0x46, 0x21, 0x46, 0x21, 0x46, 0x21, 0x46, 0x21, 0x46, 0x21,
  0x46, 0x21, 0x46, 0x21, 0x46, 0x21, 0x46, 0x21, 0x46, 0x21, 0x46, 0x21, 0x46, 0x21, 0x46, 0x21,
  0x46, 0x21, 0x46, 0x21, 0x46, 0x21, 0x46, 0x21, 0x46, 0x21, 0x46, 0x21, 0x46, 0x21, 0x46, 0x21,
  0x46, 0x21, 0x46, 0x21, 0x46, 0x21, 0x46, 0x21, 0x46, 0x21, 0x46, 0x21, 0x46, 0x21, 0x46, 0x21,
  0x46, 0x21, 0x46, 0x21, 0x46, 0x21, 0x46, 0x21, 0x46, 0x21, 0x46, 0x21, 0x46, 0x21, 0x46, 0x21,
  0x46, 0x21, 0x46, 0x21, 0x46, 0x21, 0x46, 0x21, 0x46, 0x21, 0x46, 0x21, 0x46, 0x21, 0x46, 0x21,
  0x46, 0x21, 0x46, 0x21, 0x46, 0x21, 0x46, 0x21, 0x46, 0x21, 0x46, 0x21, 0x46, 0x21, 0x46, 0x21,
  0x46, 0x21, 0x46, 0x21, 0x46, 0x21, 0x46, 0x21, 0x46, 0x21, 0x46, 0x21, 0x46, 0x21, 0x46, 0x21,
  0x46, 0x21, 0x46, 0x21, 0x46, 0x21, 0x46, 0x21, 0x26, 0x21, 0xa7, 0x31, 0x8a, 0x4a, 0x65, 0x29,
  0x86, 0x31, 0x66, 0x29, 0x66, 0x29, 0x86, 0x31, 0x86, 0x31, 0x86, 0x31, 0x86, 0x31, 0x86, 0x31,
  0xa6, 0x31, 0x86, 0x31, 0x86, 0x31, 0x86, 0x31, 0x86, 0x31, 0xa6, 0x31, 0xa6, 0x31, 0xc7, 0x39,
  0x65, 0x29, 0x72, 0x8c, 0x5a, 0xc6, 0xec, 0x5a, 0x86, 0x31, 0x8a, 0x52, 0x8a, 0x4a, 0x49, 0x4a,
  0xc7, 0x31, 0x76, 0xad, 0x76, 0xad, 0xab, 0x52, 0x86, 0x31, 0xa7, 0x39, 0xa7, 0x31, 0xa6, 0x31,
  0x86, 0x29, 0x66, 0x29, 0x66, 0x29, 0x66, 0x29, 0x66, 0x29, 0x66, 0x29, 0x66, 0x29, 0x66, 0x29,
  0x66, 0x29, 0x66, 0x29, 0x66, 0x29, 0x86, 0x31, 0x66, 0x29, 0x66, 0x29, 0x66, 0x29, 0x66, 0x29,
  0x66, 0x29, 0x86, 0x29, 0x86, 0x31, 0x05, 0x21, 0x86, 0x31, 0xa7, 0x31, 0xa7, 0x31, 0xa7, 0x31,
  0xa7, 0x31, 0xa7, 0x31, 0xa8, 0x31, 0x6a, 0x4a, 0xaa, 0x52, 0xaa, 0x52, 0xca, 0x52, 0xaa, 0x52,
  0xaa, 0x52, 0x8a, 0x4a, 0xaa, 0x52, 0x86, 0x31, 0x65, 0x21, 0xab, 0x52, 0x2c, 0x63, 0x65, 0x29,
  0x00, 0x00, 0x62, 0x08, 0x22, 0x00, 0x42, 0x00, 0x42, 0x00, 0x63, 0x00, 0x83, 0x08, 0x84, 0x08,
  0xe8, 0x10, 0x2b, 0x11, 0x2b, 0x11, 0xe8, 0x10, 0xa5, 0x10, 0x46, 0x29, 0x66, 0x29, 0x45, 0x21,
  0x25, 0x21, 0x25, 0x21, 0x46, 0x29, 0x66, 0x29, 0xa7, 0x31, 0xe7, 0x39, 0x69, 0x4a, 0xeb, 0x5a,
  0xcb, 0x52, 0x2f, 0x53, 0x0d, 0x5b, 0x57, 0x65, 0x2d, 0x43, 0x45, 0x29, 0xcb, 0x5a, 0xeb, 0x5a,
  0xcb, 0x5a, 0xcb, 0x5a, 0xcb, 0x5a, 0xcb, 0x5a, 0xeb, 0x5a, 0xaa, 0x52, 0x8e, 0x73, 0x34, 0xa5,
  0x13, 0xa5, 0x34, 0xbd, 0x34, 0xbd, 0x13, 0xb5, 0x13, 0xb5, 0x33, 0xad, 0x13, 0xad, 0x94, 0xb5,
  0x74, 0xad, 0x13, 0x9d, 0x75, 0xad, 0x34, 0xa5, 0x13, 0xa5, 0x14, 0xa5, 0x14, 0xa5, 0x14, 0xa5,
  0x14, 0xa5, 0x14, 0xa5, 0x14, 0xa5, 0x14, 0xa5, 0x34, 0xa5, 0x55, 0xa5, 0x34, 0xa5, 0x14, 0xa5,
  0x14, 0xa5, 0x14, 0xa5, 0x14, 0xa5, 0x55, 0xa5, 0xcb, 0x5a, 0x08, 0x3a, 0x0c, 0x63, 0xcb, 0x5a,
  0xcb, 0x5a, 0x8a, 0x52, 0xcf, 0x7b, 0x87, 0x29, 0x46, 0x21, 0x46, 0x21, 0x46, 0x21, 0x46, 0x21,
  0x46, 0x21, 0x46, 0x21, 0x46, 0x21, 0x46, 0x21, 0x46, 0x21, 0x46, 0x21, 0x46, 0x21, 0x46, 0x21,
  0x46, 0x21, 0x46, 0x21, 0x46, 0x21, 0x46, 0x21, 0x46, 0x21, 0x46, 0x21, 0x46, 0x21, 0x46, 0x21,
  0x46, 0x21, 0x46, 0x21, 0x46, 0x21, 0x46, 0x21, 0x46, 0x21, 0x46, 0x21, 0x46, 0x21, 0x46, 0x21,
  0x46, 0x21, 0x46, 0x21, 0x46, 0x21, 0x46, 0x21, 0x46, 0x21, 0x46, 0x21, 0x46, 0x21, 0x46, 0x21,
  0x46, 0x21, 0x46, 0x21, 0x46, 0x21, 0x46, 0x21, 0x46, 0x21, 0x46, 0x21, 0x46, 0x21, 0x46, 0x21,
  0x46, 0x21, 0x46, 0x21, 0x46, 0x21, 0x46, 0x21, 0x46, 0x21, 0x46, 0x21, 0x46, 0x21, 0x46, 0x21,
  0x46, 0x21, 0x46, 0x21, 0x46, 0x21, 0x46, 0x21, 0x46, 0x21, 0x46, 0x21, 0x46, 0x21, 0x46, 0x21,
  0x46, 0x21, 0x46, 0x21, 0x46, 0x21, 0x46, 0x21, 0x46, 0x21, 0x46, 0x21, 0x46, 0x21, 0x46, 0x21,
  0x26, 0x21, 0xa7, 0x31, 0x8a, 0x4a, 0x45, 0x29, 0x66, 0x29, 0x66, 0x29, 0x86, 0x31, 0x86, 0x31,
  0x86, 0x31, 0x86, 0x31, 0x86, 0x31, 0x86, 0x31, 0x86, 0x31, 0xa6, 0x31, 0x86, 0x31, 0x86, 0x31,
  0x86, 0x31, 0xa6, 0x31, 0xa6, 0x31, 0xa7, 0x31, 0x65, 0x29, 0x8f, 0x73, 0xf9, 0xbd, 0x31, 0x84,
  0x45, 0x29, 0xa6, 0x31, 0xa7, 0x31, 0x86, 0x31, 0x49, 0x42, 0xb7, 0xb5, 0x56, 0xa5, 0x29, 0x42,
  0xa7, 0x31, 0xa7, 0x31, 0xa7, 0x31, 0xa6, 0x31, 0x86, 0x31, 0x66, 0x29, 0x66, 0x29, 0x66, 0x29,
  0x66, 0x29, 0x66, 0x29, 0x66, 0x29, 0x66, 0x29, 0x66, 0x29, 0x66, 0x29, 0x66, 0x29, 0x86, 0x29,
  0x86, 0x29, 0x66, 0x29, 0x66, 0x29, 0x66, 0x29, 0x66, 0x29, 0x66, 0x29, 0x66, 0x29, 0x05, 0x21,
  0x66, 0x29, 0xa7, 0x31, 0xa7, 0x31, 0xa7, 0x31, 0xa7, 0x31, 0x87, 0x31, 0xa7, 0x31, 0x6a, 0x4a,
  0xaa, 0x52, 0xaa, 0x52, 0xaa, 0x52, 0xaa, 0x52, 0xaa, 0x52, 0x8a, 0x52, 0xaa, 0x52, 0x86, 0x31,
  0x45, 0x21, 0x8a, 0x4a, 0x0c, 0x63, 0xe7, 0x39, 0xe4, 0x18, 0x45, 0x21, 0x86, 0x29, 0xc7, 0x39,
  0x49, 0x42, 0x69, 0x4a, 0x8a, 0x52, 0xaa, 0x52, 0xca, 0x5a, 0xea, 0x5a, 0xea, 0x5a, 0xea, 0x5a,
  0xeb, 0x5a, 0xeb, 0x5a, 0x0b, 0x5b, 0x2c, 0x63, 0x4c, 0x63, 0x4c, 0x63, 0x4c, 0x63, 0x4c, 0x63,
  0x4c, 0x63, 0x2c, 0x63, 0x2c, 0x63, 0x0c, 0x63, 0xeb, 0x5a, 0xaa, 0x5a, 0xcb, 0x4a, 0xf2, 0x33,
  0xac, 0x32, 0x25, 0x29, 0xcb, 0x52, 0xcb, 0x5a, 0xcb, 0x5a, 0xcb, 0x5a, 0xcb, 0x5a, 0xcb, 0x5a,
  0xcb, 0x5a, 0xaa, 0x52, 0x8e, 0x73, 0x54, 0xa5, 0x34, 0xb5, 0x54, 0xc5, 0x13, 0xb5, 0x13, 0xb5,
  0x13, 0xad, 0x75, 0xbd, 0x34, 0xb5, 0x74, 0xb5, 0xf6, 0xc5, 0x13, 0x9d, 0x34, 0xa5, 0x14, 0xa5,
  0x13, 0x9d, 0x13, 0x9d, 0x14, 0xa5, 0x14, 0xa5, 0x14, 0xa5, 0x14, 0x9d, 0x14, 0x9d, 0x14, 0xa5,
  0x14, 0xa5, 0x34, 0xa5, 0x34, 0xa5, 0x34, 0xa5, 0x34, 0xa5, 0x34, 0xa5, 0x14, 0xa5, 0x35, 0xa5,
  0xcb, 0x5a, 0x08, 0x42, 0x0c, 0x63, 0xcb, 0x5a, 0xcb, 0x5a, 0x8a, 0x52, 0xcf, 0x7b, 0x87, 0x29,
  0x46, 0x21, 0x46, 0x21, 0x46, 0x21, 0x46, 0x21, 0x46, 0x21, 0x46, 0x21, 0x46, 0x21, 0x46, 0x21,
  0x46, 0x21, 0x46, 0x21, 0x46, 0x21, 0x46, 0x21, 0x46, 0x21, 0x46, 0x21, 0x46, 0x21, 0x46, 0x21,
  0x46, 0x21, 0x46, 0x21, 0x46, 0x21, 0x46, 0x21, 0x46, 0x21, 0x46, 0x21, 0x46, 0x21, 0x46, 0x21,
  0x46, 0x21, 0x46, 0x21, 0x46, 0x21, 0x46, 0x21, 0x46, 0x21, 0x46, 0x21, 0x46, 0x21, 0x46, 0x21,
  0x46, 0x21, 0x46, 0x21, 0x46, 0x21, 0x46, 0x21, 0x46, 0x21, 0x46, 0x21, 0x46, 0x21, 0x46, 0x21,
  0x46, 0x21, 0x46, 0x21, 0x46, 0x21, 0x46, 0x21, 0x46, 0x21, 0x46, 0x21, 0x46, 0x21, 0x46, 0x21,
  0x46, 0x21, 0x46, 0x21, 0x46, 0x21, 0x46, 0x21, 0x46, 0x21, 0x46, 0x21, 0x46, 0x21, 0x46, 0x21,
  0x46, 0x21, 0x46, 0x21, 0x46, 0x21, 0x46, 0x21, 0x46, 0x21, 0x46, 0x21, 0x46, 0x21, 0x46, 0x21,
  0x46, 0x21, 0x46, 0x21, 0x46, 0x21, 0x46, 0x21, 0x26, 0x21, 0xa7, 0x31, 0x8a, 0x4a, 0x45, 0x29,
  0x66, 0x29, 0x66, 0x29, 0x66, 0x29, 0x86, 0x31, 0x86, 0x31, 0x86, 0x31, 0x66, 0x29, 0x86, 0x31,
  0x86, 0x31, 0x86, 0x31, 0xa6, 0x31, 0x86, 0x31, 0x86, 0x31, 0xa6, 0x31, 0x86, 0x31, 0xa6, 0x31,
  0x66, 0x29, 0xab, 0x52, 0x97, 0xb5, 0x97, 0xb5, 0x0c, 0x63, 0x45, 0x29, 0x86, 0x31, 0x65, 0x29,
  0xd0, 0x7b, 0xb8, 0xb5, 0x36, 0xa5, 0xc7, 0x39, 0xa7, 0x31, 0xa7, 0x31, 0xa6, 0x31, 0x86, 0x31,
  0x86, 0x31, 0x66, 0x29, 0x66, 0x29, 0x66, 0x29, 0x66, 0x29, 0x66, 0x29, 0x66, 0x29, 0x45, 0x29,
  0x66, 0x29, 0x66, 0x29, 0x66, 0x29, 0x66, 0x29, 0x66, 0x29, 0x66, 0x29, 0x66, 0x29, 0x66, 0x29,
  0x46, 0x29, 0x66, 0x29, 0x86, 0x29, 0x05, 0x21, 0x86, 0x29, 0x86, 0x31, 0x86, 0x31, 0x86, 0x31,
  0xa7, 0x31, 0xa7, 0x31, 0xa8, 0x31, 0x6a, 0x4a, 0xaa, 0x52, 0xaa, 0x52, 0xaa, 0x52, 0xaa, 0x52,
  0xaa, 0x52, 0x8a, 0x52, 0xaa, 0x52, 0x86, 0x31, 0x65, 0x21, 0xcb, 0x52, 0x0c, 0x63, 0x0c, 0x63,
  0x2c, 0x63, 0x4c, 0x63, 0x2c, 0x63, 0x2c, 0x63, 0x0c, 0x63, 0xec, 0x5a, 0xeb, 0x5a, 0xcb, 0x52,
  0xaa, 0x52, 0x8a, 0x52, 0x8a, 0x4a, 0x69, 0x4a, 0x69, 0x4a, 0x28, 0x42, 0xe8, 0x39, 0xc7, 0x31,
  0x86, 0x31, 0x45, 0x29, 0x25, 0x21, 0x04, 0x21, 0xe4, 0x18, 0xe3, 0x18, 0xe4, 0x18, 0xe4, 0x18,
  0x04, 0x19, 0x04, 0x21, 0x04, 0x21, 0xe4, 0x18, 0x05, 0x21, 0x46, 0x29, 0xaa, 0x52, 0xcb, 0x5a,
  0xcb, 0x5a, 0xcb, 0x5a, 0xcb, 0x5a, 0xcb, 0x5a, 0xeb, 0x5a, 0xaa, 0x52, 0x8e, 0x6b, 0x34, 0xa5,
  0x13, 0xa5, 0x34, 0xad, 0xf3, 0xa4, 0x33, 0xb5, 0xf3, 0xac, 0x75, 0xbd, 0x54, 0xb5, 0x13, 0xad,
  0x33, 0xa5, 0x54, 0xad, 0x34, 0xa5, 0xf3, 0x9c, 0x13, 0x9d, 0x13, 0x9d, 0x13, 0x9d, 0x14, 0xa5,
  0x14, 0xa5, 0x14, 0x9d, 0x14, 0x9d, 0x14, 0xa5, 0x14, 0xa5, 0x14, 0x9d, 0x55, 0xad, 0x95, 0xb5,
  0x95, 0xb5, 0x95, 0xad, 0x34, 0xa5, 0x35, 0xa5, 0xab, 0x52, 0x08, 0x3a, 0x0c, 0x63, 0xeb, 0x5a,
  0xcb, 0x5a, 0x8a, 0x52, 0xf0, 0x7b, 0x87, 0x29, 0x46, 0x21, 0x46, 0x21, 0x46, 0x21, 0x46, 0x21,
  0x46, 0x21, 0x46, 0x21, 0x46, 0x21, 0x46, 0x21, 0x46, 0x21, 0x46, 0x21, 0x46, 0x21, 0x46, 0x21,
  0x46, 0x21, 0x46, 0x21, 0x46, 0x21, 0x46, 0x21, 0x46, 0x21, 0x46, 0x21, 0x46, 0x21, 0x46, 0x21,
  0x46, 0x21, 0x46, 0x21, 0x46, 0x21, 0x46, 0x21, 0x46, 0x21, 0x46, 0x21, 0x46, 0x21, 0x46, 0x21,
  0x46, 0x21, 0x46, 0x21, 0x46, 0x21, 0x46, 0x21, 0x46, 0x21, 0x46, 0x21, 0x46, 0x21, 0x46, 0x21,
  0x46, 0x21, 0x46, 0x21, 0x46, 0x21, 0x46, 0x21, 0x46, 0x21, 0x46, 0x21, 0x46, 0x21, 0x46, 0x21,
  0x46, 0x21, 0x46, 0x21, 0x46, 0x21, 0x46, 0x21, 0x46, 0x21, 0x46, 0x21, 0x46, 0x21, 0x46, 0x21,
  0x46, 0x21, 0x46, 0x21, 0x46, 0x21, 0x46, 0x21, 0x46, 0x21, 0x46, 0x21, 0x46, 0x21, 0x46, 0x21,
  0x46, 0x21, 0x46, 0x21, 0x46, 0x21, 0x46, 0x21, 0x46, 0x21, 0x46, 0x21, 0x46, 0x21, 0x46, 0x21,
  0x26, 0x21, 0xa7, 0x31, 0x6a, 0x4a, 0x45, 0x29, 0x66, 0x29, 0x66, 0x29, 0x66, 0x29, 0x86, 0x31,
  0x86, 0x31, 0x86, 0x31, 0x66, 0x29, 0x66, 0x29, 0x86, 0x31, 0x86, 0x31, 0x86, 0x31, 0x86, 0x31,
  0x86, 0x31, 0x86, 0x31, 0x86, 0x31, 0x86, 0x31, 0xa7, 0x31, 0x86, 0x31, 0xb4, 0x94, 0xb8, 0xb5,
  0xb8, 0xb5, 0xf0, 0x7b, 0x8b, 0x52, 0x11, 0x84, 0xb8, 0xb5, 0xd8, 0xb5, 0x72, 0x8c, 0x86, 0x31,
  0xa7, 0x31, 0xa7, 0x31, 0xa6, 0x31, 0x86, 0x31, 0x86, 0x29, 0x66, 0x29, 0x66, 0x29, 0x66, 0x29,
  0x66, 0x29, 0x66, 0x29, 0x45, 0x29, 0x45, 0x29, 0x45, 0x29, 0x45, 0x29, 0x66, 0x29, 0x66, 0x29,
  0x66, 0x29, 0x66, 0x29, 0x66, 0x29, 0x66, 0x29, 0x45, 0x29, 0x66, 0x29, 0x86, 0x29, 0x05, 0x21,
  0x66, 0x29, 0x86, 0x31, 0x86, 0x31, 0x87, 0x31, 0x87, 0x31, 0x87, 0x31, 0xa7, 0x31, 0x6a, 0x4a,
  0xaa, 0x52, 0xaa, 0x52, 0xaa, 0x52, 0xaa, 0x52, 0xaa, 0x52, 0xaa, 0x52, 0x8a, 0x52, 0x86, 0x29,
  0x45, 0x21, 0x08, 0x3a, 0x08, 0x3a, 0xc7, 0x31, 0x66, 0x29, 0x45, 0x21, 0x04, 0x19, 0xe4, 0x18,
  0xc3, 0x18, 0xa3, 0x10, 0xa3, 0x10, 0xa3, 0x10, 0xc3, 0x18, 0xe3, 0x18, 0xe3, 0x18, 0x04, 0x19,
  0x24, 0x21, 0x24, 0x21, 0x24, 0x21, 0x45, 0x21, 0x65, 0x29, 0x86, 0x29, 0xa6, 0x31, 0xe7, 0x39,
  0x28, 0x42, 0x49, 0x4a, 0x69, 0x4a, 0xaa, 0x52, 0xcb, 0x5a, 0xeb, 0x5a, 0xeb, 0x5a, 0xeb, 0x5a,
  0x2c, 0x63, 0x89, 0x4a, 0x89, 0x4a, 0xcb, 0x5a, 0xcb, 0x5a, 0xcb, 0x52, 0xcb, 0x52, 0xcb, 0x52,
  0xcb, 0x5a, 0xaa, 0x52, 0x8d, 0x6b, 0x34, 0xa5, 0x13, 0x9d, 0x13, 0x9d, 0x13, 0x9d, 0x34, 0xbd,
  0x13, 0xb5, 0x13, 0xad, 0x13, 0xa5, 0x14, 0xa5, 0x13, 0xa5, 0x13, 0xa5, 0x13, 0x9d, 0x13, 0x9d,
  0xf3, 0x9c, 0x13, 0x9d, 0x13, 0x9d, 0x14, 0x9d, 0x14, 0x9d, 0x14, 0x9d, 0x14, 0xa5, 0x14, 0xa5,
  0x34, 0xa5, 0x96, 0xa5, 0x55, 0xa5, 0x55, 0xad, 0x54, 0xa5, 0x54, 0xa5, 0x54, 0xa5, 0x55, 0xa5,
  0x8b, 0x52, 0x08, 0x42, 0x0c, 0x63, 0xcb, 0x5a, 0xcb, 0x5a, 0x8a, 0x52, 0xf0, 0x7b, 0x87, 0x29,
  0x46, 0x21, 0x46, 0x21, 0x46, 0x21, 0x46, 0x21, 0x46, 0x21, 0x46, 0x21, 0x46, 0x21, 0x46, 0x21,
  0x46, 0x21, 0x46, 0x21, 0x46, 0x21, 0x46, 0x21, 0x46, 0x21, 0x46, 0x21, 0x46, 0x21, 0x46, 0x21,
  0x46, 0x21, 0x46, 0x21, 0x46, 0x21, 0x46, 0x21, 0x46, 0x21, 0x46, 0x21, 0x46, 0x21, 0x46, 0x21,
  0x46, 0x21, 0x46, 0x21, 0x46, 0x21, 0x46, 0x21, 0x46, 0x21, 0x46, 0x21, 0x46, 0x21, 0x46, 0x21,
  0x46, 0x21, 0x46, 0x21, 0x46, 0x21, 0x46, 0x21, 0x46, 0x21, 0x46, 0x21, 0x46, 0x21, 0x46, 0x21,
  0x46, 0x21, 0x46, 0x21, 0x46, 0x21, 0x46, 0x21, 0x46, 0x21, 0x46, 0x21, 0x46, 0x21, 0x46, 0x21,
  0x46, 0x21, 0x46, 0x21, 0x46, 0x21, 0x46, 0x21, 0x46, 0x21, 0x46, 0x21, 0x46, 0x21, 0x46, 0x21,
  0x46, 0x21, 0x46, 0x21, 0x46, 0x21, 0x46, 0x21, 0x46, 0x21, 0x46, 0x21, 0x46, 0x21, 0x46, 0x21,
  0x46, 0x21, 0x46, 0x21, 0x46, 0x21, 0x46, 0x21, 0x26, 0x21, 0xa8, 0x31, 0x6a, 0x4a, 0x45, 0x29,
  0x66, 0x29, 0x66, 0x29, 0x66, 0x29, 0x86, 0x31, 0x86, 0x31, 0x86, 0x31, 0x66, 0x29, 0x86, 0x31,
  0x86, 0x31, 0x86, 0x31, 0x86, 0x31, 0x86, 0x31, 0x86, 0x31, 0x86, 0x31, 0x86, 0x31, 0x86, 0x31,
  0xa7, 0x31, 0x66, 0x29, 0xab, 0x52, 0xb8, 0xb5, 0xb8, 0xb5, 0xf9, 0xbd, 0xf9, 0xbd, 0xd8, 0xbd,
  0xb7, 0xb5, 0xb8, 0xb5, 0xab, 0x52, 0x66, 0x29, 0xc7, 0x31, 0xa6, 0x31, 0x86, 0x31, 0x86, 0x31,
  0x86, 0x29, 0x66, 0x29, 0x66, 0x29, 0x66, 0x29, 0x66, 0x29, 0x66, 0x29, 0x45, 0x29, 0x45, 0x29,
  0x45, 0x29, 0x45, 0x29, 0x66, 0x29, 0x66, 0x29, 0x66, 0x29, 0x66, 0x29, 0x66, 0x29, 0x66, 0x29,
  0x45, 0x29, 0x66, 0x29, 0x66, 0x29, 0x05, 0x21, 0x66, 0x29, 0x86, 0x31, 0x86, 0x31, 0x87, 0x31,
  0xa7, 0x31, 0x86, 0x31, 0xa7, 0x31, 0x69, 0x4a, 0xaa, 0x52, 0xaa, 0x52, 0xaa, 0x52, 0xaa, 0x52,
  0xaa, 0x52, 0x8a, 0x4a, 0x89, 0x4a, 0x86, 0x29, 0x04, 0x19, 0x25, 0x21, 0x24, 0x21, 0x04, 0x19,
  0x45, 0x21, 0x86, 0x29, 0xa6, 0x31, 0xc7, 0x39, 0x08, 0x42, 0x49, 0x4a, 0x69, 0x4a, 0x89, 0x4a,
  0xaa, 0x52, 0xcb, 0x5a, 0xeb, 0x5a, 0x0c, 0x63, 0x0c, 0x63, 0x0c, 0x63, 0x0c, 0x63, 0x0b, 0x5b,
  0x0b, 0x63, 0x0b, 0x5b, 0xeb, 0x5a, 0xeb, 0x5a, 0xeb, 0x5a, 0xeb, 0x5a, 0xcb, 0x52, 0xaa, 0x52,
  0xaa, 0x52, 0x8a, 0x52, 0x6a, 0x4a, 0x69, 0x4a, 0x8a, 0x4a, 0x69, 0x4a, 0x89, 0x4a, 0xcb, 0x52,
  0xcb, 0x52, 0xcb, 0x52, 0xcb, 0x52, 0xcb, 0x52, 0xcb, 0x5a, 0xaa, 0x52, 0x8d, 0x6b, 0x34, 0xa5,
  0x13, 0x9d, 0x13, 0x9d, 0x13, 0x9d, 0x34, 0xb5, 0x34, 0xb5, 0x13, 0xa5, 0x13, 0xa5, 0x13, 0xa5,
  0x13, 0x9d, 0x13, 0x9d, 0x13, 0x9d, 0x13, 0x9d, 0xf3, 0x9c, 0xf3, 0x9c, 0x13, 0x9d, 0x13, 0x9d,
  0x14, 0xa5, 0x14, 0x9d, 0x14, 0x9d, 0x14, 0xa5, 0x34, 0xa5, 0x75, 0xa5, 0x34, 0xa5, 0x54, 0xa5,
  0x54, 0xa5, 0x54, 0xa5, 0x34, 0xa5, 0x55, 0xa5, 0x8a, 0x52, 0x08, 0x42, 0x0c, 0x63, 0xcb, 0x5a,
  0xcb, 0x5a, 0x8a, 0x52, 0x10, 0x7c, 0x87, 0x29, 0x46, 0x21, 0x46, 0x21, 0x46, 0x21, 0x46, 0x21,
  0x46, 0x21, 0x46, 0x21, 0x46, 0x21, 0x46, 0x21, 0x46, 0x21, 0x46, 0x21, 0x46, 0x21, 0x46, 0x21,
  0x46, 0x21, 0x46, 0x21, 0x46, 0x21, 0x46, 0x21, 0x46, 0x21, 0x46, 0x21, 0x46, 0x21, 0x46, 0x21,
  0x46, 0x21, 0x46, 0x21, 0x46, 0x21, 0x46, 0x21, 0x46, 0x21, 0x46, 0x21, 0x46, 0x21, 0x46, 0x21,
  0x46, 0x21, 0x46, 0x21, 0x46, 0x21, 0x46, 0x21, 0x46, 0x21, 0x46, 0x21, 0x46, 0x21, 0x46, 0x21,
  0x46, 0x21, 0x46, 0x21, 0x46, 0x21, 0x46, 0x21, 0x46, 0x21, 0x46, 0x21, 0x46, 0x21, 0x46, 0x21,
  0x46, 0x21, 0x46, 0x21, 0x46, 0x21, 0x46, 0x21, 0x46, 0x21, 0x46, 0x21, 0x46, 0x21, 0x46, 0x21,
  0x46, 0x21, 0x46, 0x21, 0x46, 0x21, 0x46, 0x21, 0x46, 0x21, 0x46, 0x21, 0x46, 0x21, 0x46, 0x21,
  0x46, 0x21, 0x46, 0x21, 0x46, 0x21, 0x46, 0x21, 0x46, 0x21, 0x46, 0x21, 0x46, 0x21, 0x46, 0x21,
  0x26, 0x21, 0xa8, 0x31, 0x8a, 0x4a, 0x45, 0x29, 0x66, 0x29, 0x65, 0x29, 0x66, 0x29, 0x86, 0x31,
  0x86, 0x31, 0x86, 0x31, 0x86, 0x31, 0x66, 0x29, 0x86, 0x31, 0x86, 0x31, 0x86, 0x31, 0x86, 0x31,
  0x86, 0x31, 0x86, 0x31, 0xa6, 0x31, 0x86, 0x31, 0xa6, 0x31, 0xa7, 0x31, 0x66, 0x29, 0x8f, 0x73,
  0xd8, 0xbd, 0xf9, 0xbd, 0xd8, 0xbd, 0xf9, 0xbd, 0xf9, 0xbd, 0xd0, 0x7b, 0x65, 0x29, 0xa7, 0x31,
  0xa6, 0x31, 0xa6, 0x31, 0x86, 0x31, 0x86, 0x31, 0x66, 0x29, 0x66, 0x29, 0x45, 0x29, 0x45, 0x29,
  0x45, 0x29, 0x66, 0x29, 0x45, 0x29, 0x45, 0x29, 0x45, 0x29, 0x45, 0x29, 0x66, 0x29, 0x66, 0x29,
  0x66, 0x29, 0x66, 0x29, 0x66, 0x29, 0x66, 0x29, 0x45, 0x29, 0x46, 0x29, 0x66, 0x29, 0x05, 0x21,
  0x66, 0x29, 0x86, 0x31, 0x86, 0x31, 0x86, 0x31, 0x87, 0x31, 0x86, 0x31, 0x87, 0x31, 0x69, 0x4a,
  0xaa, 0x52, 0xaa, 0x52, 0xaa, 0x52, 0xaa, 0x52, 0x8a, 0x52, 0x6a, 0x4a, 0x69, 0x4a, 0x45, 0x29,
  0xa7, 0x31, 0x4d, 0x6b, 0x6d, 0x6b, 0x4d, 0x6b, 0x4d, 0x6b, 0x4c, 0x6b, 0x2c, 0x63, 0x0c, 0x63,
  0xeb, 0x5a, 0xeb, 0x5a, 0xaa, 0x52, 0x89, 0x4a, 0x69, 0x4a, 0x69, 0x4a, 0x69, 0x4a, 0x69, 0x4a,
  0x69, 0x4a, 0x49, 0x4a, 0x49, 0x42, 0x49, 0x42, 0x49, 0x4a, 0x49, 0x4a, 0x49, 0x4a, 0x29, 0x42,
  0x49, 0x42, 0x49, 0x4a, 0x49, 0x4a, 0x49, 0x42, 0x49, 0x4a, 0x49, 0x4a, 0x49, 0x4a, 0x49, 0x4a,
  0x49, 0x4a, 0x28, 0x42, 0x69, 0x4a, 0xaa, 0x52, 0xaa, 0x52, 0xca, 0x52, 0xcb, 0x52, 0xcb, 0x52,
  0xcb, 0x5a, 0xaa, 0x52, 0x8d, 0x6b, 0x34, 0xa5, 0x13, 0x9d, 0x13, 0x9d, 0x13, 0x9d, 0x33, 0xa5,
  0x13, 0x9d, 0x13, 0x9d, 0x13, 0x9d, 0x13, 0x9d, 0x13, 0x9d, 0x13, 0x9d, 0x13, 0x9d, 0xf3, 0x9c,
  0x13, 0x9d, 0xf3, 0x9c, 0x13, 0x9d, 0x14, 0x9d, 0x14, 0x9d, 0x14, 0x9d, 0x14, 0x9d, 0x14, 0x9d,
  0x14, 0x9d, 0x13, 0x9d, 0x34, 0xa5, 0x55, 0xa5, 0x55, 0xa5, 0x54, 0xa5, 0x34, 0xa5, 0x35, 0xa5,
  0x8a, 0x52, 0x08, 0x42, 0x0c, 0x63, 0xcb, 0x5a, 0xcb, 0x5a, 0x8a, 0x52, 0x10, 0x84, 0x87, 0x29,
  0x46, 0x21, 0x46, 0x21, 0x46, 0x21, 0x46, 0x21, 0x46, 0x21, 0x46, 0x21, 0x46, 0x21, 0x46, 0x21,
  0x46, 0x21, 0x46, 0x21, 0x46, 0x21, 0x46, 0x21, 0x46, 0x21, 0x46, 0x21, 0x46, 0x21, 0x46, 0x21,
  0x46, 0x21, 0x46, 0x21, 0x46, 0x21, 0x46, 0x21, 0x46, 0x21, 0x46, 0x21, 0x46, 0x21, 0x46, 0x21,
  0x46, 0x21, 0x46, 0x21, 0x46, 0x21, 0x46, 0x21, 0x46, 0x21, 0x46, 0x21, 0x46, 0x21, 0x46, 0x21,
  0x46, 0x21, 0x46, 0x21, 0x46, 0x21, 0x46, 0x21, 0x46, 0x21, 0x46, 0x21, 0x46, 0x21, 0x46, 0x21,
  0x46, 0x21, 0x46, 0x21, 0x46, 0x21, 0x46, 0x21, 0x46, 0x21, 0x46, 0x21, 0x46, 0x21, 0x46, 0x21,
  0x46, 0x21, 0x46, 0x21, 0x46, 0x21, 0x46, 0x21, 0x46, 0x21, 0x46, 0x21, 0x46, 0x21, 0x46, 0x21,
  0x46, 0x21, 0x46, 0x21, 0x46, 0x21, 0x46, 0x21, 0x46, 0x21, 0x46, 0x21, 0x46, 0x21, 0x46, 0x21,
  0x46, 0x21, 0x46, 0x21, 0x46, 0x21, 0x46, 0x21, 0x26, 0x21, 0xa8, 0x31, 0x8a, 0x4a, 0x45, 0x21,
  0x66, 0x29, 0x65, 0x29, 0x66, 0x29, 0x86, 0x31, 0x86, 0x31, 0x86, 0x31, 0x86, 0x31, 0x86, 0x31,
  0x86, 0x31, 0x86, 0x31, 0x86, 0x31, 0x86, 0x31, 0x86, 0x31, 0x86, 0x31, 0x86, 0x31, 0x86, 0x31,
  0xa6, 0x31, 0x86, 0x31, 0xa7, 0x31, 0x45, 0x29, 0xec, 0x5a, 0xd4, 0x9c, 0xb4, 0x94, 0xd4, 0x94,
  0x6e, 0x6b, 0x86, 0x31, 0xa7, 0x31, 0xa7, 0x31, 0xa6, 0x31, 0x86, 0x31, 0x86, 0x31, 0x86, 0x29,
  0x66, 0x29, 0x45, 0x29, 0x45, 0x29, 0x45, 0x29, 0x45, 0x29, 0x45, 0x29, 0x45, 0x29, 0x45, 0x29,
  0x45, 0x29, 0x45, 0x29, 0x45, 0x29, 0x66, 0x29, 0x66, 0x29, 0x66, 0x29, 0x66, 0x29, 0x66, 0x29,
  0x46, 0x29, 0x66, 0x29, 0x66, 0x29, 0x05, 0x21, 0x86, 0x29, 0x86, 0x31, 0x86, 0x31, 0x86, 0x31,
  0x86, 0x31, 0x86, 0x31, 0x87, 0x31, 0x69, 0x4a, 0x8a, 0x52, 0x8a, 0x52, 0xaa, 0x52, 0x8a, 0x52,
  0x8a, 0x52, 0x6a, 0x4a, 0x6a, 0x4a, 0x25, 0x21, 0x25, 0x21, 0x8a, 0x52, 0xaa, 0x52, 0x8a, 0x52,
  0x8a, 0x52, 0x8a, 0x52, 0x6a, 0x4a, 0x49, 0x4a, 0x49, 0x4a, 0x49, 0x4a, 0x49, 0x42, 0x28, 0x42,
  0x29, 0x42, 0x29, 0x42, 0x29, 0x42, 0x49, 0x4a, 0x49, 0x4a, 0x49, 0x4a, 0x49, 0x4a, 0x49, 0x4a,
  0x49, 0x4a, 0x49, 0x4a, 0x49, 0x4a, 0x49, 0x4a, 0x49, 0x4a, 0x49, 0x4a, 0x49, 0x4a, 0x49, 0x4a,
  0x49, 0x4a, 0x49, 0x4a, 0x49, 0x4a, 0x49, 0x4a, 0x49, 0x4a, 0x28, 0x42, 0x49, 0x4a, 0xaa, 0x52,
  0xaa, 0x52, 0xaa, 0x52, 0xcb, 0x52, 0xca, 0x52, 0xcb, 0x5a, 0xaa, 0x52, 0x8e, 0x6b, 0x34, 0xa5,
  0x13, 0x9d, 0x13, 0x9d, 0x13, 0x9d, 0x54, 0xa5, 0x13, 0x9d, 0x13, 0x9d, 0x13, 0x9d, 0x13, 0x9d,
  0x13, 0x9d, 0x13, 0x9d, 0x13, 0x9d, 0xf3, 0x9c, 0xf3, 0x9c, 0xf3, 0x9c, 0x13, 0x9d, 0x14, 0x9d,
  0x14, 0x9d, 0x14, 0xa5, 0x14, 0xa5, 0x14, 0xa5, 0x14, 0xa5, 0x14, 0x9d, 0x34, 0xa5, 0x34, 0xa5,
  0x34, 0xa5, 0x34, 0xa5, 0x13, 0xa5, 0x35, 0xa5, 0x8a, 0x52, 0x08, 0x42, 0x0c, 0x63, 0xcb, 0x5a,
  0xcb, 0x5a, 0x8a, 0x52, 0x10, 0x84, 0x87, 0x29, 0x46, 0x21, 0x46, 0x21, 0x46, 0x21, 0x46, 0x21,
  0x46, 0x21, 0x46, 0x21, 0x46, 0x21, 0x46, 0x21, 0x46, 0x21, 0x46, 0x21, 0x46, 0x21, 0x46, 0x21,
  0x46, 0x21, 0x46, 0x21, 0x46, 0x21, 0x46, 0x21, 0x46, 0x21, 0x46, 0x21, 0x46, 0x21, 0x46, 0x21,
  0x46, 0x21, 0x46, 0x21, 0x46, 0x21, 0x46, 0x21, 0x46, 0x21, 0x46, 0x21, 0x46, 0x21, 0x46, 0x21,
  0x46, 0x21, 0x46, 0x21, 0x46, 0x21, 0x46, 0x21, 0x46, 0x21, 0x46, 0x21, 0x46, 0x21, 0x46, 0x21,
  0x46, 0x21, 0x46, 0x21, 0x46, 0x21, 0x46, 0x21, 0x46, 0x21, 0x46, 0x21, 0x46, 0x21, 0x46, 0x21,
  0x46, 0x21, 0x46, 0x21, 0x46, 0x21, 0x46, 0x21, 0x46, 0x21, 0x46, 0x21, 0x46, 0x21, 0x46, 0x21,
  0x46, 0x21, 0x46, 0x21, 0x46, 0x21, 0x46, 0x21, 0x46, 0x21, 0x46, 0x21, 0x46, 0x21, 0x46, 0x21,
  0x46, 0x21, 0x46, 0x21, 0x46, 0x21, 0x46, 0x21, 0x46, 0x21, 0x46, 0x21, 0x46, 0x21, 0x46, 0x21,
  0x26, 0x21, 0xa8, 0x31, 0x8a, 0x4a, 0x25, 0x21, 0x66, 0x29, 0x65, 0x29, 0x66, 0x29, 0x66, 0x29,
  0x66, 0x29, 0x86, 0x31, 0x86, 0x31, 0x86, 0x31, 0x86, 0x31, 0x86, 0x31, 0x86, 0x31, 0x86, 0x31,
  0x86, 0x31, 0x86, 0x31, 0x86, 0x31, 0x86, 0x31, 0x86, 0x31, 0x86, 0x31, 0x66, 0x29, 0xc7, 0x39,
  0x66, 0x29, 0x24, 0x21, 0xc7, 0x39, 0x86, 0x31, 0x66, 0x29, 0xa6, 0x31, 0x86, 0x31, 0xa7, 0x31,
  0xa6, 0x31, 0x86, 0x31, 0x86, 0x31, 0x66, 0x29, 0x66, 0x29, 0x45, 0x29, 0x45, 0x29, 0x45, 0x29,
  0x45, 0x29, 0x45, 0x29, 0x45, 0x29, 0x45, 0x29, 0x45, 0x29, 0x45, 0x29, 0x45, 0x29, 0x66, 0x29,
  0x66, 0x29, 0x66, 0x29, 0x66, 0x29, 0x66, 0x29, 0x46, 0x29, 0x66, 0x29, 0x66, 0x29, 0x05, 0x21,
  0x66, 0x29, 0x86, 0x31, 0x86, 0x31, 0x86, 0x31, 0x86, 0x31, 0x86, 0x31, 0x87, 0x31, 0x49, 0x4a,
  0x8a, 0x52, 0x8a, 0x52, 0xaa, 0x52, 0x8a, 0x52, 0x8a, 0x52, 0x8a, 0x52, 0x8a, 0x4a, 0x25, 0x21,
  0x05, 0x21, 0x8a, 0x4a, 0xaa, 0x52, 0x8a, 0x52, 0x8a, 0x52, 0x8a, 0x52, 0x8a, 0x52, 0x6a, 0x4a,
  0x69, 0x4a, 0x69, 0x4a, 0x49, 0x4a, 0x49, 0x42, 0x29, 0x42, 0x29, 0x42, 0x29, 0x42, 0x49, 0x4a,
  0x49, 0x4a, 0x49, 0x42, 0x49, 0x4a, 0x49, 0x4a, 0x49, 0x4a, 0x49, 0x4a, 0x49, 0x4a, 0x49, 0x4a,
  0x49, 0x4a, 0x49, 0x4a, 0x49, 0x4a, 0x69, 0x4a, 0x89, 0x4a, 0x49, 0x4a, 0x49, 0x4a, 0x49, 0x4a,
  0x49, 0x4a, 0x28, 0x42, 0x69, 0x4a, 0xca, 0x52, 0xaa, 0x52, 0xaa, 0x52, 0xca, 0x52, 0xca, 0x52,
  0xcb, 0x5a, 0x8a, 0x52, 0x8d, 0x6b, 0x34, 0xa5, 0x13, 0x9d, 0x13, 0x9d, 0x13, 0x9d, 0x75, 0xad,
  0x13, 0xa5, 0x13, 0x9d, 0x13, 0x9d, 0x13, 0x9d, 0x13, 0x9d, 0xf3, 0x9c, 0xf3, 0x9c, 0xf3, 0x9c,
  0xf3, 0x9c, 0x13, 0x9d, 0xf3, 0x9c, 0x13, 0x9d, 0x13, 0x9d, 0x13, 0x9d, 0x14, 0x9d, 0x14, 0x9d,
  0x14, 0xa5, 0x14, 0xa5, 0x14, 0xa5, 0x14, 0xa5, 0x14, 0xa5, 0x14, 0xa5, 0x34, 0xa5, 0x34, 0xa5,
  0x8a, 0x4a, 0x28, 0x42, 0x0c, 0x63, 0xcb, 0x5a, 0xcb, 0x5a, 0x8a, 0x52, 0x30, 0x84, 0x87, 0x29,
  0x46, 0x21, 0x46, 0x21, 0x46, 0x21, 0x46, 0x21, 0x46, 0x21, 0x46, 0x21, 0x46, 0x21, 0x46, 0x21,
  0x46, 0x21, 0x46, 0x21, 0x46, 0x21, 0x46, 0x21, 0x46, 0x21, 0x46, 0x21, 0x46, 0x21, 0x46, 0x21,
  0x46, 0x21, 0x46, 0x21, 0x46, 0x21, 0x46, 0x21, 0x46, 0x21, 0x46, 0x21, 0x46, 0x21, 0x46, 0x21,
  0x46, 0x21, 0x46, 0x21, 0x46, 0x21, 0x46, 0x21, 0x46, 0x21, 0x46, 0x21, 0x46, 0x21, 0x46, 0x21,
  0x46, 0x21, 0x46, 0x21, 0x46, 0x21, 0x46, 0x21, 0x46, 0x21, 0x46, 0x21, 0x46, 0x21, 0x46, 0x21,
  0x46, 0x21, 0x46, 0x21, 0x46, 0x21, 0x46, 0x21, 0x46, 0x21, 0x46, 0x21, 0x46, 0x21, 0x46, 0x21,
  0x46, 0x21, 0x46, 0x21, 0x46, 0x21, 0x46, 0x21, 0x46, 0x21, 0x46, 0x21, 0x46, 0x21, 0x46, 0x21,
  0x46, 0x21, 0x46, 0x21, 0x46, 0x21, 0x46, 0x21, 0x46, 0x21, 0x46, 0x21, 0x46, 0x21, 0x46, 0x21,
  0x46, 0x21, 0x46, 0x21, 0x46, 0x21, 0x46, 0x21, 0x26, 0x21, 0xa8, 0x31, 0x8a, 0x52, 0x45, 0x21,
  0x66, 0x29, 0x65, 0x29, 0x66, 0x29, 0x66, 0x29, 0x66, 0x29, 0x86, 0x31, 0x86, 0x31, 0x86, 0x31,
  0x86, 0x31, 0x86, 0x31, 0x86, 0x31, 0x86, 0x31, 0x86, 0x31, 0x86, 0x31, 0x86, 0x31, 0x86, 0x31,
  0x87, 0x31, 0x45, 0x29, 0x2d, 0x63, 0x15, 0xa5, 0x15, 0xa5, 0x6e, 0x6b, 0x65, 0x29, 0xa7, 0x31,
  0xa6, 0x31, 0xa6, 0x31, 0x6e, 0x6b, 0xa6, 0x31, 0x86, 0x31, 0x86, 0x31, 0x86, 0x29, 0x86, 0x29,
  0x66, 0x29, 0x45, 0x29, 0x45, 0x29, 0x45, 0x29, 0x45, 0x29, 0x45, 0x29, 0x25, 0x21, 0x45, 0x21,
  0x45, 0x29, 0x45, 0x29, 0x45, 0x29, 0x66, 0x29, 0x66, 0x29, 0x66, 0x29, 0x66, 0x29, 0x66, 0x29,
  0x46, 0x29, 0x66, 0x29, 0x66, 0x29, 0x05, 0x21, 0x66, 0x29, 0x86, 0x31, 0x86, 0x31, 0x86, 0x31,
  0x86, 0x31, 0x86, 0x31, 0xa7, 0x31, 0x69, 0x4a, 0x8a, 0x52, 0x8a, 0x52, 0x8a, 0x52, 0x8a, 0x52,
  0x8a, 0x52, 0x8a, 0x52, 0x8a, 0x52, 0x45, 0x21, 0x05, 0x21, 0x8a, 0x4a, 0x8a, 0x52, 0x8a, 0x4a,
  0x8a, 0x4a, 0x8a, 0x4a, 0x8a, 0x4a, 0x6a, 0x4a, 0x6a, 0x4a, 0x6a, 0x4a, 0x69, 0x4a, 0x69, 0x4a,
  0x69, 0x4a, 0x6a, 0x4a, 0x6a, 0x4a, 0x6a, 0x4a, 0x69, 0x4a, 0x49, 0x42, 0x29, 0x42, 0x29, 0x42,
  0x28, 0x42, 0x08, 0x3a, 0x08, 0x42, 0x28, 0x42, 0x29, 0x42, 0x29, 0x42, 0x49, 0x42, 0xc8, 0x39,
  0x86, 0x29, 0x69, 0x4a, 0x69, 0x4a, 0x69, 0x4a, 0x8a, 0x4a, 0x49, 0x42, 0x8a, 0x4a, 0xcb, 0x52,
  0xaa, 0x52, 0xaa, 0x52, 0xaa, 0x52, 0xcb, 0x52, 0xcb, 0x52, 0x8a, 0x52, 0x6d, 0x6b, 0x34, 0xa5,
  0xf3, 0x9c, 0x13, 0x9d, 0xf3, 0x9c, 0x34, 0xa5, 0x13, 0x9d, 0xf3, 0x9c, 0x13, 0x9d, 0x13, 0x9d,
  0xf3, 0x9c, 0xf3, 0x9c, 0xf3, 0x9c, 0xf3, 0x9c, 0xf3, 0x9c, 0xf3, 0x9c, 0xf3, 0x9c, 0xf3, 0x9c,
  0x13, 0x9d, 0x13, 0x9d, 0x14, 0x9d, 0x14, 0x9d, 0x34, 0xa5, 0x75, 0xad, 0x75, 0xad, 0x34, 0xa5,
  0x14, 0x9d, 0x13, 0x9d, 0x14, 0x9d, 0x34, 0xa5, 0x6a, 0x4a, 0x08, 0x42, 0x0c, 0x63, 0xcb, 0x5a,
  0xcb, 0x5a, 0x8a, 0x52, 0x30, 0x84, 0x87, 0x29, 0x46, 0x21, 0x46, 0x21, 0x46, 0x21, 0x46, 0x21,
  0x46, 0x21, 0x46, 0x21, 0x46, 0x21, 0x46, 0x21, 0x46, 0x21, 0x46, 0x21, 0x46, 0x21, 0x46, 0x21,
  0x46, 0x21, 0x46, 0x21, 0x46, 0x21, 0x46, 0x21, 0x46, 0x21, 0x46, 0x21, 0x46, 0x21, 0x46, 0x21,
  0x46, 0x21, 0x46, 0x21, 0x46, 0x21, 0x46, 0x21, 0x46, 0x21, 0x46, 0x21, 0x46, 0x21, 0x46, 0x21,
  0x46, 0x21, 0x46, 0x21, 0x46, 0x21, 0x46, 0x21, 0x46, 0x21, 0x46, 0x21, 0x46, 0x21, 0x46, 0x21,
  0x46, 0x21, 0x46, 0x21, 0x46, 0x21, 0x46, 0x21, 0x46, 0x21, 0x46, 0x21, 0x46, 0x21, 0x46, 0x21,
  0x46, 0x21, 0x46, 0x21, 0x46, 0x21, 0x46, 0x21, 0x46, 0x21, 0x46, 0x21, 0x46, 0x21, 0x46, 0x21,
  0x46, 0x21, 0x46, 0x21, 0x46, 0x21, 0x46, 0x21, 0x46, 0x21, 0x46, 0x21, 0x46, 0x21, 0x46, 0x21,
  0x46, 0x21, 0x46, 0x21, 0x46, 0x21, 0x46, 0x21, 0x46, 0x21, 0x46, 0x21, 0x46, 0x21, 0x46, 0x21,
  0x26, 0x21, 0xa8, 0x31, 0x8a, 0x52, 0x45, 0x29, 0x66, 0x29, 0x65, 0x29, 0x66, 0x29, 0x66, 0x29,
  0x66, 0x29, 0x66, 0x29, 0x66, 0x29, 0x86, 0x31, 0x66, 0x31, 0x86, 0x31, 0x66, 0x29, 0x86, 0x31,
  0x86, 0x31, 0x86, 0x31, 0x86, 0x31, 0x86, 0x31, 0x66, 0x29, 0x29, 0x42, 0x97, 0xad, 0xd8, 0xbd,
  0xd8, 0xbd, 0x19, 0xc6, 0x2d, 0x63, 0x45, 0x29, 0x86, 0x31, 0x72, 0x8c, 0x15, 0x9d, 0x66, 0x29,
  0x86, 0x31, 0x86, 0x31, 0x66, 0x29, 0x66, 0x29, 0x66, 0x29, 0x66, 0x29, 0x45, 0x29, 0x45, 0x29,
  0x45, 0x29, 0x45, 0x21, 0x25, 0x21, 0x45, 0x21, 0x45, 0x29, 0x45, 0x29, 0x45, 0x29, 0x66, 0x29,
  0x66, 0x29, 0x66, 0x29, 0x66, 0x29, 0x65, 0x29, 0x45, 0x29, 0x66, 0x29, 0x66, 0x29, 0x05, 0x21,
  0x66, 0x29, 0x86, 0x29, 0x86, 0x29, 0x86, 0x29, 0x86, 0x31, 0x86, 0x31, 0x87, 0x31, 0x69, 0x4a,
  0x8a, 0x52, 0x8a, 0x4a, 0x8a, 0x52, 0x8a, 0x52, 0x8a, 0x52, 0x6a, 0x4a, 0x8a, 0x52, 0x45, 0x29,
  0x05, 0x19, 0x6a, 0x4a, 0x8a, 0x52, 0x8a, 0x52, 0x8a, 0x4a, 0x6a, 0x4a, 0x6a, 0x4a, 0x6a, 0x4a,
  0x69, 0x4a, 0x49, 0x4a, 0x69, 0x4a, 0x69, 0x4a, 0x49, 0x4a, 0x29, 0x42, 0x08, 0x42, 0x28, 0x42,
  0x28, 0x42, 0x29, 0x42, 0x49, 0x4a, 0x69, 0x4a, 0xeb, 0x5a, 0xf0, 0x7b, 0xae, 0x6b, 0xef, 0x7b,
  0xeb, 0x5a, 0xaa, 0x52, 0x6a, 0x4a, 0x47, 0x5a, 0x06, 0x62, 0x49, 0x4a, 0x89, 0x4a, 0x69, 0x4a,
  0x8a, 0x4a, 0x48, 0x42, 0x89, 0x4a, 0xcb, 0x52, 0xaa, 0x52, 0xca, 0x52, 0xca, 0x52, 0xca, 0x52,
  0xca, 0x52, 0x8a, 0x52, 0x8d, 0x6b, 0x34, 0xa5, 0xf3, 0x9c, 0xf3, 0x9c, 0x13, 0x9d, 0xf3, 0x9c,
  0xf3, 0x9c, 0x13, 0x9d, 0x13, 0x9d, 0xf3, 0x9c, 0xf3, 0x9c, 0xf3, 0x9c, 0xf3, 0x9c, 0xf3, 0x9c,
  0xf3, 0x9c, 0xf3, 0x9c, 0xf3, 0x9c, 0xf3, 0x9c, 0xf3, 0x9c, 0xf3, 0x9c, 0x13, 0x9d, 0x14, 0x9d,
  0x14, 0xa5, 0x54, 0xa5, 0x13, 0x9d, 0xf3, 0x9c, 0xf3, 0x9c, 0xf3, 0x9c, 0xf3, 0x9c, 0x13, 0x9d,
  0x69, 0x4a, 0x28, 0x42, 0x0c, 0x63, 0xcb, 0x5a, 0xcb, 0x5a, 0x8a, 0x52, 0x10, 0x84, 0x87, 0x29,
  0x46, 0x21, 0x46, 0x21, 0x46, 0x21, 0x46, 0x21, 0x46, 0x21, 0x46, 0x21, 0x46, 0x21, 0x46, 0x21,
  0x46, 0x21, 0x46, 0x21, 0x46, 0x21, 0x46, 0x21, 0x46, 0x21, 0x46, 0x21, 0x46, 0x21, 0x46, 0x21,
  0x46, 0x21, 0x46, 0x21, 0x46, 0x21, 0x46, 0x21, 0x46, 0x21, 0x46, 0x21, 0x46, 0x21, 0x46, 0x21,
  0x46, 0x21, 0x46, 0x21, 0x46, 0x21, 0x46, 0x21, 0x46, 0x21, 0x46, 0x21, 0x46, 0x21, 0x46, 0x21,
  0x46, 0x21, 0x46, 0x21, 0x46, 0x21, 0x46, 0x21, 0x46, 0x21, 0x46, 0x21, 0x46, 0x21, 0x46, 0x21,
  0x46, 0x21, 0x46, 0x21, 0x46, 0x21, 0x46, 0x21, 0x46, 0x21, 0x46, 0x21, 0x46, 0x21, 0x46, 0x21,
  0x46, 0x21, 0x46, 0x21, 0x46, 0x21, 0x46, 0x21, 0x46, 0x21, 0x46, 0x21, 0x46, 0x21, 0x46, 0x21,
  0x46, 0x21, 0x46, 0x21, 0x46, 0x21, 0x46, 0x21, 0x46, 0x21, 0x46, 0x21, 0x46, 0x21, 0x46, 0x21,
  0x46, 0x21, 0x46, 0x21, 0x46, 0x21, 0x46, 0x21, 0x26, 0x21, 0xa8, 0x31, 0x8a, 0x52, 0x45, 0x29,
  0x66, 0x29, 0x65, 0x29, 0x66, 0x29, 0x66, 0x29, 0x66, 0x29, 0x66, 0x29, 0x66, 0x29, 0x66, 0x29,
  0x66, 0x29, 0x66, 0x29, 0x66, 0x31, 0x66, 0x29, 0x86, 0x31, 0x86, 0x31, 0x86, 0x31, 0x86, 0x31,
  0x45, 0x29, 0x2d, 0x63, 0xd8, 0xbd, 0xb8, 0xb5, 0xb8, 0xb5, 0xd8, 0xbd, 0x15, 0xa5, 0x86, 0x31,
  0xcf, 0x7b, 0xf9, 0xbd, 0xf5, 0x9c, 0xa6, 0x31, 0x86, 0x31, 0x86, 0x31, 0x86, 0x29, 0x66, 0x29,
  0x66, 0x29, 0x66, 0x29, 0x45, 0x29, 0x45, 0x29, 0x45, 0x29, 0x45, 0x29, 0x45, 0x21, 0x45, 0x21,
  0x45, 0x29, 0x45, 0x29, 0x45, 0x29, 0x46, 0x29, 0x66, 0x29, 0x66, 0x29, 0x66, 0x29, 0x66, 0x29,
  0x45, 0x29, 0x45, 0x29, 0x66, 0x29, 0x05, 0x21, 0x46, 0x29, 0x66, 0x29, 0x86, 0x29, 0x86, 0x29,
  0x86, 0x31, 0x86, 0x29, 0x87, 0x31, 0x69, 0x4a, 0x89, 0x4a, 0x8a, 0x4a, 0x8a, 0x52, 0x8a, 0x52,
  0x8a, 0x52, 0x6a, 0x4a, 0x8a, 0x4a, 0x45, 0x29, 0x05, 0x21, 0x8a, 0x4a, 0x8a, 0x52, 0x8a, 0x52,
  0x8a, 0x52, 0x8a, 0x4a, 0x6a, 0x4a, 0x49, 0x4a, 0x49, 0x42, 0x49, 0x4a, 0x49, 0x4a, 0x8a, 0x4a,
  0xcb, 0x52, 0x4d, 0x63, 0x6e, 0x6b, 0xab, 0x52, 0xab, 0x52, 0xcb, 0x5a, 0xec, 0x5a, 0x8a, 0x52,
  0xc7, 0x31, 0x49, 0x4a, 0xa6, 0x31, 0x25, 0x21, 0x45, 0x29, 0xaa, 0x52, 0x8b, 0x52, 0xc7, 0x8a,
  0xa6, 0x9a, 0x49, 0x52, 0x69, 0x4a, 0x69, 0x4a, 0x69, 0x4a, 0x28, 0x42, 0x89, 0x4a, 0xca, 0x52,
  0xaa, 0x52, 0xca, 0x52, 0xca, 0x52, 0xca, 0x52, 0xca, 0x52, 0x8a, 0x52, 0x8d, 0x73, 0x34, 0xa5,
  0xf3, 0x9c, 0x13, 0x9d, 0x13, 0x9d, 0x13, 0x9d, 0x13, 0x9d, 0x13, 0x9d, 0xf3, 0x9c, 0xf3, 0x9c,
  0xf3, 0x9c, 0xf3, 0x9c, 0xf3, 0x9c, 0xf3, 0x9c, 0xf3, 0x9c, 0xf3, 0x9c, 0xf3, 0x9c, 0xf3, 0x9c,
  0xf3, 0x9c, 0xf3, 0x9c, 0x13, 0x9d, 0x14, 0x9d, 0x14, 0x9d, 0x14, 0xa5, 0x14, 0x9d, 0x13, 0x9d,
  0x14, 0xa5, 0x34, 0xa5, 0x34, 0xa5, 0x34, 0xa5, 0x69, 0x4a, 0x08, 0x42, 0x0c, 0x63, 0xcb, 0x5a,
  0xcb, 0x52, 0x8a, 0x52, 0xef, 0x7b, 0x87, 0x29, 0x46, 0x21, 0x46, 0x21, 0x46, 0x21, 0x46, 0x21,
  0x46, 0x21, 0x46, 0x21, 0x46, 0x21, 0x46, 0x21, 0x46, 0x21, 0x46, 0x21, 0x46, 0x21, 0x46, 0x21,
  0x46, 0x21, 0x46, 0x21, 0x46, 0x21, 0x46, 0x21, 0x46, 0x21, 0x46, 0x21, 0x46, 0x21, 0x46, 0x21,
  0x46, 0x21, 0x46, 0x21, 0x46, 0x21, 0x46, 0x21, 0x46, 0x21, 0x46, 0x21, 0x46, 0x21, 0x46, 0x21,
  0x46, 0x21, 0x46, 0x21, 0x46, 0x21, 0x46, 0x21, 0x46, 0x21, 0x46, 0x21, 0x46, 0x21, 0x46, 0x21,
  0x46, 0x21, 0x46, 0x21, 0x46, 0x21, 0x46, 0x21, 0x46, 0x21, 0x46, 0x21, 0x46, 0x21, 0x46, 0x21,
  0x46, 0x21, 0x46, 0x21, 0x46, 0x21, 0x46, 0x21, 0x46, 0x21, 0x46, 0x21, 0x46, 0x21, 0x46, 0x21,
  0x46, 0x21, 0x46, 0x21, 0x46, 0x21, 0x46, 0x21, 0x46, 0x21, 0x46, 0x21, 0x46, 0x21, 0x46, 0x21,
  0x46, 0x21, 0x46, 0x21, 0x46, 0x21, 0x46, 0x21, 0x46, 0x21, 0x46, 0x21, 0x46, 0x21, 0x46, 0x21,
  0x26, 0x21, 0xa8, 0x31, 0x8a, 0x52, 0x25, 0x21, 0x66, 0x29, 0x65, 0x29, 0x66, 0x29, 0x66, 0x29,
  0x66, 0x29, 0x66, 0x29, 0x66, 0x29, 0x66, 0x29, 0x66, 0x29, 0x66, 0x29, 0x66, 0x29, 0x66, 0x29,
  0x66, 0x31, 0x86, 0x31, 0x86, 0x31, 0x87, 0x31, 0x25, 0x29, 0xd0, 0x7b, 0x19, 0xc6, 0x72, 0x8c,
  0xab, 0x52, 0x56, 0xa5, 0xb8, 0xb5, 0x0c, 0x63, 0x77, 0xad, 0xb8, 0xb5, 0x56, 0xad, 0xc7, 0x31,
  0x86, 0x31, 0x86, 0x31, 0x86, 0x29, 0x66, 0x29, 0x66, 0x29, 0x66, 0x29, 0x45, 0x29, 0x45, 0x29,
  0x25, 0x21, 0x45, 0x21, 0x45, 0x21, 0x45, 0x21, 0x45, 0x29, 0x45, 0x29, 0x45, 0x29, 0x45, 0x29,
  0x46, 0x29, 0x46, 0x29, 0x66, 0x29, 0x66, 0x29, 0x66, 0x29, 0x46, 0x29, 0x66, 0x29, 0x05, 0x21,
  0x46, 0x29, 0x86, 0x29, 0x86, 0x29, 0x86, 0x29, 0x86, 0x31, 0x66, 0x29, 0x87, 0x31, 0x49, 0x4a,
  0x89, 0x4a, 0x8a, 0x4a, 0x8a, 0x52, 0x8a, 0x4a, 0x8a, 0x52, 0x6a, 0x4a, 0x8a, 0x52, 0x45, 0x29,
  0x25, 0x21, 0x8a, 0x52, 0x8a, 0x52, 0x8a, 0x52, 0x8a, 0x52, 0x8a, 0x52, 0x6a, 0x4a, 0x8a, 0x52,
  0xeb, 0x5a, 0xeb, 0x5a, 0xcb, 0x5a, 0x2d, 0x63, 0xcf, 0x73, 0x8e, 0x6b, 0x6d, 0x6b, 0xeb, 0x5a,
  0xeb, 0x5a, 0xcb, 0x5a, 0xcb, 0x5a, 0xaa, 0x52, 0xc7, 0x31, 0xa7, 0x39, 0xc7, 0x39, 0x08, 0x42,
  0x6a, 0x4a, 0xab, 0x52, 0x6a, 0x4a, 0xe7, 0x49, 0x44, 0x39, 0x49, 0x4a, 0x69, 0x4a, 0x49, 0x4a,
  0x69, 0x4a, 0x28, 0x42, 0x89, 0x4a, 0xca, 0x52, 0xaa, 0x52, 0xaa, 0x52, 0xaa, 0x52, 0xaa, 0x52,
  0xca, 0x52, 0x8a, 0x52, 0x8d, 0x73, 0x34, 0xa5, 0x13, 0x9d, 0x13, 0x9d, 0x13, 0x9d, 0x13, 0x9d,
  0x13, 0x9d, 0xf3, 0x9c, 0xf3, 0x9c, 0xf3, 0x9c, 0xf3, 0x9c, 0xf3, 0x9c, 0xf3, 0x9c, 0xf3, 0x9c,
  0xf3, 0x9c, 0xf3, 0x9c, 0xf3, 0x9c, 0xf3, 0x9c, 0xf3, 0x9c, 0xf3, 0x9c, 0x13, 0x9d, 0x13, 0x9d,
  0x14, 0x9d, 0x34, 0xa5, 0x75, 0xad, 0x54, 0xad, 0x34, 0xa5, 0x75, 0xad, 0x75, 0xad, 0x34, 0xa5,
  0x69, 0x4a, 0x08, 0x42, 0x0c, 0x63, 0xcb, 0x52, 0xcb, 0x52, 0x8a, 0x52, 0xaf, 0x73, 0x87, 0x29,
  0x46, 0x21, 0x46, 0x21, 0x46, 0x21, 0x46, 0x21, 0x46, 0x21, 0x46, 0x21, 0x46, 0x21, 0x46, 0x21,
  0x46, 0x21, 0x46, 0x21, 0x46, 0x21, 0x46, 0x21, 0x46, 0x21, 0x46, 0x21, 0x46, 0x21, 0x46, 0x21,
  0x46, 0x21, 0x46, 0x21, 0x46, 0x21, 0x46, 0x21, 0x46, 0x21, 0x46, 0x21, 0x46, 0x21, 0x46, 0x21,
  0x46, 0x21, 0x46, 0x21, 0x46, 0x21, 0x46, 0x21, 0x46, 0x21, 0x46, 0x21, 0x46, 0x21, 0x46, 0x21,
  0x46, 0x21, 0x46, 0x21, 0x46, 0x21, 0x46, 0x21, 0x46, 0x21, 0x46, 0x21, 0x46, 0x21, 0x46, 0x21,
  0x46, 0x21, 0x46, 0x21, 0x46, 0x21, 0x46, 0x21, 0x46, 0x21, 0x46, 0x21, 0x46, 0x21, 0x46, 0x21,
  0x46, 0x21, 0x46, 0x21, 0x46, 0x21, 0x46, 0x21, 0x46, 0x21, 0x46, 0x21, 0x46, 0x21, 0x46, 0x21,
  0x46, 0x21, 0x46, 0x21, 0x46, 0x21, 0x46, 0x21, 0x46, 0x21, 0x46, 0x21, 0x46, 0x21, 0x46, 0x21,
  0x46, 0x21, 0x46, 0x21, 0x46, 0x21, 0x46, 0x21, 0x26, 0x21, 0xa8, 0x31, 0xaa, 0x52, 0x25, 0x21,
  0x66, 0x29, 0x65, 0x29, 0x66, 0x29, 0x66, 0x29, 0x66, 0x29, 0x66, 0x29, 0x65, 0x29, 0x65, 0x29,
  0x65, 0x29, 0x66, 0x29, 0x66, 0x29, 0x66, 0x29, 0x86, 0x31, 0x86, 0x29, 0x86, 0x31, 0xa7, 0x31,
  0x45, 0x29, 0xf1, 0x7b, 0x5a, 0xce, 0xec, 0x5a, 0xc3, 0x18, 0x8e, 0x6b, 0xf9, 0xbd, 0x93, 0x94,
  0xb8, 0xb5, 0xd8, 0xbd, 0x6e, 0x6b, 0x66, 0x29, 0x86, 0x31, 0x86, 0x29, 0x66, 0x29, 0x66, 0x29,
  0x66, 0x29, 0x66, 0x29, 0x45, 0x29, 0x45, 0x29, 0x45, 0x21, 0x25, 0x21, 0x45, 0x21, 0x45, 0x29,
  0x46, 0x29, 0x45, 0x29, 0x45, 0x29, 0x45, 0x29, 0x45, 0x29, 0x46, 0x29, 0x66, 0x29, 0x66, 0x29,
  0x66, 0x29, 0x46, 0x29, 0x66, 0x29, 0x05, 0x21, 0x46, 0x29, 0x66, 0x29, 0x66, 0x29, 0x86, 0x29,
  0x86, 0x29, 0x66, 0x29, 0x87, 0x31, 0x49, 0x4a, 0x69, 0x4a, 0x6a, 0x4a, 0x8a, 0x52, 0x8a, 0x4a,
  0x6a, 0x4a, 0x69, 0x4a, 0x8a, 0x52, 0x46, 0x29, 0x26, 0x21, 0x8a, 0x52, 0x8a, 0x52, 0x8a, 0x52,
  0x8a, 0x52, 0x8a, 0x52, 0x6a, 0x4a, 0xaa, 0x52, 0xcb, 0x5a, 0xeb, 0x5a, 0xeb, 0x5a, 0xab, 0x52,
  0xe8, 0x39, 0xe7, 0x39, 0x49, 0x4a, 0xab, 0x52, 0x6a, 0x4a, 0xec, 0x5a, 0xab, 0x52, 0x49, 0x4a,
  0x2b, 0x63, 0xec, 0x83, 0xaf, 0x94, 0x92, 0xb5, 0xad, 0x73, 0x28, 0x42, 0x8f, 0x6b, 0xe6, 0x52,
  0x64, 0x42, 0x29, 0x42, 0x69, 0x4a, 0x49, 0x4a, 0x69, 0x4a, 0x28, 0x42, 0x69, 0x4a, 0xca, 0x52,
  0xaa, 0x52, 0xaa, 0x52, 0xaa, 0x52, 0xaa, 0x52, 0xca, 0x52, 0x8a, 0x52, 0x8d, 0x6b, 0x34, 0xa5,
  0xf3, 0x9c, 0x13, 0x9d, 0x13, 0x9d, 0x13, 0x9d, 0xf3, 0x9c, 0xf3, 0x9c, 0xf3, 0x9c, 0xf3, 0x9c,
  0xf3, 0x9c, 0xf3, 0x9c, 0xf3, 0x9c, 0xf3, 0x9c, 0xf3, 0x9c, 0xf3, 0x9c, 0xf3, 0x9c, 0xf3, 0x9c,
  0xf3, 0x9c, 0xf3, 0x9c, 0x13, 0x9d, 0xf3, 0x9c, 0x14, 0x9d, 0x55, 0xad, 0x55, 0xad, 0x34, 0xa5,
  0x14, 0xa5, 0x14, 0xa5, 0x34, 0xa5, 0x34, 0xa5, 0x49, 0x4a, 0x08, 0x42, 0x0c, 0x5b, 0xab, 0x52,
  0xab, 0x52, 0x8a, 0x4a, 0xaf, 0x73, 0x87, 0x29, 0x46, 0x21, 0x46, 0x21, 0x46, 0x21, 0x46, 0x21,
  0x46, 0x21, 0x46, 0x21, 0x46, 0x21, 0x46, 0x21, 0x46, 0x21, 0x46, 0x21, 0x46, 0x21, 0x46, 0x21,
  0x46, 0x21, 0x46, 0x21, 0x46, 0x21, 0x46, 0x21, 0x46, 0x21, 0x46, 0x21, 0x46, 0x21, 0x46, 0x21,
  0x46, 0x21, 0x46, 0x21, 0x46, 0x21, 0x46, 0x21, 0x46, 0x21, 0x46, 0x21, 0x46, 0x21, 0x46, 0x21,
  0x46, 0x21, 0x46, 0x21, 0x46, 0x21, 0x46, 0x21, 0x46, 0x21, 0x46, 0x21, 0x46, 0x21, 0x46, 0x21,
  0x46, 0x21, 0x46, 0x21, 0x46, 0x21, 0x46, 0x21, 0x46, 0x21, 0x46, 0x21, 0x46, 0x21, 0x46, 0x21,
  0x46, 0x21, 0x46, 0x21, 0x46, 0x21, 0x46, 0x21, 0x46, 0x21, 0x46, 0x21, 0x46, 0x21, 0x46, 0x21,
  0x46, 0x21, 0x46, 0x21, 0x46, 0x21, 0x46, 0x21, 0x46, 0x21, 0x46, 0x21, 0x46, 0x21, 0x46, 0x21,
  0x46, 0x21, 0x46, 0x21, 0x46, 0x21, 0x46, 0x21, 0x46, 0x21, 0x46, 0x21, 0x46, 0x21, 0x46, 0x21,
  0x26, 0x21, 0xc8, 0x31, 0xaa, 0x52, 0x25, 0x21, 0x66, 0x29, 0x65, 0x29, 0x66, 0x29, 0x66, 0x29,
  0x66, 0x29, 0x65, 0x29, 0x65, 0x29, 0x65, 0x29, 0x65, 0x29, 0x66, 0x29, 0x66, 0x29, 0x66, 0x29,
  0x66, 0x31, 0x86, 0x31, 0x86, 0x31, 0x86, 0x31, 0x45, 0x21, 0xf0, 0x7b, 0x5a, 0xce, 0xcb, 0x5a,
  0xe3, 0x18, 0x0c, 0x63, 0x5a, 0xc6, 0xb8, 0xb5, 0xf9, 0xbd, 0x6e, 0x6b, 0x45, 0x29, 0x86, 0x31,
  0x86, 0x31, 0x66, 0x29, 0x66, 0x29, 0x66, 0x29, 0x66, 0x29, 0x66, 0x29, 0x46, 0x29, 0x45, 0x29,
  0x45, 0x21, 0x45, 0x21, 0x45, 0x21, 0x45, 0x29, 0x46, 0x29, 0x66, 0x29, 0x46, 0x29, 0x45, 0x29,
  0x45, 0x29, 0x66, 0x29, 0x66, 0x29, 0x66, 0x29, 0x66, 0x29, 0x66, 0x29, 0x66, 0x29, 0x05, 0x21,
  0x46, 0x29, 0x66, 0x29, 0x66, 0x29, 0x86, 0x29, 0x86, 0x29, 0x66, 0x29, 0x87, 0x31, 0x49, 0x42,
  0x69, 0x4a, 0x6a, 0x4a, 0x8a, 0x4a, 0x8a, 0x4a, 0x6a, 0x4a, 0x69, 0x4a, 0x8a, 0x52, 0x46, 0x29,
  0x26, 0x21, 0xaa, 0x52, 0x8a, 0x52, 0x8a, 0x52, 0x8a, 0x52, 0x8a, 0x52, 0x6a, 0x4a, 0xab, 0x52,
  0xaa, 0x52, 0x28, 0x42, 0xe8, 0x39, 0xc7, 0x31, 0xc6, 0x31, 0x65, 0x29, 0x03, 0x21, 0xc3, 0x18,
  0xc3, 0x18, 0x0e, 0x63, 0xed, 0x5a, 0xe7, 0x39, 0x0e, 0x84, 0xf4, 0xbd, 0x73, 0xad, 0x52, 0xad,
  0x8c, 0x6b, 0xaa, 0x52, 0xcb, 0x5a, 0xc7, 0x39, 0xe4, 0x18, 0x69, 0x4a, 0x69, 0x4a, 0x49, 0x4a,
  0x8a, 0x52, 0x28, 0x42, 0x6a, 0x4a, 0xcb, 0x52, 0xaa, 0x52, 0xaa, 0x52, 0xaa, 0x52, 0xaa, 0x52,
  0xca, 0x52, 0x8a, 0x52, 0x8d, 0x6b, 0x34, 0xa5, 0xf3, 0x9c, 0xf3, 0x9c, 0x13, 0x9d, 0xf3, 0x9c,
  0xf3, 0x9c, 0xf3, 0x9c, 0xf3, 0x94, 0xf3, 0x94, 0xf3, 0x94, 0xf3, 0x94, 0xd3, 0x94, 0xd3, 0x94,
  0xd3, 0x94, 0xd3, 0x94, 0xd3, 0x94, 0xd3, 0x94, 0xf3, 0x9c, 0xf3, 0x9c, 0xf3, 0x9c, 0xf3, 0x9c,
  0xf4, 0x9c, 0xf4, 0x9c, 0xf4, 0x9c, 0xf3, 0x9c, 0x34, 0xa5, 0x55, 0xad, 0x54, 0xa5, 0x34, 0xa5,
  0x49, 0x42, 0x08, 0x42, 0x0c, 0x5b, 0xab, 0x52, 0xab, 0x52, 0x8a, 0x4a, 0xaf, 0x73, 0x87, 0x29,
  0x46, 0x21, 0x46, 0x21, 0x46, 0x21, 0x46, 0x21, 0x46, 0x21, 0x46, 0x21, 0x46, 0x21, 0x46, 0x21,
  0x46, 0x21, 0x46, 0x21, 0x46, 0x21, 0x46, 0x21, 0x46, 0x21, 0x46, 0x21, 0x46, 0x21, 0x46, 0x21,
  0x46, 0x21, 0x46, 0x21, 0x46, 0x21, 0x46, 0x21, 0x46, 0x21, 0x46, 0x21, 0x46, 0x21, 0x46, 0x21,
  0x46, 0x21, 0x46, 0x21, 0x46, 0x21, 0x46, 0x21, 0x46, 0x21, 0x46, 0x21, 0x46, 0x21, 0x46, 0x21,
  0x46, 0x21, 0x46, 0x21, 0x46, 0x21, 0x46, 0x21, 0x46, 0x21, 0x46, 0x21, 0x46, 0x21, 0x46, 0x21,
  0x46, 0x21, 0x46, 0x21, 0x46, 0x21, 0x46, 0x21, 0x46, 0x21, 0x46, 0x21, 0x46, 0x21, 0x46, 0x21,
  0x46, 0x21, 0x46, 0x21, 0x46, 0x21, 0x46, 0x21, 0x46, 0x21, 0x46, 0x21, 0x46, 0x21, 0x46, 0x21,
  0x46, 0x21, 0x46, 0x21, 0x46, 0x21, 0x46, 0x21, 0x46, 0x21, 0x46, 0x21, 0x46, 0x21, 0x46, 0x21,
  0x46, 0x21, 0x46, 0x21, 0x46, 0x21, 0x46, 0x21, 0x26, 0x21, 0xc8, 0x31, 0x8a, 0x52, 0x25, 0x21,
  0x65, 0x29, 0x65, 0x29, 0x65, 0x29, 0x66, 0x29, 0x66, 0x29, 0x65, 0x29, 0x65, 0x29, 0x65, 0x29,
  0x65, 0x29, 0x66, 0x29, 0x66, 0x29, 0x66, 0x29, 0x86, 0x31, 0x86, 0x31, 0x86, 0x31, 0x86, 0x31,
  0x25, 0x21, 0xf0, 0x7b, 0x5a, 0xc6, 0x8f, 0x73, 0x66, 0x29, 0x4d, 0x6b, 0x5a, 0xce, 0x97, 0xb5,
  0xec, 0x5a, 0x25, 0x21, 0xa7, 0x31, 0x86, 0x31, 0x86, 0x31, 0x86, 0x29, 0x66, 0x29, 0x66, 0x29,
  0x66, 0x29, 0x66, 0x29, 0x46, 0x29, 0x45, 0x29, 0x45, 0x29, 0x45, 0x29, 0x45, 0x29, 0x45, 0x29,
  0x45, 0x29, 0x66, 0x29, 0x46, 0x29, 0x45, 0x29, 0x46, 0x29, 0x66, 0x29, 0x66, 0x29, 0x66, 0x29,
  0x66, 0x29, 0x66, 0x29, 0x46, 0x29, 0xe5, 0x18, 0x46, 0x29, 0x66, 0x29, 0x66, 0x29, 0x86, 0x29,
  0x86, 0x29, 0x66, 0x29, 0x87, 0x31, 0x49, 0x42, 0x69, 0x4a, 0x6a, 0x4a, 0x8a, 0x4a, 0x6a, 0x4a,
  0x8a, 0x4a, 0x6a, 0x4a, 0x8a, 0x52, 0x46, 0x29, 0x26, 0x21, 0x8a, 0x4a, 0x8a, 0x52, 0x8a, 0x52,
  0x8a, 0x4a, 0x8a, 0x52, 0x6a, 0x4a, 0xcb, 0x5a, 0x49, 0x4a, 0x40, 0x00, 0x00, 0x00, 0x00, 0x00,
  0x00, 0x00, 0x00, 0x00, 0x20, 0x00, 0x81, 0x08, 0xe3, 0x18, 0x65, 0x29, 0x49, 0x4a, 0xeb, 0x5a,
  0xaa, 0x52, 0x6d, 0x63, 0x51, 0x84, 0xcf, 0x7b, 0x2c, 0x63, 0xcb, 0x52, 0xcb, 0x52, 0x08, 0x42,
  0x25, 0x21, 0x8a, 0x4a, 0x6a, 0x4a, 0x6a, 0x4a, 0xaa, 0x52, 0x29, 0x42, 0x8a, 0x4a, 0xcb, 0x52,
  0xca, 0x52, 0xaa, 0x52, 0xaa, 0x52, 0xaa, 0x52, 0xcb, 0x52, 0x8a, 0x52, 0x8e, 0x6b, 0x34, 0xa5,
  0xf3, 0x9c, 0xf3, 0x9c, 0xf3, 0x94, 0xf3, 0x94, 0xf3, 0x94, 0xd3, 0x94, 0xd3, 0x94, 0xd3, 0x94,
  0xd3, 0x94, 0xd3, 0x94, 0xd3, 0x94, 0xd3, 0x94, 0xd3, 0x94, 0xd3, 0x94, 0xd3, 0x94, 0xd3, 0x94,
  0xf3, 0x94, 0xf3, 0x9c, 0xf3, 0x9c, 0xf3, 0x9c, 0xf3, 0x9c, 0xf3, 0x9c, 0xf4, 0x9c, 0xf4, 0x9c,
  0x34, 0xa5, 0x54, 0xa5, 0x75, 0xad, 0x34, 0xa5, 0x29, 0x42, 0x28, 0x42, 0xec, 0x5a, 0xab, 0x52,
  0xaa, 0x52, 0x69, 0x4a, 0xae, 0x73, 0x87, 0x29, 0x46, 0x21, 0x46, 0x21, 0x46, 0x21, 0x46, 0x21,
  0x46, 0x21, 0x46, 0x21, 0x46, 0x21, 0x46, 0x21, 0x46, 0x21, 0x46, 0x21, 0x46, 0x21, 0x46, 0x21,
  0x46, 0x21, 0x46, 0x21, 0x46, 0x21, 0x46, 0x21, 0x46, 0x21, 0x46, 0x21, 0x46, 0x21, 0x46, 0x21,
  0x46, 0x21, 0x46, 0x21, 0x46, 0x21, 0x46, 0x21, 0x46, 0x21, 0x46, 0x21, 0x46, 0x21, 0x46, 0x21,
  0x46, 0x21, 0x46, 0x21, 0x46, 0x21, 0x46, 0x21, 0x46, 0x21, 0x46, 0x21, 0x46, 0x21, 0x46, 0x21,
  0x46, 0x21, 0x46, 0x21, 0x46, 0x21, 0x46, 0x21, 0x46, 0x21, 0x46, 0x21, 0x46, 0x21, 0x46, 0x21,
  0x46, 0x21, 0x46, 0x21, 0x46, 0x21, 0x46, 0x21, 0x46, 0x21, 0x46, 0x21, 0x46, 0x21, 0x46, 0x21,
  0x46, 0x21, 0x46, 0x21, 0x46, 0x21, 0x46, 0x21, 0x46, 0x21, 0x46, 0x21, 0x46, 0x21, 0x46, 0x21,
  0x46, 0x21, 0x46, 0x21, 0x46, 0x21, 0x46, 0x21, 0x46, 0x21, 0x46, 0x21, 0x46, 0x21, 0x46, 0x21,
  0x26, 0x21, 0xc8, 0x31, 0x8a, 0x52, 0x24, 0x21, 0x65, 0x29, 0x65, 0x29, 0x65, 0x29, 0x65, 0x29,
  0x66, 0x29, 0x65, 0x29, 0x65, 0x29, 0x66, 0x29, 0x65, 0x29, 0x66, 0x29, 0x66, 0x29, 0x66, 0x29,
  0x86, 0x31, 0x86, 0x29, 0x86, 0x31, 0x86, 0x31, 0x25, 0x21, 0xd0, 0x7b, 0x3a, 0xc6, 0x3a, 0xc6,
  0xd8, 0xbd, 0x97, 0xb5, 0x7b, 0xce, 0x36, 0xa5, 0x4a, 0x4a, 0xc7, 0x31, 0x45, 0x29, 0x86, 0x31,
  0x86, 0x31, 0x66, 0x29, 0x66, 0x29, 0x66, 0x29, 0x66, 0x29, 0x66, 0x29, 0x66, 0x29, 0x45, 0x29,
  0x45, 0x29, 0x45, 0x29, 0x45, 0x29, 0x46, 0x29, 0x46, 0x29, 0x66, 0x29, 0x46, 0x29, 0x45, 0x29,
  0x45, 0x29, 0x45, 0x29, 0x46, 0x29, 0x66, 0x29, 0x46, 0x29, 0x45, 0x29, 0x46, 0x29, 0xe5, 0x18,
  0x46, 0x29, 0x66, 0x29, 0x66, 0x29, 0x86, 0x29, 0x86, 0x29, 0x66, 0x29, 0x87, 0x31, 0x49, 0x42,
  0x6a, 0x4a, 0x6a, 0x4a, 0x8a, 0x4a, 0x8a, 0x4a, 0x8a, 0x4a, 0x6a, 0x4a, 0x8a, 0x52, 0x46, 0x29,
  0x26, 0x21, 0x8a, 0x4a, 0x8a, 0x52, 0x8a, 0x4a, 0x8a, 0x4a, 0x8a, 0x52, 0x6a, 0x4a, 0xaa, 0x52,
  0xcb, 0x5a, 0xc6, 0x31, 0xa6, 0x31, 0x08, 0x42, 0x2c, 0x63, 0xef, 0x7b, 0x92, 0x8c, 0xef, 0x7b,
  0xca, 0x52, 0x0c, 0x63, 0xeb, 0x5a, 0xaa, 0x52, 0x8a, 0x4a, 0x8a, 0x4a, 0x8a, 0x52, 0x69, 0x4a,
  0x69, 0x4a, 0x69, 0x4a, 0x89, 0x4a, 0x6a, 0x4a, 0x49, 0x4a, 0x8a, 0x52, 0x6a, 0x4a, 0x8a, 0x52,
  0xcb, 0x52, 0x49, 0x42, 0x6a, 0x4a, 0xcb, 0x5a, 0xaa, 0x52, 0xca, 0x52, 0xaa, 0x52, 0xab, 0x52,
  0xcb, 0x52, 0x8a, 0x52, 0x8e, 0x6b, 0x33, 0x9d, 0xd3, 0x94, 0xf3, 0x9c, 0x13, 0x9d, 0xf3, 0x9c,
  0xd2, 0x94, 0xd3, 0x94, 0xd3, 0x94, 0xd3, 0x94, 0xd3, 0x94, 0xd3, 0x94, 0xd3, 0x94, 0xd3, 0x94,
  0xd3, 0x94, 0xd3, 0x94, 0xd3, 0x94, 0xd3, 0x94, 0xf3, 0x94, 0xf4, 0x9c, 0x14, 0x9d, 0x14, 0x9d,
  0x14, 0xa5, 0x34, 0xa5, 0x14, 0x9d, 0xb3, 0x94, 0x92, 0x94, 0x71, 0x8c, 0x10, 0x84, 0x8e, 0x6b,
  0x8a, 0x4a, 0xab, 0x52, 0xcb, 0x5a, 0xab, 0x52, 0xaa, 0x52, 0x6a, 0x4a, 0x6e, 0x6b, 0x87, 0x29,
  0x46, 0x21, 0x46, 0x21, 0x46, 0x21, 0x46, 0x21, 0x46, 0x21, 0x46, 0x21, 0x46, 0x21, 0x46, 0x21,
  0x46, 0x21, 0x46, 0x21, 0x46, 0x21, 0x46, 0x21, 0x46, 0x21, 0x46, 0x21, 0x46, 0x21, 0x46, 0x21,
  0x46, 0x21, 0x46, 0x21, 0x46, 0x21, 0x46, 0x21, 0x46, 0x21, 0x46, 0x21, 0x46, 0x21, 0x46, 0x21,
  0x46, 0x21, 0x46, 0x21, 0x46, 0x21, 0x46, 0x21, 0x46, 0x21, 0x46, 0x21, 0x46, 0x21, 0x46, 0x21,
  0x46, 0x21, 0x46, 0x21, 0x46, 0x21, 0x46, 0x21, 0x46, 0x21, 0x46, 0x21, 0x46, 0x21, 0x46, 0x21,
  0x46, 0x21, 0x46, 0x21, 0x46, 0x21, 0x46, 0x21, 0x46, 0x21, 0x46, 0x21, 0x46, 0x21, 0x46, 0x21,
  0x46, 0x21, 0x46, 0x21, 0x46, 0x21, 0x46, 0x21, 0x46, 0x21, 0x46, 0x21, 0x46, 0x21, 0x46, 0x21,
  0x46, 0x21, 0x46, 0x21, 0x46, 0x21, 0x46, 0x21, 0x46, 0x21, 0x46, 0x21, 0x46, 0x21, 0x46, 0x21,
  0x46, 0x21, 0x46, 0x21, 0x46, 0x21, 0x46, 0x21, 0x26, 0x21, 0xc8, 0x31, 0xaa, 0x52, 0x24, 0x21,
  0x65, 0x29, 0x65, 0x29, 0x65, 0x29, 0x65, 0x29, 0x66, 0x29, 0x45, 0x29, 0x45, 0x29, 0x46, 0x29,
  0x65, 0x29, 0x66, 0x29, 0x66, 0x29, 0x66, 0x29, 0x66, 0x29, 0x66, 0x29, 0x66, 0x29, 0x86, 0x31,
  0x25, 0x21, 0x11, 0x7c, 0x7b, 0xce, 0x5a, 0xce, 0x5a, 0xce, 0x3a, 0xc6, 0x19, 0xc6, 0xf9, 0xbd,
  0x19, 0xc6, 0x56, 0xad, 0x29, 0x42, 0x66, 0x29, 0x86, 0x31, 0x66, 0x29, 0x66, 0x29, 0x66, 0x29,
  0x66, 0x29, 0x66, 0x29, 0x66, 0x29, 0x45, 0x29, 0x45, 0x29, 0x45, 0x29, 0x45, 0x29, 0x66, 0x29,
  0x46, 0x29, 0x66, 0x29, 0x46, 0x29, 0x45, 0x29, 0x45, 0x29, 0x46, 0x29, 0x46, 0x29, 0x45, 0x29,
  0x45, 0x29, 0x45, 0x29, 0x45, 0x21, 0x05, 0x19, 0x66, 0x29, 0x66, 0x29, 0x66, 0x29, 0x86, 0x29,
  0x86, 0x31, 0x86, 0x29, 0x87, 0x29, 0x49, 0x42, 0x8a, 0x4a, 0x8a, 0x4a, 0x8a, 0x4a, 0x8a, 0x4a,
  0x6a, 0x4a, 0x6a, 0x4a, 0x8a, 0x52, 0x46, 0x29, 0x26, 0x21, 0x8a, 0x52, 0x8a, 0x52, 0x8a, 0x4a,
  0x8a, 0x4a, 0x8a, 0x52, 0x6a, 0x4a, 0xaa, 0x52, 0xcb, 0x5a, 0xeb, 0x5a, 0x0c, 0x5b, 0xeb, 0x5a,
  0x4d, 0x6b, 0x6d, 0x6b, 0xeb, 0x5a, 0xcb, 0x5a, 0x69, 0x4a, 0x69, 0x4a, 0x69, 0x4a, 0x89, 0x4a,
  0x89, 0x4a, 0x8a, 0x4a, 0x8a, 0x4a, 0x8a, 0x52, 0x8a, 0x52, 0x8a, 0x52, 0x8a, 0x52, 0xaa, 0x52,
  0xcb, 0x52, 0xcb, 0x52, 0xcb, 0x5a, 0xcb, 0x52, 0xab, 0x52, 0x28, 0x42, 0x6a, 0x4a, 0xcb, 0x5a,
  0xab, 0x52, 0xaa, 0x52, 0xaa, 0x52, 0xab, 0x52, 0xab, 0x52, 0x8a, 0x52, 0x8e, 0x6b, 0x54, 0xad,
  0xb5, 0xb5, 0xf5, 0xbd, 0xf6, 0xbd, 0x34, 0x9d, 0xd3, 0x94, 0xd3, 0x94, 0xd3, 0x94, 0xd3, 0x94,
  0xd3, 0x94, 0xd3, 0x94, 0xd3, 0x94, 0xf3, 0x94, 0xf3, 0x9c, 0xf3, 0x9c, 0x14, 0x9d, 0x14, 0x9d,
  0xf3, 0x9c, 0xb3, 0x94, 0x92, 0x8c, 0x51, 0x84, 0xef, 0x7b, 0x8e, 0x73, 0x2d, 0x63, 0xec, 0x5a,
  0xcb, 0x5a, 0xcb, 0x5a, 0xcb, 0x52, 0xab, 0x52, 0xeb, 0x5a, 0xcb, 0x5a, 0xcb, 0x5a, 0xab, 0x52,
  0x8a, 0x52, 0x69, 0x4a, 0x6e, 0x6b, 0x87, 0x29, 0x46, 0x21, 0x46, 0x21, 0x46, 0x21, 0x46, 0x21,
  0x46, 0x21, 0x46, 0x21, 0x46, 0x21, 0x46, 0x21, 0x46, 0x21, 0x46, 0x21, 0x46, 0x21, 0x46, 0x21,
  0x46, 0x21, 0x46, 0x21, 0x46, 0x21, 0x46, 0x21, 0x46, 0x21, 0x46, 0x21, 0x46, 0x21, 0x46, 0x21,
  0x46, 0x21, 0x46, 0x21, 0x46, 0x21, 0x46, 0x21, 0x46, 0x21, 0x46, 0x21, 0x46, 0x21, 0x46, 0x21,
  0x46, 0x21, 0x46, 0x21, 0x46, 0x21, 0x46, 0x21, 0x46, 0x21, 0x46, 0x21, 0x46, 0x21, 0x46, 0x21,
  0x46, 0x21, 0x46, 0x21, 0x46, 0x21, 0x46, 0x21, 0x46, 0x21, 0x46, 0x21, 0x46, 0x21, 0x46, 0x21,
  0x46, 0x21, 0x46, 0x21, 0x46, 0x21, 0x46, 0x21, 0x46, 0x21, 0x46, 0x21, 0x46, 0x21, 0x46, 0x21,
  0x46, 0x21, 0x46, 0x21, 0x46, 0x21, 0x46, 0x21, 0x46, 0x21, 0x46, 0x21, 0x46, 0x21, 0x46, 0x21,
  0x46, 0x21, 0x46, 0x21, 0x46, 0x21, 0x46, 0x21, 0x46, 0x21, 0x46, 0x21, 0x46, 0x21, 0x46, 0x21,
  0x26, 0x21, 0xc8, 0x31, 0xab, 0x52, 0x24, 0x21, 0x65, 0x29, 0x45, 0x29, 0x65, 0x29, 0x66, 0x29,
  0x66, 0x29, 0x46, 0x29, 0x45, 0x29, 0x45, 0x29, 0x65, 0x29, 0x66, 0x29, 0x66, 0x29, 0x66, 0x29,
  0x66, 0x29, 0x66, 0x29, 0x66, 0x29, 0x66, 0x29, 0x25, 0x21, 0xec, 0x5a, 0xd4, 0x9c, 0x56, 0xad,
  0xd9, 0xbd, 0x5a, 0xce, 0x5b, 0xce, 0x7b, 0xce, 0x7b, 0xce, 0x9c, 0xd6, 0xd4, 0x9c, 0x45, 0x29,
  0x86, 0x31, 0x66, 0x29, 0x66, 0x29, 0x66, 0x29, 0x66, 0x29, 0x46, 0x29, 0x66, 0x29, 0x45, 0x29,
  0x45, 0x21, 0x45, 0x21, 0x46, 0x29, 0x66, 0x29, 0x46, 0x29, 0x66, 0x29, 0x46, 0x29, 0x45, 0x29,
  0x45, 0x29, 0x45, 0x29, 0x45, 0x29, 0x45, 0x29, 0x46, 0x29, 0x45, 0x21, 0x25, 0x21, 0xe5, 0x18,
  0x46, 0x29, 0x66, 0x29, 0x66, 0x29, 0x86, 0x29, 0x86, 0x29, 0x66, 0x29, 0x87, 0x31, 0x49, 0x42,
  0x8a, 0x4a, 0x6a, 0x4a, 0x6a, 0x4a, 0x6a, 0x4a, 0x6a, 0x4a, 0x6a, 0x4a, 0x8a, 0x52, 0x45, 0x21,
  0x26, 0x21, 0x8a, 0x4a, 0x8a, 0x4a, 0x6a, 0x4a, 0x6a, 0x4a, 0x8a, 0x4a, 0x8a, 0x4a, 0x8a, 0x4a,
  0x8a, 0x4a, 0x69, 0x4a, 0x69, 0x4a, 0x69, 0x4a, 0x49, 0x4a, 0x28, 0x42, 0x69, 0x4a, 0x8a, 0x52,
  0x8a, 0x52, 0x69, 0x4a, 0x69, 0x4a, 0x8a, 0x52, 0xaa, 0x52, 0xaa, 0x52, 0xaa, 0x52, 0xaa, 0x52,
  0xaa, 0x52, 0xaa, 0x52, 0x8a, 0x52, 0x6a, 0x4a, 0x49, 0x4a, 0x29, 0x42, 0xe8, 0x39, 0xa7, 0x31,
  0x87, 0x31, 0x86, 0x31, 0x8a, 0x4a, 0xcb, 0x52, 0xab, 0x52, 0xab, 0x52, 0xab, 0x52, 0xab, 0x52,
  0xab, 0x52, 0x8a, 0x52, 0x6d, 0x6b, 0x54, 0xad, 0x34, 0xa5, 0x13, 0x9d, 0xd3, 0x94, 0xd3, 0x94,
  0xf3, 0x94, 0xf3, 0x9c, 0xf3, 0x9c, 0xf3, 0x9c, 0x14, 0x9d, 0x13, 0x9d, 0xf3, 0x9c, 0xb2, 0x94,
  0x71, 0x8c, 0x30, 0x84, 0xef, 0x7b, 0x8e, 0x6b, 0x2c, 0x63, 0xeb, 0x5a, 0xcb, 0x5a, 0xab, 0x52,
  0xab, 0x52, 0xab, 0x52, 0xcb, 0x52, 0xcb, 0x5a, 0xeb, 0x5a, 0xeb, 0x5a, 0xeb, 0x5a, 0xeb, 0x5a,
  0xcb, 0x5a, 0xcb, 0x5a, 0xcb, 0x5a, 0xab, 0x52, 0x8a, 0x52, 0x6a, 0x4a, 0x6d, 0x6b, 0x67, 0x29,
  0x46, 0x21, 0x46, 0x21, 0x46, 0x21, 0x46, 0x21, 0x46, 0x21, 0x46, 0x21, 0x46, 0x21, 0x46, 0x21,
  0x46, 0x21, 0x46, 0x21, 0x46, 0x21, 0x46, 0x21, 0x46, 0x21, 0x46, 0x21, 0x46, 0x21, 0x46, 0x21,
  0x46, 0x21, 0x46, 0x21, 0x46, 0x21, 0x46, 0x21, 0x46, 0x21, 0x46, 0x21, 0x46, 0x21, 0x46, 0x21,
  0x46, 0x21, 0x46, 0x21, 0x46, 0x21, 0x46, 0x21, 0x46, 0x21, 0x46, 0x21, 0x46, 0x21, 0x46, 0x21,
  0x46, 0x21, 0x46, 0x21, 0x46, 0x21, 0x46, 0x21, 0x46, 0x21, 0x46, 0x21, 0x46, 0x21, 0x46, 0x21,
  0x46, 0x21, 0x46, 0x21, 0x46, 0x21, 0x46, 0x21, 0x46, 0x21, 0x46, 0x21, 0x46, 0x21, 0x46, 0x21,
  0x46, 0x21, 0x46, 0x21, 0x46, 0x21, 0x46, 0x21, 0x46, 0x21, 0x46, 0x21, 0x46, 0x21, 0x46, 0x21,
  0x46, 0x21, 0x46, 0x21, 0x46, 0x21, 0x46, 0x21, 0x46, 0x21, 0x46, 0x21, 0x46, 0x21, 0x46, 0x21,
  0x46, 0x21, 0x46, 0x21, 0x46, 0x21, 0x46, 0x21, 0x26, 0x21, 0xc8, 0x31, 0xab, 0x52, 0x24, 0x21,
  0x45, 0x29, 0x45, 0x29, 0x65, 0x29, 0x66, 0x29, 0x46, 0x29, 0x46, 0x29, 0x45, 0x29, 0x46, 0x29,
  0x46, 0x29, 0x66, 0x29, 0x66, 0x29, 0x66, 0x29, 0x66, 0x29, 0x66, 0x29, 0x66, 0x29, 0x66, 0x29,
  0x66, 0x29, 0x45, 0x29, 0x45, 0x21, 0x86, 0x31, 0x49, 0x4a, 0xec, 0x5a, 0xd0, 0x7b, 0x93, 0x94,
  0x15, 0xa5, 0x36, 0xa5, 0xb7, 0xb5, 0x4a, 0x4a, 0x45, 0x29, 0x86, 0x29, 0x66, 0x29, 0x66, 0x29,
  0x66, 0x29, 0x66, 0x29, 0x66, 0x29, 0x45, 0x29, 0x45, 0x21, 0x45, 0x29, 0x46, 0x29, 0x66, 0x29,
  0x46, 0x29, 0x45, 0x29, 0x45, 0x29, 0x45, 0x29, 0x45, 0x21, 0x45, 0x29, 0x45, 0x29, 0x45, 0x29,
  0x45, 0x29, 0x45, 0x21, 0x26, 0x21, 0xe5, 0x18, 0x45, 0x29, 0x66, 0x29, 0x66, 0x29, 0x66, 0x29,
  0x86, 0x29, 0x66, 0x29, 0x87, 0x31, 0x49, 0x42, 0x6a, 0x4a, 0x6a, 0x4a, 0x6a, 0x4a, 0x6a, 0x4a,
  0x6a, 0x4a, 0x6a, 0x4a, 0x8a, 0x52, 0x45, 0x21, 0x26, 0x21, 0x8a, 0x52, 0x8a, 0x4a, 0x6a, 0x4a,
  0x6a, 0x4a, 0x6a, 0x4a, 0x6a, 0x4a, 0x6a, 0x4a, 0x8a, 0x4a, 0x6a, 0x4a, 0x69, 0x4a, 0x69, 0x4a,
  0x8a, 0x4a, 0x8a, 0x4a, 0x8a, 0x52, 0xaa, 0x52, 0xaa, 0x52, 0x8a, 0x52, 0x8a, 0x52, 0x8a, 0x52,
  0x6a, 0x4a, 0x49, 0x4a, 0x08, 0x42, 0xc8, 0x39, 0x87, 0x31, 0x66, 0x29, 0x87, 0x31, 0x66, 0x29,
  0x66, 0x29, 0x66, 0x29, 0xa7, 0x31, 0x08, 0x42, 0xab, 0x52, 0x49, 0x4a, 0x6a, 0x4a, 0xcb, 0x5a,
  0xab, 0x52, 0xab, 0x52, 0xab, 0x52, 0xaa, 0x52, 0xcb, 0x52, 0x8a, 0x52, 0x8e, 0x6b, 0x34, 0xa5,
  0x14, 0x9d, 0x14, 0x9d, 0x14, 0x9d, 0x13, 0x9d, 0xf3, 0x94, 0xb2, 0x94, 0x71, 0x84, 0x30, 0x84,
  0xef, 0x7b, 0x8e, 0x6b, 0x2c, 0x63, 0xeb, 0x5a, 0xaa, 0x52, 0x8a, 0x52, 0x8a, 0x52, 0x8a, 0x52,
  0xab, 0x52, 0xcb, 0x52, 0xcb, 0x5a, 0xcb, 0x5a, 0xcb, 0x5a, 0xeb, 0x5a, 0xeb, 0x5a, 0xeb, 0x5a,
  0xeb, 0x5a, 0xeb, 0x5a, 0xeb, 0x5a, 0xeb, 0x5a, 0xeb, 0x5a, 0xcb, 0x5a, 0xcb, 0x52, 0xaa, 0x52,
  0x8a, 0x52, 0x6a, 0x4a, 0x2d, 0x63, 0x67, 0x29, 0x46, 0x21, 0x46, 0x21, 0x46, 0x21, 0x46, 0x21,
  0x46, 0x21, 0x46, 0x21, 0x46, 0x21, 0x46, 0x21, 0x46, 0x21, 0x46, 0x21, 0x46, 0x21, 0x46, 0x21,
  0x46, 0x21, 0x46, 0x21, 0x46, 0x21, 0x46, 0x21, 0x46, 0x21, 0x46, 0x21, 0x46, 0x21, 0x46, 0x21,
  0x46, 0x21, 0x46, 0x21, 0x46, 0x21, 0x46, 0x21, 0x46, 0x21, 0x46, 0x21, 0x46, 0x21, 0x46, 0x21,
  0x46, 0x21, 0x46, 0x21, 0x46, 0x21, 0x46, 0x21, 0x46, 0x21, 0x46, 0x21, 0x46, 0x21, 0x46, 0x21,
  0x46, 0x21, 0x46, 0x21, 0x46, 0x21, 0x46, 0x21, 0x46, 0x21, 0x46, 0x21, 0x46, 0x21, 0x46, 0x21,
  0x46, 0x21, 0x46, 0x21, 0x46, 0x21, 0x46, 0x21, 0x46, 0x21, 0x46, 0x21, 0x46, 0x21, 0x46, 0x21,
  0x46, 0x21, 0x46, 0x21, 0x46, 0x21, 0x46, 0x21, 0x46, 0x21, 0x46, 0x21, 0x46, 0x21, 0x46, 0x21,
  0x46, 0x21, 0x46, 0x21, 0x46, 0x21, 0x46, 0x21, 0x46, 0x21, 0x46, 0x21, 0x46, 0x21, 0x46, 0x21,
  0x26, 0x21, 0xc8, 0x31, 0xab, 0x52, 0x04, 0x21, 0x45, 0x29, 0x45, 0x29, 0x45, 0x29, 0x45, 0x29,
  0x46, 0x29, 0x45, 0x29, 0x45, 0x29, 0x45, 0x29, 0x45, 0x29, 0x66, 0x29, 0x66, 0x29, 0x66, 0x29,
  0x66, 0x29, 0x66, 0x29, 0x66, 0x29, 0x66, 0x29, 0x66, 0x29, 0x66, 0x29, 0x66, 0x29, 0x65, 0x29,
  0x04, 0x19, 0xe4, 0x18, 0x04, 0x19, 0x45, 0x21, 0x45, 0x29, 0xa7, 0x31, 0x8a, 0x52, 0x08, 0x42,
  0x45, 0x29, 0x66, 0x29, 0x66, 0x29, 0x66, 0x29, 0x66, 0x29, 0x66, 0x29, 0x66, 0x29, 0x45, 0x29,
  0x45, 0x29, 0x45, 0x29, 0x45, 0x29, 0x45, 0x29, 0x45, 0x29, 0x45, 0x21, 0x45, 0x21, 0x45, 0x21,
  0x25, 0x21, 0x25, 0x21, 0x45, 0x29, 0x45, 0x29, 0x45, 0x29, 0x45, 0x29, 0x26, 0x21, 0xe5, 0x18,
  0x45, 0x29, 0x66, 0x29, 0x66, 0x29, 0x66, 0x29, 0x66, 0x29, 0x66, 0x29, 0x87, 0x31, 0x49, 0x42,
  0x69, 0x4a, 0x69, 0x4a, 0x69, 0x4a, 0x69, 0x4a, 0x6a, 0x4a, 0x69, 0x4a, 0x8a, 0x4a, 0x45, 0x21,
  0x26, 0x21, 0x8a, 0x4a, 0x8a, 0x4a, 0x6a, 0x4a, 0x6a, 0x4a, 0x6a, 0x4a, 0x6a, 0x4a, 0x8a, 0x52,
  0x8a, 0x52, 0x8a, 0x52, 0xaa, 0x52, 0xaa, 0x52, 0x8a, 0x52, 0x69, 0x4a, 0x49, 0x4a, 0x29, 0x42,
  0xe8, 0x39, 0x87, 0x31, 0x46, 0x29, 0x66, 0x29, 0xa7, 0x31, 0xa7, 0x31, 0x86, 0x29, 0x66, 0x29,
  0xa7, 0x31, 0xe8, 0x39, 0x6a, 0x4a, 0xeb, 0x5a, 0xec, 0x5a, 0x4d, 0x63, 0xcf, 0x7b, 0x71, 0x8c,
  0xef, 0x7b, 0x29, 0x42, 0x6a, 0x4a, 0xcb, 0x5a, 0xab, 0x52, 0xab, 0x52, 0xab, 0x52, 0xab, 0x52,
  0xab, 0x52, 0x8a, 0x52, 0x6e, 0x6b, 0xf3, 0x94, 0x51, 0x84, 0x30, 0x7c, 0xcf, 0x73, 0x8d, 0x6b,
  0x2c, 0x63, 0xcb, 0x5a, 0xaa, 0x52, 0xaa, 0x52, 0xaa, 0x52, 0xaa, 0x52, 0xaa, 0x52, 0xaa, 0x52,
  0xab, 0x52, 0xab, 0x52, 0xab, 0x52, 0xab, 0x52, 0xcb, 0x5a, 0xcb, 0x5a, 0xcb, 0x5a, 0xcb, 0x5a,
  0xcb, 0x5a, 0xcb, 0x5a, 0xcb, 0x5a, 0xcb, 0x5a, 0xeb, 0x5a, 0xcb, 0x5a, 0xeb, 0x5a, 0xeb, 0x5a,
  0xcb, 0x5a, 0xab, 0x52, 0xcb, 0x52, 0xaa, 0x52, 0x8a, 0x52, 0x6a, 0x4a, 0x0c, 0x63, 0x67, 0x29,
  0x46, 0x21, 0x46, 0x21, 0x46, 0x21, 0x46, 0x21, 0x46, 0x21, 0x46, 0x21, 0x46, 0x21, 0x46, 0x21,
  0x46, 0x21, 0x46, 0x21, 0x46, 0x21, 0x46, 0x21, 0x46, 0x21, 0x46, 0x21, 0x46, 0x21, 0x46, 0x21,
  0x46, 0x21, 0x46, 0x21, 0x46, 0x21, 0x46, 0x21, 0x46, 0x21, 0x46, 0x21, 0x46, 0x21, 0x46, 0x21,
  0x46, 0x21, 0x46, 0x21, 0x46, 0x21, 0x46, 0x21, 0x46, 0x21, 0x46, 0x21, 0x46, 0x21, 0x46, 0x21,
  0x46, 0x21, 0x46, 0x21, 0x46, 0x21, 0x46, 0x21, 0x46, 0x21, 0x46, 0x21, 0x46, 0x21, 0x46, 0x21,
  0x46, 0x21, 0x46, 0x21, 0x46, 0x21, 0x46, 0x21, 0x46, 0x21, 0x46, 0x21, 0x46, 0x21, 0x46, 0x21,
  0x46, 0x21, 0x46, 0x21, 0x46, 0x21, 0x46, 0x21, 0x46, 0x21, 0x46, 0x21, 0x46, 0x21, 0x46, 0x21,
  0x46, 0x21, 0x46, 0x21, 0x46, 0x21, 0x46, 0x21, 0x46, 0x21, 0x46, 0x21, 0x46, 0x21, 0x46, 0x21,
  0x46, 0x21, 0x46, 0x21, 0x46, 0x21, 0x46, 0x21, 0x26, 0x21, 0xc8, 0x31, 0xab, 0x52, 0x04, 0x21,
  0x45, 0x29, 0x25, 0x29, 0x45, 0x29, 0x45, 0x29, 0x46, 0x29, 0x45, 0x29, 0x45, 0x29, 0x45, 0x29,
  0x45, 0x29, 0x66, 0x29, 0x66, 0x29, 0x66, 0x29, 0x66, 0x29, 0x66, 0x29, 0x66, 0x29, 0x66, 0x29,
  0x66, 0x29, 0x66, 0x29, 0x45, 0x29, 0x25, 0x21, 0xab, 0x52, 0x2d, 0x63, 0xab, 0x52, 0x66, 0x29,
  0x25, 0x21, 0x66, 0x29, 0x25, 0x21, 0x45, 0x29, 0x66, 0x29, 0x66, 0x29, 0x66, 0x29, 0x66, 0x29,
  0x66, 0x29, 0x46, 0x29, 0x46, 0x29, 0x45, 0x29, 0x45, 0x29, 0x45, 0x21, 0x45, 0x29, 0x45, 0x21,
  0x45, 0x21, 0x45, 0x21, 0x25, 0x21, 0x25, 0x21, 0x25, 0x21, 0x25, 0x21, 0x45, 0x21, 0x45, 0x29,
  0x45, 0x29, 0x45, 0x29, 0x25, 0x21, 0xe5, 0x18, 0x45, 0x29, 0x66, 0x29, 0x66, 0x29, 0x66, 0x29,
  0x66, 0x29, 0x66, 0x29, 0x87, 0x31, 0x49, 0x42, 0x69, 0x4a, 0x69, 0x4a, 0x69, 0x4a, 0x6a, 0x4a,
  0x69, 0x4a, 0x69, 0x4a, 0x8a, 0x4a, 0x45, 0x21, 0x26, 0x21, 0x8a, 0x52, 0x8a, 0x52, 0xaa, 0x52,
  0xaa, 0x52, 0x8a, 0x52, 0x8a, 0x52, 0x49, 0x4a, 0x08, 0x42, 0xe8, 0x39, 0xa7, 0x31, 0x66, 0x29,
  0x25, 0x21, 0x45, 0x29, 0x86, 0x31, 0x66, 0x29, 0x66, 0x29, 0xa7, 0x31, 0x08, 0x42, 0x69, 0x4a,
  0xab, 0x52, 0xcb, 0x5a, 0xec, 0x5a, 0xcf, 0x73, 0x51, 0x84, 0x35, 0xa5, 0x75, 0xad, 0x71, 0x8c,
  0x34, 0xa5, 0x92, 0x8c, 0x51, 0x84, 0x71, 0x8c, 0xae, 0x73, 0x49, 0x42, 0x6a, 0x4a, 0xcb, 0x52,
  0xab, 0x52, 0xab, 0x52, 0xab, 0x52, 0xab, 0x52, 0xab, 0x52, 0xab, 0x52, 0xcb, 0x5a, 0xcb, 0x5a,
  0xaa, 0x52, 0xaa, 0x52, 0xaa, 0x52, 0xaa, 0x52, 0xaa, 0x52, 0xaa, 0x52, 0xab, 0x52, 0xab, 0x52,
  0xab, 0x52, 0xcb, 0x52, 0xab, 0x52, 0xab, 0x52, 0xab, 0x52, 0xab, 0x52, 0xaa, 0x52, 0xab, 0x52,
  0xab, 0x52, 0xab, 0x52, 0xcb, 0x52, 0xab, 0x52, 0xcb, 0x52, 0xcb, 0x5a, 0xcb, 0x5a, 0xcb, 0x5a,
  0xcb, 0x5a, 0xcb, 0x5a, 0xeb, 0x5a, 0xcb, 0x5a, 0xcb, 0x52, 0xab, 0x52, 0xab, 0x52, 0xaa, 0x52,
  0x8a, 0x4a, 0x8a, 0x4a, 0x8a, 0x4a, 0x46, 0x21, 0x46, 0x21, 0x46, 0x21, 0x46, 0x21, 0x46, 0x21,
  0x46, 0x21, 0x46, 0x21, 0x46, 0x21, 0x46, 0x21, 0x46, 0x21, 0x46, 0x21, 0x46, 0x21, 0x46, 0x21,
  0x46, 0x21, 0x46, 0x21, 0x46, 0x21, 0x46, 0x21, 0x46, 0x21, 0x46, 0x21, 0x46, 0x21, 0x46, 0x21,
  0x46, 0x21, 0x46, 0x21, 0x46, 0x21, 0x46, 0x21, 0x46, 0x21, 0x46, 0x21, 0x46, 0x21, 0x46, 0x21,
  0x46, 0x21, 0x46, 0x21, 0x46, 0x21, 0x46, 0x21, 0x46, 0x21, 0x46, 0x21, 0x46, 0x21, 0x46, 0x21,
  0x46, 0x21, 0x46, 0x21, 0x46, 0x21, 0x46, 0x21, 0x46, 0x21, 0x46, 0x21, 0x46, 0x21, 0x46, 0x21,
  0x46, 0x21, 0x46, 0x21, 0x46, 0x21, 0x46, 0x21, 0x46, 0x21, 0x46, 0x21, 0x46, 0x21, 0x46, 0x21,
  0x46, 0x21, 0x46, 0x21, 0x46, 0x21, 0x46, 0x21, 0x46, 0x21, 0x46, 0x21, 0x46, 0x21, 0x46, 0x21,
  0x46, 0x21, 0x46, 0x21, 0x46, 0x21, 0x46, 0x21, 0x46, 0x21, 0x46, 0x21, 0x46, 0x21, 0x46, 0x21,
  0x26, 0x21, 0xc8, 0x31, 0xab, 0x52, 0x04, 0x21, 0x45, 0x29, 0x25, 0x21, 0x45, 0x29, 0x45, 0x29,
  0x46, 0x29, 0x45, 0x29, 0x45, 0x29, 0x45, 0x29, 0x45, 0x29, 0x45, 0x29, 0x66, 0x29, 0x66, 0x29,
  0x66, 0x29, 0x66, 0x29, 0x45, 0x29, 0x45, 0x29, 0x66, 0x29, 0x45, 0x29, 0x86, 0x31, 0xb3, 0x94,
  0x5b, 0xce, 0x1a, 0xc6, 0x1a, 0xc6, 0xf4, 0x9c, 0x29, 0x42, 0x25, 0x21, 0x86, 0x29, 0x66, 0x29,
  0x66, 0x29, 0x66, 0x29, 0x66, 0x29, 0x66, 0x29, 0x66, 0x29, 0x46, 0x29, 0x46, 0x29, 0x45, 0x29,
  0x45, 0x29, 0x45, 0x21, 0x25, 0x21, 0x25, 0x21, 0x45, 0x21, 0x25, 0x21, 0x25, 0x21, 0x25, 0x21,
  0x25, 0x21, 0x25, 0x21, 0x45, 0x29, 0x45, 0x29, 0x45, 0x29, 0x45, 0x21, 0x25, 0x21, 0xe5, 0x18,
  0x45, 0x29, 0x66, 0x29, 0x66, 0x29, 0x66, 0x29, 0x66, 0x29, 0x66, 0x29, 0x87, 0x29, 0x49, 0x42,
  0x69, 0x4a, 0x69, 0x4a, 0x69, 0x4a, 0x6a, 0x4a, 0x69, 0x4a, 0x69, 0x4a, 0x8a, 0x4a, 0x45, 0x29,
  0x46, 0x21, 0x29, 0x42, 0x08, 0x42, 0xe8, 0x39, 0xa7, 0x31, 0x45, 0x29, 0x25, 0x21, 0x46, 0x29,
  0x86, 0x31, 0x86, 0x31, 0x66, 0x29, 0x86, 0x31, 0x08, 0x42, 0x69, 0x4a, 0xec, 0x5a, 0x8e, 0x73,
  0x8e, 0x6b, 0xcb, 0x5a, 0xcb, 0x5a, 0xcb, 0x5a, 0xab, 0x52, 0x8a, 0x52, 0x2d, 0x63, 0x75, 0xad,
  0xb2, 0x94, 0x71, 0x8c, 0x10, 0x7c, 0x0c, 0x5b, 0xeb, 0x5a, 0x8a, 0x4a, 0x8a, 0x4a, 0x49, 0x4a,
  0x8a, 0x52, 0x49, 0x4a, 0x69, 0x4a, 0xcb, 0x5a, 0xab, 0x52, 0xab, 0x52, 0xab, 0x52, 0xab, 0x52,
  0xab, 0x52, 0xab, 0x52, 0xaa, 0x52, 0xab, 0x52, 0xcb, 0x52, 0xab, 0x52, 0xab, 0x52, 0xab, 0x52,
  0x8a, 0x52, 0x8a, 0x52, 0xaa, 0x52, 0xaa, 0x52, 0xaa, 0x52, 0xab, 0x52, 0xab, 0x52, 0xaa, 0x52,
  0xab, 0x52, 0xaa, 0x52, 0xaa, 0x52, 0xab, 0x52, 0xaa, 0x52, 0xab, 0x52, 0xab, 0x52, 0xab, 0x52,
  0xab, 0x52, 0xcb, 0x5a, 0xcb, 0x5a, 0xcb, 0x5a, 0xcb, 0x5a, 0xcb, 0x5a, 0xcb, 0x5a, 0xcb, 0x52,
  0xab, 0x52, 0xab, 0x52, 0xab, 0x52, 0x8a, 0x52, 0x6a, 0x4a, 0x8a, 0x52, 0xc7, 0x31, 0x26, 0x21,
  0x46, 0x21, 0x46, 0x21, 0x46, 0x21, 0x46, 0x21, 0x46, 0x21, 0x46, 0x21, 0x46, 0x21, 0x46, 0x21,
  0x46, 0x21, 0x46, 0x21, 0x46, 0x21, 0x46, 0x21, 0x46, 0x21, 0x46, 0x21, 0x46, 0x21, 0x46, 0x21,
  0x46, 0x21, 0x46, 0x21, 0x46, 0x21, 0x46, 0x21, 0x46, 0x21, 0x46, 0x21, 0x46, 0x21, 0x46, 0x21,
  0x46, 0x21, 0x46, 0x21, 0x46, 0x21, 0x46, 0x21, 0x46, 0x21, 0x46, 0x21, 0x46, 0x21, 0x46, 0x21,
  0x46, 0x21, 0x46, 0x21, 0x46, 0x21, 0x46, 0x21, 0x46, 0x21, 0x46, 0x21, 0x46, 0x21, 0x46, 0x21,
  0x46, 0x21, 0x46, 0x21, 0x46, 0x21, 0x46, 0x21, 0x46, 0x21, 0x46, 0x21, 0x46, 0x21, 0x46, 0x21,
  0x46, 0x21, 0x46, 0x21, 0x46, 0x21, 0x46, 0x21, 0x46, 0x21, 0x46, 0x21, 0x46, 0x21, 0x46, 0x21,
  0x46, 0x21, 0x46, 0x21, 0x46, 0x21, 0x46, 0x21, 0x46, 0x21, 0x46, 0x21, 0x46, 0x21, 0x46, 0x21,
  0x46, 0x21, 0x46, 0x21, 0x46, 0x21, 0x46, 0x21, 0x26, 0x21, 0xc8, 0x31, 0x8b, 0x52, 0xe4, 0x18,
  0x25, 0x29, 0x25, 0x29, 0x45, 0x29, 0x45, 0x29, 0x45, 0x29, 0x45, 0x29, 0x45, 0x29, 0x45, 0x29,
  0x45, 0x29, 0x46, 0x29, 0x45, 0x29, 0x45, 0x29, 0x45, 0x29, 0x66, 0x29, 0x45, 0x29, 0x45, 0x29,
  0x66, 0x29, 0xe4, 0x18, 0xf0, 0x7b, 0xbc, 0xd6, 0x1a, 0xc6, 0x5a, 0xc6, 0x3a, 0xc6, 0x5b, 0xce,
  0x97, 0xb5, 0xe8, 0x39, 0x25, 0x21, 0x66, 0x29, 0x66, 0x29, 0x66, 0x29, 0x66, 0x29, 0x46, 0x29,
  0x46, 0x29, 0x45, 0x29, 0x46, 0x29, 0x45, 0x29, 0x45, 0x29, 0x45, 0x29, 0x25, 0x21, 0x25, 0x21,
  0x25, 0x21, 0x25, 0x21, 0x25, 0x21, 0x25, 0x21, 0x25, 0x21, 0x45, 0x21, 0x45, 0x29, 0x45, 0x29,
  0x45, 0x29, 0x45, 0x21, 0x25, 0x21, 0xe5, 0x18, 0x45, 0x29, 0x66, 0x29, 0x66, 0x29, 0x66, 0x29,
  0x66, 0x29, 0x46, 0x29, 0x87, 0x29, 0x49, 0x42, 0x69, 0x4a, 0x69, 0x4a, 0x69, 0x4a, 0x69, 0x4a,
  0x6a, 0x4a, 0x69, 0x4a, 0x8a, 0x4a, 0x46, 0x29, 0xc4, 0x10, 0x45, 0x29, 0x66, 0x29, 0x86, 0x29,
  0x86, 0x31, 0xc7, 0x31, 0xe7, 0x39, 0x28, 0x42, 0x69, 0x4a, 0xaa, 0x52, 0xec, 0x5a, 0x4d, 0x63,
  0xeb, 0x5a, 0x2c, 0x63, 0x14, 0x9d, 0x76, 0xad, 0x55, 0xa5, 0xcb, 0x5a, 0xaa, 0x52, 0xaa, 0x52,
  0xab, 0x52, 0xcb, 0x52, 0x8a, 0x52, 0x8a, 0x52, 0x49, 0x4a, 0x29, 0x42, 0x29, 0x42, 0x28, 0x42,
  0xe7, 0x39, 0xc7, 0x39, 0x66, 0x29, 0x25, 0x21, 0x8a, 0x52, 0x49, 0x4a, 0x69, 0x4a, 0xcb, 0x5a,
  0xab, 0x52, 0xab, 0x52, 0xab, 0x52, 0xab, 0x52, 0xaa, 0x52, 0xab, 0x52, 0xab, 0x52, 0xab, 0x52,
  0xaa, 0x52, 0xaa, 0x52, 0x8a, 0x52, 0xaa, 0x52, 0x8a, 0x52, 0x8a, 0x52, 0xaa, 0x52, 0xaa, 0x52,
  0xaa, 0x52, 0xaa, 0x52, 0xaa, 0x52, 0xaa, 0x52, 0xaa, 0x52, 0xaa, 0x52, 0xaa, 0x52, 0xaa, 0x52,
  0xaa, 0x52, 0xaa, 0x52, 0xab, 0x52, 0xab, 0x52, 0xab, 0x52, 0xcb, 0x52, 0xab, 0x52, 0xab, 0x52,
  0xcb, 0x5a, 0xcb, 0x52, 0xcb, 0x52, 0xab, 0x52, 0xab, 0x52, 0xaa, 0x52, 0xab, 0x52, 0x8a, 0x52,
  0x6a, 0x4a, 0x8a, 0x52, 0xc8, 0x39, 0x26, 0x21, 0x46, 0x21, 0x46, 0x21, 0x46, 0x21, 0x46, 0x21,
  0x46, 0x21, 0x46, 0x21, 0x46, 0x21, 0x46, 0x21, 0x46, 0x21, 0x46, 0x21, 0x46, 0x21, 0x46, 0x21,
  0x46, 0x21, 0x46, 0x21, 0x46, 0x21, 0x46, 0x21, 0x46, 0x21, 0x46, 0x21, 0x46, 0x21, 0x46, 0x21,
  0x46, 0x21, 0x46, 0x21, 0x46, 0x21, 0x46, 0x21, 0x46, 0x21, 0x46, 0x21, 0x46, 0x21, 0x46, 0x21,
  0x46, 0x21, 0x46, 0x21, 0x46, 0x21, 0x46, 0x21, 0x46, 0x21, 0x46, 0x21, 0x46, 0x21, 0x46, 0x21,
  0x46, 0x21, 0x46, 0x21, 0x46, 0x21, 0x46, 0x21, 0x46, 0x21, 0x46, 0x21, 0x46, 0x21, 0x46, 0x21,
  0x46, 0x21, 0x46, 0x21, 0x46, 0x21, 0x46, 0x21, 0x46, 0x21, 0x46, 0x21, 0x46, 0x21, 0x46, 0x21,
  0x46, 0x21, 0x46, 0x21, 0x46, 0x21, 0x46, 0x21, 0x46, 0x21, 0x46, 0x21, 0x46, 0x21, 0x46, 0x21,
  0x46, 0x21, 0x46, 0x21, 0x46, 0x21, 0x46, 0x21, 0x46, 0x21, 0x46, 0x21, 0x46, 0x21, 0x46, 0x21,
  0x26, 0x21, 0xc8, 0x31, 0x8b, 0x52, 0xe4, 0x18, 0x25, 0x21, 0x25, 0x21, 0x45, 0x29, 0x45, 0x29,
  0x45, 0x29, 0x45, 0x29, 0x45, 0x29, 0x45, 0x29, 0x45, 0x29, 0x45, 0x29, 0x45, 0x29, 0x46, 0x29,
  0x66, 0x29, 0x45, 0x29, 0x45, 0x29, 0x45, 0x29, 0x25, 0x21, 0xc7, 0x39, 0xb8, 0xb5, 0x5b, 0xce,
  0x5b, 0xce, 0xb8, 0xb5, 0x19, 0xc6, 0x5b, 0xce, 0x3a, 0xc6, 0x93, 0x94, 0x45, 0x21, 0x66, 0x29,
  0x66, 0x29, 0x66, 0x29, 0x46, 0x29, 0x46, 0x29, 0x45, 0x29, 0x45, 0x29, 0x46, 0x29, 0x45, 0x29,
  0x45, 0x29, 0x45, 0x29, 0x25, 0x21, 0x25, 0x21, 0x25, 0x21, 0x25, 0x21, 0x25, 0x21, 0x25, 0x21,
  0x45, 0x21, 0x45, 0x21, 0x45, 0x29, 0x45, 0x29, 0x45, 0x29, 0x45, 0x21, 0x26, 0x21, 0xe5, 0x18,
  0x45, 0x29, 0x66, 0x29, 0x66, 0x29, 0x66, 0x29, 0x66, 0x29, 0x46, 0x29, 0x67, 0x29, 0x29, 0x42,
  0x69, 0x4a, 0x69, 0x4a, 0x6a, 0x4a, 0x6a, 0x4a, 0x6a, 0x4a, 0x6a, 0x4a, 0x8a, 0x4a, 0x66, 0x29,
  0x08, 0x42, 0xca, 0x52, 0xaa, 0x52, 0xaa, 0x52, 0xaa, 0x52, 0x4d, 0x6b, 0x30, 0x84, 0x30, 0x84,
  0xd3, 0x94, 0xf3, 0x94, 0x75, 0xa5, 0x75, 0xad, 0x0c, 0x63, 0xab, 0x52, 0x6e, 0x6b, 0x0c, 0x5b,
  0xcb, 0x5a, 0x6a, 0x4a, 0x6a, 0x4a, 0xaa, 0x52, 0x49, 0x42, 0x28, 0x42, 0x08, 0x42, 0xc7, 0x39,
  0xe7, 0x39, 0xa6, 0x31, 0xa6, 0x31, 0xa6, 0x31, 0x85, 0x31, 0x03, 0x21, 0xc3, 0x18, 0x62, 0x08,
  0x69, 0x4a, 0x49, 0x4a, 0x69, 0x4a, 0xcb, 0x52, 0xab, 0x52, 0xaa, 0x52, 0xab, 0x52, 0xaa, 0x52,
  0xaa, 0x52, 0xaa, 0x52, 0xaa, 0x52, 0xaa, 0x52, 0xaa, 0x52, 0x8a, 0x52, 0xaa, 0x52, 0x8a, 0x52,
  0x8a, 0x52, 0x8a, 0x52, 0x8a, 0x52, 0x8a, 0x52, 0x8a, 0x52, 0x8a, 0x52, 0x8a, 0x52, 0x8a, 0x52,
  0x8a, 0x52, 0x8a, 0x52, 0xaa, 0x52, 0xaa, 0x52, 0x8a, 0x52, 0x8a, 0x52, 0xaa, 0x52, 0xab, 0x52,
  0xab, 0x52, 0xab, 0x52, 0xaa, 0x52, 0xab, 0x52, 0xcb, 0x52, 0xab, 0x52, 0xab, 0x52, 0xab, 0x52,
  0xab, 0x52, 0xaa, 0x52, 0xaa, 0x52, 0x8a, 0x52, 0x6a, 0x4a, 0x8a, 0x52, 0xe8, 0x39, 0x26, 0x21,
  0x46, 0x21, 0x46, 0x21, 0x46, 0x21, 0x46, 0x21, 0x46, 0x21, 0x46, 0x21, 0x46, 0x21, 0x46, 0x21,
  0x46, 0x21, 0x46, 0x21, 0x46, 0x21, 0x46, 0x21, 0x46, 0x21, 0x46, 0x21, 0x46, 0x21, 0x46, 0x21,
  0x46, 0x21, 0x46, 0x21, 0x46, 0x21, 0x46, 0x21, 0x46, 0x21, 0x46, 0x21, 0x46, 0x21, 0x46, 0x21,
  0x46, 0x21, 0x46, 0x21, 0x46, 0x21, 0x46, 0x21, 0x46, 0x21, 0x46, 0x21, 0x46, 0x21, 0x46, 0x21,
  0x46, 0x21, 0x46, 0x21, 0x46, 0x21, 0x46, 0x21, 0x46, 0x21, 0x46, 0x21, 0x46, 0x21, 0x46, 0x21,
  0x46, 0x21, 0x46, 0x21, 0x46, 0x21, 0x46, 0x21, 0x46, 0x21, 0x46, 0x21, 0x46, 0x21, 0x46, 0x21,
  0x46, 0x21, 0x46, 0x21, 0x46, 0x21, 0x46, 0x21, 0x46, 0x21, 0x46, 0x21, 0x46, 0x21, 0x46, 0x21,
  0x46, 0x21, 0x46, 0x21, 0x46, 0x21, 0x46, 0x21, 0x46, 0x21, 0x46, 0x21, 0x46, 0x21, 0x46, 0x21,
  0x46, 0x21, 0x46, 0x21, 0x46, 0x21, 0x46, 0x21, 0x26, 0x21, 0xc8, 0x31, 0x8b, 0x52, 0xe4, 0x18,
  0x25, 0x21, 0x25, 0x21, 0x45, 0x29, 0x45, 0x29, 0x45, 0x29, 0x45, 0x29, 0x45, 0x29, 0x45, 0x29,
  0x45, 0x29, 0x45, 0x29, 0x45, 0x29, 0x65, 0x29, 0x66, 0x29, 0x45, 0x29, 0x45, 0x29, 0x66, 0x29,
  0x04, 0x21, 0xab, 0x52, 0x5a, 0xce, 0x19, 0xc6, 0x2d, 0x63, 0x66, 0x29, 0xe8, 0x39, 0x32, 0x84,
  0x1a, 0xc6, 0xd8, 0xbd, 0x4a, 0x4a, 0x04, 0x21, 0x66, 0x29, 0x46, 0x29, 0x46, 0x29, 0x45, 0x29,
  0x45, 0x29, 0x45, 0x29, 0x45, 0x29, 0x45, 0x29, 0x45, 0x29, 0x45, 0x21, 0x25, 0x21, 0x25, 0x21,
  0x25, 0x21, 0x25, 0x21, 0x25, 0x21, 0x25, 0x21, 0x25, 0x21, 0x45, 0x21, 0x45, 0x29, 0x45, 0x29,
  0x45, 0x21, 0x45, 0x21, 0x26, 0x21, 0xc5, 0x18, 0x45, 0x29, 0x46, 0x29, 0x66, 0x29, 0x66, 0x29,
  0x66, 0x29, 0x46, 0x29, 0x67, 0x29, 0x29, 0x42, 0x69, 0x4a, 0x69, 0x4a, 0x6a, 0x4a, 0x6a, 0x4a,
  0x6a, 0x4a, 0x69, 0x4a, 0x8a, 0x52, 0x46, 0x29, 0xc7, 0x39, 0x8a, 0x52, 0x10, 0x7c, 0xb6, 0xad,
  0x55, 0xa5, 0x92, 0x8c, 0x31, 0x84, 0x10, 0x7c, 0xae, 0x73, 0x2c, 0x63, 0xeb, 0x5a, 0xaa, 0x52,
  0x6a, 0x4a, 0x8a, 0x52, 0x8a, 0x52, 0x6a, 0x4a, 0xeb, 0x5a, 0xae, 0x73, 0xf0, 0x7b, 0x0c, 0x5b,
  0xc7, 0x39, 0x85, 0x31, 0xa6, 0x31, 0x65, 0x29, 0x65, 0x29, 0x85, 0x31, 0x07, 0x42, 0xe7, 0x39,
  0x07, 0x42, 0x27, 0x42, 0x69, 0x4a, 0xe7, 0x39, 0x29, 0x42, 0x49, 0x4a, 0x69, 0x4a, 0xab, 0x52,
  0xaa, 0x52, 0xaa, 0x52, 0xaa, 0x52, 0xaa, 0x52, 0xaa, 0x52, 0xaa, 0x52, 0xaa, 0x52, 0xaa, 0x52,
  0x8a, 0x52, 0x8a, 0x52, 0x8a, 0x52, 0x8a, 0x52, 0x8a, 0x52, 0x8a, 0x52, 0x8a, 0x52, 0x8a, 0x52,
  0x8a, 0x52, 0x8a, 0x52, 0x8a, 0x52, 0x8a, 0x52, 0x8a, 0x52, 0x8a, 0x52, 0x8a, 0x52, 0x8a, 0x52,
  0x8a, 0x52, 0x8a, 0x52, 0xaa, 0x52, 0xaa, 0x52, 0xaa, 0x52, 0xaa, 0x52, 0xaa, 0x52, 0xaa, 0x52,
  0xab, 0x52, 0xaa, 0x52, 0xaa, 0x52, 0xaa, 0x52, 0xaa, 0x52, 0xaa, 0x52, 0xaa, 0x52, 0x8a, 0x52,
  0x6a, 0x4a, 0x8a, 0x4a, 0xc7, 0x31, 0x26, 0x21, 0x46, 0x21, 0x46, 0x21, 0x46, 0x21, 0x46, 0x21,
  0x46, 0x21, 0x46, 0x21, 0x46, 0x21, 0x46, 0x21, 0x46, 0x21, 0x46, 0x21, 0x46, 0x21, 0x46, 0x21,
  0x46, 0x21, 0x46, 0x21, 0x46, 0x21, 0x46, 0x21, 0x46, 0x21, 0x46, 0x21, 0x46, 0x21, 0x46, 0x21,
  0x46, 0x21, 0x46, 0x21, 0x46, 0x21, 0x46, 0x21, 0x46, 0x21, 0x46, 0x21, 0x46, 0x21, 0x46, 0x21,
  0x46, 0x21, 0x46, 0x21, 0x46, 0x21, 0x46, 0x21, 0x46, 0x21, 0x46, 0x21, 0x46, 0x21, 0x46, 0x21,
  0x46, 0x21, 0x46, 0x21, 0x46, 0x21, 0x46, 0x21, 0x46, 0x21, 0x46, 0x21, 0x46, 0x21, 0x46, 0x21,
  0x46, 0x21, 0x46, 0x21, 0x46, 0x21, 0x46, 0x21, 0x46, 0x21, 0x46, 0x21, 0x46, 0x21, 0x46, 0x21,
  0x46, 0x21, 0x46, 0x21, 0x46, 0x21, 0x46, 0x21, 0x46, 0x21, 0x46, 0x21, 0x46, 0x21, 0x46, 0x21,
  0x46, 0x21, 0x46, 0x21, 0x46, 0x21, 0x46, 0x21, 0x46, 0x21, 0x46, 0x21, 0x46, 0x21, 0x46, 0x21,
  0x26, 0x21, 0xc8, 0x31, 0x8b, 0x52, 0xe3, 0x18, 0x25, 0x21, 0x25, 0x21, 0x45, 0x29, 0x45, 0x29,
  0x45, 0x29, 0x45, 0x29, 0x45, 0x29, 0x45, 0x21, 0x45, 0x29, 0x45, 0x29, 0x45, 0x29, 0x45, 0x29,
  0x45, 0x29, 0x45, 0x29, 0x45, 0x29, 0x66, 0x29, 0x04, 0x21, 0x4e, 0x6b, 0x5b, 0xce, 0x11, 0x84,
  0xc3, 0x18, 0x45, 0x29, 0x25, 0x21, 0x25, 0x21, 0x73, 0x8c, 0x1a, 0xc6, 0xaf, 0x73, 0x04, 0x21,
  0x66, 0x29, 0x45, 0x29, 0x45, 0x29, 0x45, 0x29, 0x45, 0x29, 0x45, 0x29, 0x45, 0x29, 0x45, 0x29,
  0x45, 0x29, 0x25, 0x21, 0x25, 0x21, 0x25, 0x21, 0x25, 0x21, 0x45, 0x21, 0x25, 0x21, 0x25, 0x21,
  0x25, 0x21, 0x25, 0x21, 0x45, 0x21, 0x45, 0x21, 0x25, 0x21, 0x25, 0x21, 0x26, 0x21, 0xc5, 0x18,
  0x45, 0x29, 0x46, 0x29, 0x66, 0x29, 0x66, 0x29, 0x66, 0x29, 0x46, 0x29, 0x67, 0x29, 0x29, 0x42,
  0x49, 0x4a, 0x69, 0x4a, 0x6a, 0x4a, 0x6a, 0x4a, 0x6a, 0x4a, 0x6a, 0x4a, 0x8a, 0x52, 0x25, 0x21,
  0xa7, 0x31, 0x8a, 0x52, 0xab, 0x52, 0x4d, 0x63, 0xca, 0x52, 0x69, 0x4a, 0x08, 0x42, 0x29, 0x42,
  0x49, 0x4a, 0x6a, 0x4a, 0x8a, 0x52, 0x8a, 0x52, 0xaa, 0x52, 0xcf, 0x7b, 0x71, 0x8c, 0x4d, 0x63,
  0xcb, 0x5a, 0x4d, 0x6b, 0x2c, 0x63, 0xab, 0x52, 0xe7, 0x39, 0xe6, 0x39, 0x07, 0x42, 0xe7, 0x39,
  0xe7, 0x41, 0xc6, 0x39, 0xc6, 0x39, 0xaa, 0x52, 0xaa, 0x52, 0x8a, 0x52, 0xcb, 0x5a, 0xcb, 0x5a,
  0xab, 0x52, 0x29, 0x42, 0x69, 0x4a, 0xab, 0x52, 0xab, 0x52, 0xaa, 0x52, 0xaa, 0x52, 0xaa, 0x52,
  0xaa, 0x52, 0xaa, 0x52, 0xaa, 0x52, 0xaa, 0x52, 0x8a, 0x52, 0x8a, 0x52, 0x8a, 0x52, 0x8a, 0x52,
  0x8a, 0x52, 0x8a, 0x52, 0x8a, 0x52, 0x8a, 0x52, 0x8a, 0x52, 0x8a, 0x52, 0x8a, 0x52, 0x8a, 0x52,
  0x8a, 0x52, 0x8a, 0x52, 0x8a, 0x52, 0x8a, 0x52, 0x8a, 0x52, 0x8a, 0x52, 0x8a, 0x52, 0x8a, 0x52,
  0xaa, 0x52, 0xaa, 0x52, 0xaa, 0x52, 0xab, 0x52, 0xaa, 0x52, 0xaa, 0x52, 0xaa, 0x52, 0xaa, 0x52,
  0xaa, 0x52, 0xaa, 0x52, 0x8a, 0x52, 0x8a, 0x52, 0x6a, 0x4a, 0x6a, 0x4a, 0xc8, 0x39, 0x26, 0x21,
  0x46, 0x21, 0x46, 0x21, 0x46, 0x21, 0x46, 0x21, 0x46, 0x21, 0x46, 0x21, 0x46, 0x21, 0x46, 0x21,
  0x46, 0x21, 0x46, 0x21, 0x46, 0x21, 0x46, 0x21, 0x46, 0x21, 0x46, 0x21, 0x46, 0x21, 0x46, 0x21,
  0x46, 0x21, 0x46, 0x21, 0x46, 0x21, 0x46, 0x21, 0x46, 0x21, 0x46, 0x21, 0x46, 0x21, 0x46, 0x21,
  0x46, 0x21, 0x46, 0x21, 0x46, 0x21, 0x46, 0x21, 0x46, 0x21, 0x46, 0x21, 0x46, 0x21, 0x46, 0x21,
  0x46, 0x21, 0x46, 0x21, 0x46, 0x21, 0x46, 0x21, 0x46, 0x21, 0x46, 0x21, 0x46, 0x21, 0x46, 0x21,
  0x46, 0x21, 0x46, 0x21, 0x46, 0x21, 0x46, 0x21, 0x46, 0x21, 0x46, 0x21, 0x46, 0x21, 0x46, 0x21,
  0x46, 0x21, 0x46, 0x21, 0x46, 0x21, 0x46, 0x21, 0x46, 0x21, 0x46, 0x21, 0x46, 0x21, 0x46, 0x21,
  0x46, 0x21, 0x46, 0x21, 0x46, 0x21, 0x46, 0x21, 0x46, 0x21, 0x46, 0x21, 0x46, 0x21, 0x46, 0x21,
  0x46, 0x21, 0x46, 0x21, 0x46, 0x21, 0x46, 0x21, 0x26, 0x21, 0xc8, 0x31, 0x8b, 0x52, 0xe4, 0x18,
  0x25, 0x21, 0x25, 0x21, 0x45, 0x29, 0x45, 0x29, 0x45, 0x29, 0x45, 0x29, 0x45, 0x29, 0x45, 0x21,
  0x45, 0x21, 0x45, 0x29, 0x45, 0x29, 0x45, 0x29, 0x45, 0x29, 0x45, 0x29, 0x45, 0x29, 0x66, 0x29,
  0x04, 0x19, 0x8f, 0x73, 0x9c, 0xd6, 0xec, 0x5a, 0x04, 0x21, 0x66, 0x29, 0x66, 0x29, 0x04, 0x21,
  0x6a, 0x4a, 0x5b, 0xce, 0xb4, 0x94, 0x45, 0x29, 0x46, 0x29, 0x45, 0x29, 0x45, 0x29, 0x45, 0x29,
  0x45, 0x29, 0x45, 0x29, 0x45, 0x29, 0x45, 0x29, 0x45, 0x29, 0x25, 0x21, 0x25, 0x21, 0x25, 0x21,
  0x45, 0x21, 0x25, 0x21, 0x25, 0x21, 0x25, 0x21, 0x25, 0x21, 0x25, 0x21, 0x25, 0x21, 0x45, 0x21,
  0x45, 0x21, 0x25, 0x21, 0x25, 0x21, 0xc5, 0x18, 0x25, 0x21, 0x45, 0x29, 0x46, 0x29, 0x66, 0x29,
  0x66, 0x29, 0x46, 0x29, 0x67, 0x29, 0x29, 0x42, 0x49, 0x4a, 0x69, 0x4a, 0x6a, 0x4a, 0x6a, 0x4a,
  0x6a, 0x4a, 0x69, 0x4a, 0x8a, 0x4a, 0x25, 0x21, 0xa7, 0x31, 0x8a, 0x4a, 0xaa, 0x52, 0x8e, 0x73,
  0x2c, 0x63, 0x49, 0x4a, 0x8a, 0x4a, 0x8a, 0x52, 0x8a, 0x52, 0x8a, 0x52, 0xaa, 0x52, 0x8a, 0x4a,
  0x8a, 0x52, 0xcb, 0x5a, 0xcb, 0x5a, 0x8a, 0x52, 0xcb, 0x5a, 0x4d, 0x6b, 0x30, 0x84, 0x2c, 0x63,
  0x49, 0x4a, 0xeb, 0x5a, 0xca, 0x5a, 0x8a, 0x52, 0xaa, 0x52, 0xaa, 0x52, 0xaa, 0x52, 0xcb, 0x52,
  0xcb, 0x5a, 0x2c, 0x63, 0x4d, 0x6b, 0x4d, 0x6b, 0x0c, 0x63, 0x28, 0x42, 0x6a, 0x4a, 0xab, 0x52,
  0xab, 0x52, 0xab, 0x52, 0xaa, 0x52, 0x8a, 0x52, 0x8a, 0x52, 0xaa, 0x52, 0x8a, 0x52, 0xaa, 0x52,
  0x8a, 0x52, 0x8a, 0x52, 0x8a, 0x52, 0x8a, 0x52, 0x8a, 0x52, 0x8a, 0x52, 0x8a, 0x52, 0x8a, 0x4a,
  0x8a, 0x52, 0x8a, 0x52, 0x8a, 0x52, 0x8a, 0x52, 0x8a, 0x52, 0x8a, 0x52, 0x8a, 0x52, 0x8a, 0x52,
  0x8a, 0x52, 0x8a, 0x52, 0x8a, 0x52, 0x8a, 0x52, 0x8b, 0x52, 0xab, 0x52, 0xab, 0x52, 0x8a, 0x52,
  0x8a, 0x52, 0x8a, 0x52, 0x8a, 0x52, 0x8a, 0x52, 0x8a, 0x52, 0x8a, 0x52, 0x8a, 0x52, 0x8a, 0x4a,
  0x6a, 0x4a, 0x8a, 0x52, 0xe8, 0x39, 0x26, 0x21, 0x46, 0x21, 0x46, 0x21, 0x46, 0x21, 0x46, 0x21,
  0x46, 0x21, 0x46, 0x21, 0x46, 0x21, 0x46, 0x21, 0x46, 0x21, 0x46, 0x21, 0x46, 0x21, 0x46, 0x21,
  0x46, 0x21, 0x46, 0x21, 0x46, 0x21, 0x46, 0x21, 0x46, 0x21, 0x46, 0x21, 0x46, 0x21, 0x46, 0x21,
  0x46, 0x21, 0x46, 0x21, 0x46, 0x21, 0x46, 0x21, 0x46, 0x21, 0x46, 0x21, 0x46, 0x21, 0x46, 0x21,
  0x46, 0x21, 0x46, 0x21, 0x46, 0x21, 0x46, 0x21, 0x46, 0x21, 0x46, 0x21, 0x46, 0x21, 0x46, 0x21,
  0x46, 0x21, 0x46, 0x21, 0x46, 0x21, 0x46, 0x21, 0x46, 0x21, 0x46, 0x21, 0x46, 0x21, 0x46, 0x21,
  0x46, 0x21, 0x46, 0x21, 0x46, 0x21, 0x46, 0x21, 0x46, 0x21, 0x46, 0x21, 0x46, 0x21, 0x46, 0x21,
  0x46, 0x21, 0x46, 0x21, 0x46, 0x21, 0x46, 0x21, 0x46, 0x21, 0x46, 0x21, 0x46, 0x21, 0x46, 0x21,
  0x46, 0x21, 0x46, 0x21, 0x46, 0x21, 0x46, 0x21, 0x46, 0x21, 0x46, 0x21, 0x46, 0x21, 0x46, 0x21,
  0x26, 0x21, 0xc8, 0x31, 0x8b, 0x52, 0xe4, 0x18, 0x25, 0x21, 0x25, 0x21, 0x25, 0x21, 0x45, 0x29,
  0x45, 0x29, 0x45, 0x21, 0x25, 0x21, 0x45, 0x29, 0x25, 0x21, 0x45, 0x29, 0x45, 0x29, 0x45, 0x29,
  0x45, 0x29, 0x45, 0x29, 0x45, 0x21, 0x66, 0x29, 0xe4, 0x18, 0xb0, 0x73, 0x9c, 0xd6, 0xab, 0x52,
  0xe4, 0x18, 0x46, 0x29, 0x66, 0x29, 0x45, 0x29, 0xc8, 0x39, 0x3a, 0xc6, 0x97, 0xb5, 0x45, 0x29,
  0x45, 0x29, 0x46, 0x29, 0x45, 0x29, 0x45, 0x21, 0x25, 0x21, 0x45, 0x21, 0x45, 0x21, 0x45, 0x21,
  0x45, 0x21, 0x25, 0x21, 0x25, 0x21, 0x25, 0x21, 0x25, 0x21, 0x25, 0x21, 0x25, 0x21, 0x25, 0x21,
  0x25, 0x21, 0x25, 0x21, 0x25, 0x21, 0x25, 0x21, 0x25, 0x21, 0x25, 0x21, 0x25, 0x21, 0xc4, 0x18,
  0x25, 0x21, 0x45, 0x21, 0x45, 0x29, 0x46, 0x29, 0x46, 0x29, 0x46, 0x29, 0x67, 0x29, 0x29, 0x42,
  0x49, 0x4a, 0x69, 0x4a, 0x69, 0x4a, 0x69, 0x4a, 0x69, 0x4a, 0x69, 0x4a, 0x6a, 0x4a, 0x25, 0x21,
  0xa7, 0x31, 0x8a, 0x4a, 0x2c, 0x63, 0xd3, 0x94, 0x31, 0x84, 0x49, 0x4a, 0x6a, 0x4a, 0x8a, 0x52,
  0x6a, 0x4a, 0x6a, 0x4a, 0xeb, 0x5a, 0xcb, 0x5a, 0x8a, 0x4a, 0xaf, 0x73, 0x51, 0x8c, 0xab, 0x52,
  0x0c, 0x5b, 0x6d, 0x6b, 0x2d, 0x63, 0xab, 0x52, 0x69, 0x4a, 0xcb, 0x5a, 0xaa, 0x52, 0xcb, 0x52,
  0x0c, 0x63, 0x4d, 0x63, 0x10, 0x84, 0x2c, 0x63, 0x0c, 0x5b, 0xeb, 0x5a, 0x69, 0x4a, 0x28, 0x4a,
  0x8a, 0x52, 0x29, 0x42, 0x6a, 0x4a, 0xab, 0x52, 0x8a, 0x52, 0x8b, 0x52, 0x8a, 0x52, 0x8a, 0x52,
  0x8b, 0x52, 0x8a, 0x52, 0xab, 0x52, 0x8a, 0x52, 0x8a, 0x52, 0x8a, 0x52, 0xaa, 0x52, 0x8a, 0x52,
  0x8a, 0x52, 0x8a, 0x52, 0x8a, 0x52, 0x8a, 0x52, 0x8a, 0x52, 0x8a, 0x52, 0x8a, 0x52, 0x8a, 0x52,
  0x8a, 0x52, 0x8a, 0x4a, 0x8a, 0x4a, 0x8a, 0x4a, 0x6a, 0x4a, 0x8a, 0x52, 0x8a, 0x52, 0x8a, 0x52,
  0x8a, 0x52, 0x8a, 0x52, 0x8a, 0x52, 0x8a, 0x4a, 0x8a, 0x4a, 0x8a, 0x4a, 0x8a, 0x4a, 0x8a, 0x52,
  0x8a, 0x4a, 0x8a, 0x4a, 0x8a, 0x4a, 0x6a, 0x4a, 0x49, 0x4a, 0x8a, 0x52, 0xe8, 0x39, 0x26, 0x21,
  0x46, 0x21, 0x46, 0x21, 0x46, 0x21, 0x46, 0x21, 0x46, 0x21, 0x46, 0x21, 0x46, 0x21, 0x46, 0x21,
  0x46, 0x21, 0x46, 0x21, 0x46, 0x21, 0x46, 0x21, 0x46, 0x21, 0x46, 0x21, 0x46, 0x21, 0x46, 0x21,
  0x46, 0x21, 0x46, 0x21, 0x46, 0x21, 0x46, 0x21, 0x46, 0x21, 0x46, 0x21, 0x46, 0x21, 0x46, 0x21,
  0x46, 0x21, 0x46, 0x21, 0x46, 0x21, 0x46, 0x21, 0x46, 0x21, 0x46, 0x21, 0x46, 0x21, 0x46, 0x21,
  0x46, 0x21, 0x46, 0x21, 0x46, 0x21, 0x46, 0x21, 0x46, 0x21, 0x46, 0x21, 0x46, 0x21, 0x46, 0x21,
  0x46, 0x21, 0x46, 0x21, 0x46, 0x21, 0x46, 0x21, 0x46, 0x21, 0x46, 0x21, 0x46, 0x21, 0x46, 0x21,
  0x46, 0x21, 0x46, 0x21, 0x46, 0x21, 0x46, 0x21, 0x46, 0x21, 0x46, 0x21, 0x46, 0x21, 0x46, 0x21,
  0x46, 0x21, 0x46, 0x21, 0x46, 0x21, 0x46, 0x21, 0x46, 0x21, 0x46, 0x21, 0x46, 0x21, 0x46, 0x21,
  0x46, 0x21, 0x46, 0x21, 0x46, 0x21, 0x46, 0x21, 0x26, 0x21, 0xc8, 0x31, 0x8a, 0x52, 0xe4, 0x18,
  0x25, 0x21, 0x25, 0x21, 0x25, 0x21, 0x45, 0x21, 0x45, 0x21, 0x25, 0x21, 0x45, 0x21, 0x25, 0x21,
  0x25, 0x21, 0x45, 0x21, 0x45, 0x29, 0x45, 0x29, 0x45, 0x29, 0x45, 0x21, 0x45, 0x21, 0x66, 0x29,
  0xe4, 0x18, 0xd0, 0x73, 0x9b, 0xce, 0xb0, 0x73, 0xa7, 0x31, 0x45, 0x29, 0xe4, 0x18, 0xe4, 0x18,
  0x66, 0x29, 0xd9, 0xbd, 0xd8, 0xbd, 0x66, 0x29, 0x45, 0x21, 0x45, 0x29, 0x45, 0x29, 0x25, 0x21,
  0x25, 0x21, 0x25, 0x21, 0x25, 0x21, 0x25, 0x21, 0x25, 0x21, 0x25, 0x21, 0x25, 0x21, 0x25, 0x21,
  0x25, 0x21, 0x25, 0x21, 0x25, 0x21, 0x05, 0x21, 0x05, 0x21, 0x25, 0x21, 0x25, 0x21, 0x25, 0x21,
  0x25, 0x21, 0x25, 0x21, 0x25, 0x21, 0xc4, 0x18, 0x25, 0x21, 0x25, 0x21, 0x25, 0x21, 0x46, 0x29,
  0x46, 0x29, 0x46, 0x29, 0x67, 0x29, 0x29, 0x42, 0x49, 0x4a, 0x49, 0x4a, 0x69, 0x4a, 0x69, 0x4a,
  0x69, 0x4a, 0x49, 0x4a, 0x6a, 0x4a, 0x25, 0x21, 0x87, 0x31, 0x8a, 0x52, 0xec, 0x5a, 0x30, 0x7c,
  0x51, 0x84, 0x49, 0x4a, 0xaa, 0x52, 0xeb, 0x5a, 0x6a, 0x4a, 0x69, 0x4a, 0xeb, 0x5a, 0xeb, 0x5a,
  0x6a, 0x4a, 0xcb, 0x5a, 0x8a, 0x52, 0x69, 0x4a, 0x49, 0x4a, 0x49, 0x42, 0x28, 0x42, 0x69, 0x4a,
  0x2c, 0x63, 0x2c, 0x63, 0xeb, 0x5a, 0xaa, 0x52, 0xeb, 0x5a, 0xcb, 0x52, 0x69, 0x4a, 0x49, 0x4a,
  0x69, 0x4a, 0xab, 0x52, 0x4e, 0x63, 0xb0, 0x6b, 0x69, 0x4a, 0x28, 0x42, 0x6a, 0x4a, 0xab, 0x52,
  0x8a, 0x52, 0x8a, 0x52, 0x8a, 0x52, 0x8a, 0x52, 0x8a, 0x52, 0x8a, 0x52, 0x8a, 0x52, 0x8a, 0x52,
  0x8a, 0x52, 0x8a, 0x52, 0x8a, 0x52, 0x8a, 0x52, 0x8a, 0x52, 0x8a, 0x52, 0x8a, 0x52, 0x8a, 0x52,
  0x8a, 0x52, 0x8a, 0x52, 0x8a, 0x52, 0x8a, 0x52, 0x8a, 0x52, 0x8a, 0x4a, 0x8a, 0x4a, 0x6a, 0x4a,
  0x6a, 0x4a, 0x8a, 0x4a, 0x8a, 0x4a, 0x8a, 0x52, 0x8a, 0x52, 0x8a, 0x52, 0x8a, 0x52, 0x6a, 0x4a,
  0x6a, 0x4a, 0x8a, 0x4a, 0x6a, 0x4a, 0x6a, 0x4a, 0x6a, 0x4a, 0x6a, 0x4a, 0x6a, 0x4a, 0x6a, 0x4a,
  0x49, 0x4a, 0x8a, 0x4a, 0xe8, 0x39, 0x26, 0x21, 0x46, 0x21, 0x46, 0x21, 0x46, 0x21, 0x46, 0x21,
  0x46, 0x21, 0x46, 0x21, 0x46, 0x21, 0x46, 0x21, 0x46, 0x21, 0x46, 0x21, 0x46, 0x21, 0x46, 0x21,
  0x46, 0x21, 0x46, 0x21, 0x46, 0x21, 0x46, 0x21, 0x46, 0x21, 0x46, 0x21, 0x46, 0x21, 0x46, 0x21,
  0x46, 0x21, 0x46, 0x21, 0x46, 0x21, 0x46, 0x21, 0x46, 0x21, 0x46, 0x21, 0x46, 0x21, 0x46, 0x21,
  0x46, 0x21, 0x46, 0x21, 0x46, 0x21, 0x46, 0x21, 0x46, 0x21, 0x46, 0x21, 0x46, 0x21, 0x46, 0x21,
  0x46, 0x21, 0x46, 0x21, 0x46, 0x21, 0x46, 0x21, 0x46, 0x21, 0x46, 0x21, 0x46, 0x21, 0x46, 0x21,
  0x46, 0x21, 0x46, 0x21, 0x46, 0x21, 0x46, 0x21, 0x46, 0x21, 0x46, 0x21, 0x46, 0x21, 0x46, 0x21,
  0x46, 0x21, 0x46, 0x21, 0x46, 0x21, 0x46, 0x21, 0x46, 0x21, 0x46, 0x21, 0x46, 0x21, 0x46, 0x21,
  0x46, 0x21, 0x46, 0x21, 0x46, 0x21, 0x46, 0x21, 0x46, 0x21, 0x46, 0x21, 0x46, 0x21, 0x46, 0x21,
  0x26, 0x21, 0xc8, 0x31, 0xab, 0x52, 0xe4, 0x18, 0x25, 0x21, 0x25, 0x21, 0x25, 0x21, 0x25, 0x21,
  0x25, 0x21, 0x25, 0x21, 0x25, 0x21, 0x25, 0x21, 0x25, 0x21, 0x45, 0x21, 0x45, 0x29, 0x45, 0x29,
  0x45, 0x29, 0x45, 0x29, 0x45, 0x21, 0x66, 0x29, 0xe4, 0x18, 0xaf, 0x73, 0x5b, 0xc6, 0x3a, 0xc6,
  0x19, 0xc6, 0xf5, 0x9c, 0xf0, 0x7b, 0xab, 0x52, 0x4a, 0x4a, 0xf9, 0xbd, 0x19, 0xbe, 0x66, 0x29,
  0x45, 0x21, 0x45, 0x29, 0x45, 0x29, 0x45, 0x21, 0x25, 0x21, 0x25, 0x21, 0x25, 0x21, 0x25, 0x21,
  0x25, 0x21, 0x25, 0x21, 0x25, 0x21, 0x25, 0x21, 0x25, 0x21, 0x25, 0x21, 0x25, 0x21, 0x05, 0x21,
  0x05, 0x21, 0x25, 0x21, 0x25, 0x21, 0x25, 0x21, 0x25, 0x21, 0x25, 0x21, 0x25, 0x21, 0xc4, 0x18,
  0x25, 0x21, 0x25, 0x21, 0x25, 0x21, 0x46, 0x29, 0x46, 0x29, 0x26, 0x21, 0x67, 0x29, 0x29, 0x42,
  0x49, 0x4a, 0x49, 0x4a, 0x49, 0x4a, 0x49, 0x4a, 0x49, 0x4a, 0x49, 0x4a, 0x6a, 0x4a, 0x25, 0x21,
  0x87, 0x31, 0x8a, 0x4a, 0xaa, 0x52, 0x51, 0x84, 0x6e, 0x6b, 0x28, 0x42, 0xca, 0x52, 0xcb, 0x52,
  0x69, 0x4a, 0x6a, 0x4a, 0x8a, 0x4a, 0x8a, 0x52, 0x8a, 0x52, 0x49, 0x42, 0x28, 0x42, 0x29, 0x42,
  0x49, 0x4a, 0xc7, 0x31, 0x86, 0x31, 0x69, 0x4a, 0x8a, 0x52, 0x08, 0x42, 0xa6, 0x31, 0x08, 0x3a,
  0x08, 0x42, 0xaa, 0x52, 0x0b, 0x63, 0xca, 0x52, 0x69, 0x4a, 0x0e, 0x4b, 0x33, 0x3b, 0xd2, 0x63,
  0x6d, 0x6b, 0x08, 0x42, 0x6a, 0x4a, 0xab, 0x52, 0x8a, 0x52, 0x8a, 0x52, 0x8a, 0x52, 0x8a, 0x52,
  0x8a, 0x52, 0x8a, 0x52, 0x8a, 0x52, 0x8a, 0x52, 0x8a, 0x4a, 0x8a, 0x52, 0x8a, 0x52, 0x8a, 0x52,
  0x8a, 0x52, 0x8a, 0x52, 0x8a, 0x52, 0x8a, 0x52, 0x8a, 0x52, 0x8a, 0x52, 0x8a, 0x52, 0x8a, 0x52,
  0x8a, 0x4a, 0x6a, 0x4a, 0x6a, 0x4a, 0x6a, 0x4a, 0x6a, 0x4a, 0x6a, 0x4a, 0x6a, 0x4a, 0x8a, 0x4a,
  0x8a, 0x4a, 0x6a, 0x4a, 0x6a, 0x4a, 0x6a, 0x4a, 0x6a, 0x4a, 0x6a, 0x4a, 0x6a, 0x4a, 0x6a, 0x4a,
  0x6a, 0x4a, 0x6a, 0x4a, 0x6a, 0x4a, 0x6a, 0x4a, 0x49, 0x42, 0x6a, 0x4a, 0xe8, 0x39, 0x26, 0x21,
  0x46, 0x21, 0x46, 0x21, 0x46, 0x21, 0x46, 0x21, 0x46, 0x21, 0x46, 0x21, 0x46, 0x21, 0x46, 0x21,
  0x46, 0x21, 0x46, 0x21, 0x46, 0x21, 0x46, 0x21, 0x46, 0x21, 0x46, 0x21, 0x46, 0x21, 0x46, 0x21,
  0x46, 0x21, 0x46, 0x21, 0x46, 0x21, 0x46, 0x21, 0x46, 0x21, 0x46, 0x21, 0x46, 0x21, 0x46, 0x21,
  0x46, 0x21, 0x46, 0x21, 0x46, 0x21, 0x46, 0x21, 0x46, 0x21, 0x46, 0x21, 0x46, 0x21, 0x46, 0x21,
  0x46, 0x21, 0x46, 0x21, 0x46, 0x21, 0x46, 0x21, 0x46, 0x21, 0x46, 0x21, 0x46, 0x21, 0x46, 0x21,
  0x46, 0x21, 0x46, 0x21, 0x46, 0x21, 0x46, 0x21, 0x46, 0x21, 0x46, 0x21, 0x46, 0x21, 0x46, 0x21,
  0x46, 0x21, 0x46, 0x21, 0x46, 0x21, 0x46, 0x21, 0x46, 0x21, 0x46, 0x21, 0x46, 0x21, 0x46, 0x21,
  0x46, 0x21, 0x46, 0x21, 0x46, 0x21, 0x46, 0x21, 0x46, 0x21, 0x46, 0x21, 0x46, 0x21, 0x46, 0x21,
  0x46, 0x21, 0x46, 0x21, 0x46, 0x21, 0x46, 0x21, 0x26, 0x21, 0xc8, 0x39, 0xab, 0x52, 0xc3, 0x18,
  0x04, 0x21, 0x04, 0x21, 0x04, 0x21, 0x25, 0x21, 0x25, 0x21, 0x25, 0x21, 0x25, 0x21, 0x25, 0x21,
  0x25, 0x21, 0x25, 0x21, 0x25, 0x21, 0x45, 0x21, 0x45, 0x21, 0x45, 0x21, 0x45, 0x21, 0x46, 0x29,
  0xe4, 0x18, 0xd0, 0x7b, 0x9c, 0xd6, 0x7b, 0xce, 0x5a, 0xc6, 0x3b, 0xc6, 0x7c, 0xce, 0x1a, 0xc6,
  0x1a, 0xc6, 0x5a, 0xc6, 0xd8, 0xbd, 0x66, 0x29, 0x45, 0x29, 0x45, 0x29, 0x45, 0x21, 0x25, 0x21,
  0x25, 0x21, 0x25, 0x21, 0x25, 0x21, 0x25, 0x21, 0x25, 0x21, 0x25, 0x21, 0x25, 0x21, 0x25, 0x21,
  0x25, 0x21, 0x05, 0x21, 0x25, 0x21, 0x05, 0x21, 0x05, 0x21, 0x05, 0x21, 0x25, 0x21, 0x25, 0x21,
  0x05, 0x21, 0x05, 0x21, 0x05, 0x21, 0xc4, 0x18, 0x05, 0x21, 0x25, 0x21, 0x25, 0x21, 0x25, 0x21,
  0x46, 0x29, 0x26, 0x21, 0x67, 0x29, 0x29, 0x42, 0x49, 0x4a, 0x49, 0x4a, 0x49, 0x4a, 0x49, 0x4a,
  0x49, 0x4a, 0x49, 0x4a, 0x6a, 0x4a, 0x25, 0x21, 0x87, 0x31, 0x69, 0x4a, 0x8a, 0x4a, 0xab, 0x52,
  0x8a, 0x52, 0x69, 0x4a, 0x69, 0x4a, 0x69, 0x4a, 0x69, 0x4a, 0x69, 0x4a, 0x6a, 0x4a, 0x8a, 0x52,
  0x8a, 0x52, 0x86, 0x31, 0xa7, 0x31, 0x04, 0x19, 0xa3, 0x10, 0x25, 0x21, 0x66, 0x29, 0x69, 0x4a,
  0x69, 0x4a, 0xc6, 0x31, 0xa2, 0x10, 0x86, 0x31, 0x28, 0x42, 0xaa, 0x52, 0x28, 0x42, 0xeb, 0x5a,
  0x69, 0x4a, 0xaa, 0x52, 0x4c, 0x63, 0x6c, 0x6b, 0x8a, 0x52, 0x29, 0x42, 0x6a, 0x4a, 0xab, 0x52,
  0x8a, 0x52, 0x8a, 0x52, 0x8a, 0x52, 0x8a, 0x52, 0x8a, 0x4a, 0x8a, 0x4a, 0x8a, 0x4a, 0x8a, 0x4a,
  0x8a, 0x4a, 0x8a, 0x4a, 0x8a, 0x52, 0x8a, 0x4a, 0x8a, 0x4a, 0x8a, 0x52, 0x8a, 0x4a, 0x8a, 0x4a,
  0x8a, 0x4a, 0x8a, 0x52, 0x8a, 0x4a, 0x8a, 0x4a, 0x6a, 0x4a, 0x6a, 0x4a, 0x6a, 0x4a, 0x6a, 0x4a,
  0x6a, 0x4a, 0x6a, 0x4a, 0x6a, 0x4a, 0x6a, 0x4a, 0x6a, 0x4a, 0x6a, 0x4a, 0x6a, 0x4a, 0x6a, 0x4a,
  0x6a, 0x4a, 0x6a, 0x4a, 0x49, 0x4a, 0x6a, 0x4a, 0x6a, 0x4a, 0x6a, 0x4a, 0x69, 0x4a, 0x49, 0x4a,
  0x29, 0x42, 0x69, 0x4a, 0xe8, 0x39, 0x26, 0x21, 0x46, 0x21, 0x46, 0x21, 0x46, 0x21, 0x46, 0x21,
  0x46, 0x21, 0x46, 0x21, 0x46, 0x21, 0x46, 0x21, 0x46, 0x21, 0x46, 0x21, 0x46, 0x21, 0x46, 0x21,
  0x46, 0x21, 0x46, 0x21, 0x46, 0x21, 0x46, 0x21, 0x46, 0x21, 0x46, 0x21, 0x46, 0x21, 0x46, 0x21,
  0x46, 0x21, 0x46, 0x21, 0x46, 0x21, 0x46, 0x21, 0x46, 0x21, 0x46, 0x21, 0x46, 0x21, 0x46, 0x21,
  0x46, 0x21, 0x46, 0x21, 0x46, 0x21, 0x46, 0x21, 0x46, 0x21, 0x46, 0x21, 0x46, 0x21, 0x46, 0x21,
  0x46, 0x21, 0x46, 0x21, 0x46, 0x21, 0x46, 0x21, 0x46, 0x21, 0x46, 0x21, 0x46, 0x21, 0x46, 0x21,
  0x46, 0x21, 0x46, 0x21, 0x46, 0x21, 0x46, 0x21, 0x46, 0x21, 0x46, 0x21, 0x46, 0x21, 0x46, 0x21,
  0x46, 0x21, 0x46, 0x21, 0x46, 0x21, 0x46, 0x21, 0x46, 0x21, 0x46, 0x21, 0x46, 0x21, 0x46, 0x21,
  0x46, 0x21, 0x46, 0x21, 0x46, 0x21, 0x46, 0x21, 0x46, 0x21, 0x46, 0x21, 0x46, 0x21, 0x46, 0x21,
  0x26, 0x21, 0xe8, 0x39, 0xab, 0x52, 0xc3, 0x18, 0x04, 0x21, 0x04, 0x21, 0x25, 0x21, 0x25, 0x21,
  0x25, 0x21, 0x25, 0x21, 0x25, 0x21, 0x25, 0x21, 0x25, 0x21, 0x25, 0x21, 0x25, 0x21, 0x25, 0x21,
  0x25, 0x21, 0x25, 0x21, 0x45, 0x21, 0x45, 0x29, 0x04, 0x21, 0x29, 0x42, 0x11, 0x7c, 0x15, 0xa5,
  0xb8, 0xb5, 0x7b, 0xce, 0x5b, 0xc6, 0x7b, 0xce, 0x5b, 0xc6, 0x3a, 0xc6, 0xd8, 0xb5, 0x66, 0x29,
  0x25, 0x29, 0x45, 0x29, 0x45, 0x21, 0x25, 0x21, 0x25, 0x21, 0x25, 0x21, 0x25, 0x21, 0x25, 0x21,
  0x25, 0x21, 0x25, 0x21, 0x25, 0x21, 0x25, 0x21, 0x25, 0x21, 0x04, 0x21, 0x04, 0x21, 0x04, 0x21,
  0x04, 0x21, 0x04, 0x21, 0x05, 0x21, 0x05, 0x21, 0x05, 0x21, 0x05, 0x21, 0x05, 0x21, 0xc4, 0x18,
  0x05, 0x21, 0x25, 0x21, 0x25, 0x21, 0x26, 0x21, 0x26, 0x21, 0x26, 0x21, 0x66, 0x29, 0x29, 0x42,
  0x49, 0x4a, 0x49, 0x42, 0x49, 0x4a, 0x49, 0x42, 0x49, 0x4a, 0x49, 0x42, 0x69, 0x4a, 0x25, 0x21,
  0x87, 0x29, 0x8a, 0x4a, 0x49, 0x4a, 0x6a, 0x4a, 0x6a, 0x4a, 0x69, 0x4a, 0x69, 0x4a, 0x69, 0x4a,
  0x69, 0x4a, 0x6a, 0x4a, 0x6a, 0x4a, 0x8a, 0x4a, 0x8a, 0x52, 0x25, 0x21, 0xc3, 0x18, 0xa2, 0x10,
  0xc3, 0x10, 0x45, 0x29, 0x29, 0x42, 0x49, 0x4a, 0xe7, 0x39, 0x82, 0x10, 0xc3, 0x18, 0x86, 0x31,
  0x28, 0x42, 0xaa, 0x52, 0x8d, 0x73, 0x6c, 0x6b, 0x28, 0x42, 0xeb, 0x5a, 0x2e, 0x84, 0x8d, 0x6b,
  0x2c, 0x63, 0x69, 0x4a, 0x6a, 0x4a, 0x8a, 0x52, 0x8a, 0x4a, 0x8a, 0x4a, 0x8a, 0x52, 0x8a, 0x4a,
  0x6a, 0x4a, 0x6a, 0x4a, 0x6a, 0x4a, 0x6a, 0x4a, 0x6a, 0x4a, 0x6a, 0x4a, 0x6a, 0x4a, 0x8a, 0x4a,
  0x6a, 0x4a, 0x6a, 0x4a, 0x6a, 0x4a, 0x6a, 0x4a, 0x6a, 0x4a, 0x8a, 0x4a, 0x8a, 0x4a, 0x6a, 0x4a,
  0x6a, 0x4a, 0x6a, 0x4a, 0x6a, 0x4a, 0x6a, 0x4a, 0x6a, 0x4a, 0x6a, 0x4a, 0x6a, 0x4a, 0x6a, 0x4a,
  0x6a, 0x4a, 0x6a, 0x4a, 0x6a, 0x4a, 0x4a, 0x4a, 0x4a, 0x4a, 0x49, 0x4a, 0x49, 0x4a, 0x49, 0x4a,
  0x49, 0x4a, 0x49, 0x4a, 0x49, 0x42, 0x49, 0x42, 0x08, 0x42, 0x49, 0x4a, 0xe8, 0x39, 0x26, 0x21,
  0x46, 0x21, 0x46, 0x21, 0x46, 0x21, 0x46, 0x21, 0x46, 0x21, 0x46, 0x21, 0x46, 0x21, 0x46, 0x21,
  0x46, 0x21, 0x46, 0x21, 0x46, 0x21, 0x46, 0x21, 0x46, 0x21, 0x46, 0x21, 0x46, 0x21, 0x46, 0x21,
  0x46, 0x21, 0x46, 0x21, 0x46, 0x21, 0x46, 0x21, 0x46, 0x21, 0x46, 0x21, 0x46, 0x21, 0x46, 0x21,
  0x46, 0x21, 0x46, 0x21, 0x46, 0x21, 0x46, 0x21, 0x46, 0x21, 0x46, 0x21, 0x46, 0x21, 0x46, 0x21,
  0x46, 0x21, 0x46, 0x21, 0x46, 0x21, 0x46, 0x21, 0x46, 0x21, 0x46, 0x21, 0x46, 0x21, 0x46, 0x21,
  0x46, 0x21, 0x46, 0x21, 0x46, 0x21, 0x46, 0x21, 0x46, 0x21, 0x46, 0x21, 0x46, 0x21, 0x46, 0x21,
  0x46, 0x21, 0x46, 0x21, 0x46, 0x21, 0x46, 0x21, 0x46, 0x21, 0x46, 0x21, 0x46, 0x21, 0x46, 0x21,
  0x46, 0x21, 0x46, 0x21, 0x46, 0x21, 0x46, 0x21, 0x46, 0x21, 0x46, 0x21, 0x46, 0x21, 0x46, 0x21,
  0x46, 0x21, 0x46, 0x21, 0x46, 0x21, 0x46, 0x21, 0x26, 0x21, 0xe8, 0x31, 0xab, 0x52, 0xc3, 0x10,
  0x04, 0x21, 0x04, 0x21, 0x05, 0x21, 0x25, 0x21, 0x25, 0x21, 0x25, 0x21, 0x04, 0x21, 0x04, 0x21,
  0x04, 0x21, 0x25, 0x21, 0x25, 0x21, 0x25, 0x21, 0x25, 0x21, 0x25, 0x21, 0x25, 0x21, 0x45, 0x21,
  0x45, 0x21, 0x05, 0x21, 0xe4, 0x20, 0x05, 0x21, 0xc8, 0x39, 0xed, 0x62, 0xf1, 0x7b, 0x15, 0x9d,
  0x77, 0xad, 0x9c, 0xce, 0x19, 0xc6, 0x66, 0x29, 0x45, 0x29, 0x45, 0x29, 0x45, 0x21, 0x25, 0x21,
  0x25, 0x21, 0x25, 0x21, 0x25, 0x21, 0x25, 0x21, 0x25, 0x21, 0x25, 0x21, 0x45, 0x21, 0x25, 0x21,
  0x25, 0x21, 0x05, 0x21, 0x05, 0x21, 0x04, 0x21, 0x04, 0x21, 0x04, 0x21, 0x04, 0x21, 0x04, 0x21,
  0x04, 0x21, 0x04, 0x21, 0xe5, 0x18, 0xa4, 0x18, 0x05, 0x21, 0x25, 0x21, 0x25, 0x21, 0x25, 0x21,
  0x26, 0x21, 0x26, 0x21, 0x66, 0x29, 0x29, 0x42, 0x49, 0x4a, 0x49, 0x42, 0x49, 0x4a, 0x49, 0x4a,
  0x49, 0x42, 0x29, 0x42, 0x49, 0x4a, 0x25, 0x21, 0x87, 0x29, 0x6a, 0x4a, 0x49, 0x4a, 0x49, 0x4a,
  0x69, 0x4a, 0x49, 0x4a, 0x69, 0x4a, 0x69, 0x4a, 0x6a, 0x4a, 0x8a, 0x4a, 0x8a, 0x52, 0x8a, 0x4a,
  0x8a, 0x52, 0x29, 0x42, 0x24, 0x21, 0x45, 0x29, 0xc3, 0x10, 0xe4, 0x18, 0x49, 0x4a, 0x49, 0x42,
  0x69, 0x4a, 0x07, 0x3a, 0xc6, 0x31, 0x28, 0x42, 0x49, 0x42, 0xaa, 0x52, 0x4c, 0x6b, 0x4c, 0x63,
  0xcb, 0x5a, 0x0c, 0x63, 0x8e, 0x6b, 0x2c, 0x5b, 0xc7, 0x31, 0x45, 0x21, 0x49, 0x42, 0x6a, 0x4a,
  0x8a, 0x4a, 0x8a, 0x4a, 0x6a, 0x4a, 0x6a, 0x4a, 0x6a, 0x4a, 0x6a, 0x4a, 0x6a, 0x4a, 0x6a, 0x4a,
  0x6a, 0x4a, 0x6a, 0x4a, 0x8a, 0x4a, 0x8a, 0x4a, 0x6a, 0x4a, 0x6a, 0x4a, 0x6a, 0x4a, 0x6a, 0x4a,
  0x6a, 0x4a, 0x6a, 0x4a, 0x6a, 0x4a, 0x6a, 0x4a, 0x6a, 0x4a, 0x6a, 0x4a, 0x6a, 0x4a, 0x6a, 0x4a,
  0x6a, 0x4a, 0x6a, 0x4a, 0x6a, 0x4a, 0x6a, 0x4a, 0x6a, 0x4a, 0x6a, 0x4a, 0x6a, 0x4a, 0x4a, 0x4a,
  0x49, 0x4a, 0x49, 0x42, 0x49, 0x42, 0x49, 0x4a, 0x49, 0x4a, 0x49, 0x4a, 0x29, 0x42, 0x29, 0x42,
  0x08, 0x3a, 0x29, 0x42, 0xe8, 0x39, 0x26, 0x21, 0x46, 0x21, 0x46, 0x21, 0x46, 0x21, 0x46, 0x21,
  0x46, 0x21, 0x46, 0x21, 0x46, 0x21, 0x46, 0x21, 0x46, 0x21, 0x46, 0x21, 0x46, 0x21, 0x46, 0x21,
  0x46, 0x21, 0x46, 0x21, 0x46, 0x21, 0x46, 0x21, 0x46, 0x21, 0x46, 0x21, 0x46, 0x21, 0x46, 0x21,
  0x46, 0x21, 0x46, 0x21, 0x46, 0x21, 0x46, 0x21, 0x46, 0x21, 0x46, 0x21, 0x46, 0x21, 0x46, 0x21,
  0x46, 0x21, 0x46, 0x21, 0x46, 0x21, 0x46, 0x21, 0x46, 0x21, 0x46, 0x21, 0x46, 0x21, 0x46, 0x21,
  0x46, 0x21, 0x46, 0x21, 0x46, 0x21, 0x46, 0x21, 0x46, 0x21, 0x46, 0x21, 0x46, 0x21, 0x46, 0x21,
  0x46, 0x21, 0x46, 0x21, 0x46, 0x21, 0x46, 0x21, 0x46, 0x21, 0x46, 0x21, 0x46, 0x21, 0x46, 0x21,
  0x46, 0x21, 0x46, 0x21, 0x46, 0x21, 0x46, 0x21, 0x46, 0x21, 0x46, 0x21, 0x46, 0x21, 0x46, 0x21,
  0x46, 0x21, 0x46, 0x21, 0x46, 0x21, 0x46, 0x21, 0x46, 0x21, 0x46, 0x21, 0x46, 0x21, 0x46, 0x21,
  0x26, 0x21, 0xe8, 0x31, 0xab, 0x52, 0xa3, 0x10, 0x04, 0x21, 0x04, 0x21, 0x04, 0x21, 0x04, 0x21,
  0x25, 0x21, 0x25, 0x21, 0x04, 0x21, 0x05, 0x21, 0x25, 0x21, 0x25, 0x21, 0x25, 0x21, 0x25, 0x21,
  0x25, 0x21, 0x25, 0x21, 0x25, 0x21, 0x25, 0x21, 0x25, 0x21, 0x45, 0x21, 0x45, 0x29, 0x45, 0x21,
  0x05, 0x21, 0xe4, 0x18, 0x05, 0x21, 0x04, 0x21, 0xa7, 0x31, 0xec, 0x5a, 0x4e, 0x6b, 0x66, 0x29,
  0x45, 0x29, 0x45, 0x29, 0x45, 0x21, 0x25, 0x21, 0x25, 0x21, 0x25, 0x21, 0x25, 0x21, 0x25, 0x21,
  0x25, 0x21, 0x25, 0x21, 0x25, 0x21, 0x25, 0x21, 0x05, 0x21, 0x04, 0x21, 0x04, 0x21, 0x04, 0x21,
  0x05, 0x21, 0x05, 0x21, 0x04, 0x21, 0x04, 0x21, 0x04, 0x21, 0x04, 0x21, 0x05, 0x19, 0xc4, 0x18,
  0x05, 0x21, 0x25, 0x21, 0x05, 0x21, 0x25, 0x21, 0x25, 0x21, 0x25, 0x21, 0x67, 0x29, 0x29, 0x42,
  0x29, 0x42, 0x29, 0x42, 0x49, 0x4a, 0x49, 0x42, 0x29, 0x42, 0x29, 0x42, 0x49, 0x42, 0x25, 0x21,
  0x87, 0x29, 0x6a, 0x4a, 0x49, 0x4a, 0x49, 0x4a, 0x49, 0x4a, 0x49, 0x4a, 0x69, 0x4a, 0x69, 0x4a,
  0x69, 0x4a, 0x49, 0x4a, 0x08, 0x42, 0x29, 0x42, 0x6a, 0x4a, 0x28, 0x42, 0x61, 0x08, 0x82, 0x10,
  0xc3, 0x18, 0xa6, 0x31, 0xe7, 0x39, 0x28, 0x42, 0xaa, 0x52, 0xca, 0x52, 0xca, 0x52, 0xcb, 0x5a,
  0xeb, 0x5a, 0xeb, 0x5a, 0x8e, 0x73, 0x6d, 0x6b, 0xa6, 0x31, 0xe3, 0x18, 0xa2, 0x10, 0xa2, 0x10,
  0x24, 0x21, 0x08, 0x3a, 0xeb, 0x5a, 0x8a, 0x52, 0x6a, 0x4a, 0x6a, 0x4a, 0x6a, 0x4a, 0x6a, 0x4a,
  0x6a, 0x4a, 0x6a, 0x4a, 0x6a, 0x4a, 0x4a, 0x42, 0x4a, 0x42, 0x6a, 0x4a, 0x6a, 0x4a, 0x6a, 0x4a,
  0x6a, 0x4a, 0x6a, 0x4a, 0x6a, 0x4a, 0x6a, 0x4a, 0x6a, 0x4a, 0x6a, 0x4a, 0x6a, 0x4a, 0x6a, 0x4a,
  0x6a, 0x42, 0x6a, 0x4a, 0x6a, 0x4a, 0x6a, 0x4a, 0x4a, 0x42, 0x4a, 0x42, 0x6a, 0x4a, 0x6a, 0x4a,
  0x6a, 0x4a, 0x4a, 0x42, 0x4a, 0x4a, 0x49, 0x42, 0x29, 0x42, 0x29, 0x42, 0x29, 0x42, 0x29, 0x42,
  0x29, 0x42, 0x29, 0x42, 0x29, 0x42, 0x29, 0x42, 0x08, 0x3a, 0x29, 0x42, 0xc8, 0x31, 0x26, 0x21,
  0x46, 0x21, 0x46, 0x21, 0x46, 0x21, 0x46, 0x21, 0x46, 0x21, 0x46, 0x21, 0x46, 0x21, 0x46, 0x21,
  0x46, 0x21, 0x46, 0x21, 0x46, 0x21, 0x46, 0x21, 0x46, 0x21, 0x46, 0x21, 0x46, 0x21, 0x46, 0x21,
  0x46, 0x21, 0x46, 0x21, 0x46, 0x21, 0x46, 0x21, 0x46, 0x21, 0x46, 0x21, 0x46, 0x21, 0x46, 0x21,
  0x46, 0x21, 0x46, 0x21, 0x46, 0x21, 0x46, 0x21, 0x46, 0x21, 0x46, 0x21, 0x46, 0x21, 0x46, 0x21,
  0x46, 0x21, 0x46, 0x21, 0x46, 0x21, 0x46, 0x21, 0x46, 0x21, 0x46, 0x21, 0x46, 0x21, 0x46, 0x21,
  0x46, 0x21, 0x46, 0x21, 0x46, 0x21, 0x46, 0x21, 0x46, 0x21, 0x46, 0x21, 0x46, 0x21, 0x46, 0x21,
  0x46, 0x21, 0x46, 0x21, 0x46, 0x21, 0x46, 0x21, 0x46, 0x21, 0x46, 0x21, 0x46, 0x21, 0x46, 0x21,
  0x46, 0x21, 0x46, 0x21, 0x46, 0x21, 0x46, 0x21, 0x46, 0x21, 0x46, 0x21, 0x46, 0x21, 0x46, 0x21,
  0x46, 0x21, 0x46, 0x21, 0x46, 0x21, 0x46, 0x21, 0x26, 0x21, 0xe9, 0x39, 0xab, 0x52, 0xa3, 0x10,
  0x04, 0x21, 0x04, 0x21, 0x04, 0x21, 0x04, 0x21, 0x05, 0x21, 0x05, 0x21, 0x05, 0x21, 0x04, 0x21,
  0x25, 0x21, 0x25, 0x21, 0x25, 0x21, 0x25, 0x21, 0x25, 0x21, 0x25, 0x21, 0x25, 0x21, 0x25, 0x21,
  0x25, 0x21, 0x45, 0x21, 0x45, 0x21, 0x25, 0x21, 0x45, 0x29, 0x46, 0x29, 0x46, 0x29, 0x45, 0x29,
  0x25, 0x21, 0xe4, 0x10, 0x04, 0x19, 0x45, 0x29, 0x45, 0x29, 0x45, 0x21, 0x25, 0x21, 0x25, 0x21,
  0x25, 0x21, 0x25, 0x21, 0x25, 0x21, 0x25, 0x21, 0x25, 0x21, 0x25, 0x21, 0x05, 0x21, 0x25, 0x21,
  0x25, 0x21, 0x04, 0x21, 0x04, 0x21, 0x05, 0x21, 0x05, 0x21, 0x05, 0x21, 0x04, 0x21, 0x04, 0x21,
  0x04, 0x21, 0x04, 0x21, 0x05, 0x21, 0xc4, 0x18, 0x05, 0x21, 0x25, 0x21, 0x25, 0x21, 0x25, 0x21,
  0x25, 0x21, 0x25, 0x21, 0x67, 0x29, 0x09, 0x42, 0x29, 0x42, 0x29, 0x42, 0x49, 0x4a, 0x49, 0x42,
  0x29, 0x42, 0x29, 0x42, 0x29, 0x42, 0x25, 0x21, 0x87, 0x31, 0x69, 0x4a, 0x49, 0x4a, 0x69, 0x4a,
  0x29, 0x42, 0xe8, 0x39, 0x08, 0x42, 0x08, 0x42, 0xa6, 0x31, 0x66, 0x29, 0x49, 0x4a, 0x0c, 0x5b,
  0x69, 0x4a, 0x28, 0x42, 0x86, 0x31, 0xc7, 0x39, 0x28, 0x42, 0x69, 0x4a, 0x49, 0x4a, 0x8a, 0x4a,
  0xeb, 0x5a, 0x2c, 0x63, 0xae, 0x73, 0x49, 0x42, 0x86, 0x29, 0xc2, 0x10, 0xa2, 0x10, 0xe3, 0x18,
  0x65, 0x29, 0x08, 0x42, 0xaa, 0x52, 0x2c, 0x63, 0x6d, 0x6b, 0x6d, 0x6b, 0x6d, 0x6b, 0xab, 0x52,
  0x6a, 0x4a, 0x6a, 0x4a, 0x6a, 0x4a, 0x6a, 0x4a, 0x6a, 0x4a, 0x6a, 0x42, 0x4a, 0x4a, 0x4a, 0x42,
  0x4a, 0x42, 0x6a, 0x4a, 0x4a, 0x42, 0x6a, 0x4a, 0x6a, 0x4a, 0x4a, 0x42, 0x4a, 0x42, 0x4a, 0x42,
  0x4a, 0x42, 0x6a, 0x4a, 0x4a, 0x42, 0x4a, 0x42, 0x4a, 0x42, 0x4a, 0x42, 0x4a, 0x42, 0x4a, 0x42,
  0x4a, 0x42, 0x4a, 0x42, 0x4a, 0x42, 0x4a, 0x42, 0x4a, 0x42, 0x4a, 0x42, 0x4a, 0x42, 0x29, 0x42,
  0x29, 0x42, 0x29, 0x42, 0x29, 0x42, 0x29, 0x42, 0x29, 0x42, 0x29, 0x42, 0x29, 0x42, 0x09, 0x3a,
  0xe8, 0x39, 0x09, 0x3a, 0xa7, 0x31, 0x46, 0x21, 0x46, 0x21, 0x46, 0x21, 0x46, 0x21, 0x46, 0x21,
  0x46, 0x21, 0x46, 0x21, 0x46, 0x21, 0x46, 0x21, 0x46, 0x21, 0x46, 0x21, 0x46, 0x21, 0x46, 0x21,
  0x46, 0x21, 0x46, 0x21, 0x46, 0x21, 0x46, 0x21, 0x46, 0x21, 0x46, 0x21, 0x46, 0x21, 0x46, 0x21,
  0x46, 0x21, 0x46, 0x21, 0x46, 0x21, 0x46, 0x21, 0x46, 0x21, 0x46, 0x21, 0x46, 0x21, 0x46, 0x21,
  0x46, 0x21, 0x46, 0x21, 0x46, 0x21, 0x46, 0x21, 0x46, 0x21, 0x46, 0x21, 0x46, 0x21, 0x46, 0x21,
  0x46, 0x21, 0x46, 0x21, 0x46, 0x21, 0x46, 0x21, 0x46, 0x21, 0x46, 0x21, 0x46, 0x21, 0x46, 0x21,
  0x46, 0x21, 0x46, 0x21, 0x46, 0x21, 0x46, 0x21, 0x46, 0x21, 0x46, 0x21, 0x46, 0x21, 0x46, 0x21,
  0x46, 0x21, 0x46, 0x21, 0x46, 0x21, 0x46, 0x21, 0x46, 0x21, 0x46, 0x21, 0x46, 0x21, 0x46, 0x21,
  0x46, 0x21, 0x46, 0x21, 0x46, 0x21, 0x46, 0x21, 0x46, 0x21, 0x46, 0x21, 0x46, 0x21, 0x46, 0x21,
  0x26, 0x21, 0xe9, 0x39, 0xac, 0x52, 0xa3, 0x10, 0x04, 0x21, 0x04, 0x21, 0x05, 0x21, 0x04, 0x21,
  0x04, 0x21, 0x04, 0x21, 0x05, 0x21, 0x05, 0x21, 0x25, 0x21, 0x25, 0x21, 0x25, 0x21, 0x25, 0x21,
  0x25, 0x21, 0x25, 0x21, 0x25, 0x21, 0x25, 0x21, 0x25, 0x21, 0x25, 0x21, 0x25, 0x21, 0x25, 0x21,
  0x25, 0x21, 0x45, 0x19, 0x25, 0x19, 0x25, 0x21, 0x25, 0x29, 0x86, 0x71, 0x46, 0x39, 0x25, 0x21,
  0x45, 0x21, 0x45, 0x21, 0x45, 0x21, 0x25, 0x21, 0x25, 0x21, 0x25, 0x21, 0x25, 0x21, 0x25, 0x21,
  0x25, 0x21, 0x25, 0x21, 0x04, 0x21, 0x05, 0x21, 0x05, 0x21, 0x04, 0x21, 0x05, 0x21, 0x05, 0x21,
  0x05, 0x21, 0x05, 0x19, 0x05, 0x21, 0x05, 0x21, 0x05, 0x21, 0xe4, 0x18, 0x05, 0x21, 0xc4, 0x18,
  0x05, 0x21, 0x25, 0x21, 0x25, 0x21, 0x25, 0x21, 0x25, 0x21, 0x25, 0x21, 0x47, 0x29, 0x09, 0x42,
  0x29, 0x42, 0x29, 0x42, 0x29, 0x42, 0x29, 0x42, 0x29, 0x42, 0x29, 0x42, 0x49, 0x42, 0x25, 0x21,
  0x87, 0x31, 0x69, 0x4a, 0x08, 0x42, 0xa7, 0x31, 0x45, 0x29, 0x08, 0x42, 0x0c, 0x5b, 0x08, 0x3a,
  0xc7, 0x39, 0x49, 0x4a, 0x49, 0x42, 0x86, 0x31, 0xe7, 0x39, 0x08, 0x42, 0xcb, 0x52, 0x6d, 0x6b,
  0x30, 0x84, 0x4d, 0x6b, 0x8a, 0x4a, 0xa6, 0x31, 0x45, 0x29, 0xe3, 0x18, 0xc3, 0x10, 0x03, 0x19,
  0x45, 0x29, 0x08, 0x42, 0xaa, 0x52, 0x4d, 0x6b, 0x8d, 0x73, 0x6d, 0x6b, 0x4d, 0x6b, 0x4c, 0x6b,
  0x2c, 0x63, 0x2c, 0x63, 0x2c, 0x63, 0x8a, 0x4a, 0x6a, 0x4a, 0x6a, 0x4a, 0x6a, 0x4a, 0x4a, 0x42,
  0x4a, 0x42, 0x4a, 0x42, 0x4a, 0x42, 0x4a, 0x42, 0x4a, 0x42, 0x4a, 0x42, 0x4a, 0x42, 0x6a, 0x4a,
  0x4a, 0x42, 0x4a, 0x42, 0x4a, 0x42, 0x4a, 0x42, 0x4a, 0x42, 0x4a, 0x42, 0x4a, 0x42, 0x4a, 0x42,
  0x4a, 0x42, 0x4a, 0x42, 0x4a, 0x42, 0x4a, 0x42, 0x4a, 0x42, 0x4a, 0x42, 0x4a, 0x42, 0x4a, 0x42,
  0x4a, 0x42, 0x4a, 0x42, 0x29, 0x42, 0x29, 0x42, 0x29, 0x42, 0x29, 0x42, 0x29, 0x42, 0x09, 0x42,
  0x09, 0x3a, 0x09, 0x3a, 0x09, 0x3a, 0x09, 0x3a, 0xc8, 0x31, 0x09, 0x3a, 0xe8, 0x39, 0x26, 0x21,
  0x46, 0x21, 0x46, 0x21, 0x46, 0x21, 0x46, 0x21, 0x46, 0x21, 0x46, 0x21, 0x46, 0x21, 0x46, 0x21,
  0x46, 0x21, 0x46, 0x21, 0x46, 0x21, 0x46, 0x21, 0x46, 0x21, 0x46, 0x21, 0x46, 0x21, 0x46, 0x21,
  0x46, 0x21, 0x46, 0x21, 0x46, 0x21, 0x46, 0x21, 0x46, 0x21, 0x46, 0x21, 0x46, 0x21, 0x46, 0x21,
  0x46, 0x21, 0x46, 0x21, 0x46, 0x21, 0x46, 0x21, 0x46, 0x21, 0x46, 0x21, 0x46, 0x21, 0x46, 0x21,
  0x46, 0x21, 0x46, 0x21, 0x46, 0x21, 0x46, 0x21, 0x46, 0x21, 0x46, 0x21, 0x46, 0x21, 0x46, 0x21,
  0x46, 0x21, 0x46, 0x21, 0x46, 0x21, 0x46, 0x21, 0x46, 0x21, 0x46, 0x21, 0x46, 0x21, 0x46, 0x21,
  0x46, 0x21, 0x46, 0x21, 0x46, 0x21, 0x46, 0x21, 0x46, 0x21, 0x46, 0x21, 0x46, 0x21, 0x46, 0x21,
  0x46, 0x21, 0x46, 0x21, 0x46, 0x21, 0x46, 0x21, 0x46, 0x21, 0x46, 0x21, 0x46, 0x21, 0x46, 0x21,
  0x46, 0x21, 0x46, 0x21, 0x46, 0x21, 0x46, 0x21, 0x26, 0x21, 0xe9, 0x39, 0xab, 0x52, 0xa3, 0x10,
  0x05, 0x21, 0x04, 0x21, 0x04, 0x21, 0x04, 0x21, 0x04, 0x21, 0x04, 0x21, 0x04, 0x21, 0x05, 0x21,
  0x05, 0x21, 0x05, 0x21, 0x25, 0x21, 0x25, 0x21, 0x25, 0x21, 0x25, 0x21, 0x25, 0x21, 0x25, 0x21,
  0x25, 0x21, 0x25, 0x21, 0x25, 0x21, 0x25, 0x19, 0x25, 0x51, 0x45, 0x91, 0x25, 0x61, 0x45, 0x39,
  0x25, 0x21, 0xe4, 0x90, 0x05, 0xb1, 0x25, 0x21, 0x25, 0x21, 0x25, 0x21, 0x25, 0x21, 0x25, 0x21,
  0x25, 0x21, 0x25, 0x21, 0x25, 0x21, 0x25, 0x21, 0x25, 0x21, 0x25, 0x21, 0x05, 0x21, 0x04, 0x21,
  0xe4, 0x18, 0xe4, 0x18, 0xe5, 0x18, 0xe5, 0x18, 0xe4, 0x18, 0xe4, 0x18, 0x05, 0x21, 0x05, 0x21,
  0x05, 0x21, 0x05, 0x21, 0x05, 0x21, 0xc4, 0x18, 0x05, 0x21, 0x25, 0x21, 0x25, 0x21, 0x05, 0x21,
  0x25, 0x21, 0x25, 0x21, 0x47, 0x29, 0x08, 0x42, 0x29, 0x42, 0x28, 0x42, 0x08, 0x42, 0x28, 0x42,
  0x29, 0x42, 0x29, 0x42, 0x49, 0x4a, 0x25, 0x21, 0x87, 0x29, 0x8a, 0x4a, 0xa6, 0x31, 0x49, 0x4a,
  0x8a, 0x4a, 0xc7, 0x39, 0x66, 0x29, 0x28, 0x42, 0xe7, 0x39, 0x08, 0x3a, 0xaa, 0x52, 0x4d, 0x6b,
  0xaa, 0x52, 0xeb, 0x5a, 0x4d, 0x63, 0x69, 0x4a, 0x86, 0x29, 0xc3, 0x18, 0xa2, 0x10, 0x04, 0x21,
  0x65, 0x29, 0x48, 0x4a, 0xeb, 0x5a, 0x4c, 0x6b, 0x6d, 0x6b, 0x6d, 0x6b, 0x6d, 0x6b, 0x4c, 0x6b,
  0x4c, 0x6b, 0x2c, 0x63, 0x2c, 0x63, 0x0b, 0x5b, 0xcb, 0x5a, 0xab, 0x52, 0xab, 0x52, 0x4a, 0x42,
  0x6a, 0x4a, 0x6a, 0x4a, 0x4a, 0x42, 0x4a, 0x42, 0x4a, 0x42, 0x4a, 0x42, 0x4a, 0x42, 0x4a, 0x42,
  0x4a, 0x42, 0x4a, 0x42, 0x4a, 0x42, 0x4a, 0x42, 0x4a, 0x42, 0x4a, 0x42, 0x4a, 0x42, 0x4a, 0x42,
  0x4a, 0x42, 0x4a, 0x42, 0x4a, 0x42, 0x4a, 0x42, 0x4a, 0x42, 0x4a, 0x42, 0x4a, 0x42, 0x4a, 0x42,
  0x2a, 0x42, 0x2a, 0x42, 0x4a, 0x42, 0x4a, 0x42, 0x4a, 0x42, 0x4a, 0x42, 0x2a, 0x42, 0x09, 0x3a,
  0x09, 0x3a, 0x09, 0x3a, 0x09, 0x3a, 0x09, 0x3a, 0x09, 0x3a, 0x09, 0x3a, 0x09, 0x3a, 0xe8, 0x39,
  0xc8, 0x31, 0x29, 0x42, 0x4a, 0x42, 0x26, 0x21, 0x46, 0x21, 0x46, 0x21, 0x46, 0x21, 0x46, 0x21,
  0x46, 0x21, 0x46, 0x21, 0x46, 0x21, 0x46, 0x21, 0x46, 0x21, 0x46, 0x21, 0x46, 0x21, 0x46, 0x21,
  0x46, 0x21, 0x46, 0x21, 0x46, 0x21, 0x46, 0x21, 0x46, 0x21, 0x46, 0x21, 0x46, 0x21, 0x46, 0x21,
  0x46, 0x21, 0x46, 0x21, 0x46, 0x21, 0x46, 0x21, 0x46, 0x21, 0x46, 0x21, 0x46, 0x21, 0x46, 0x21,
  0x46, 0x21, 0x46, 0x21, 0x46, 0x21, 0x46, 0x21, 0x46, 0x21, 0x46, 0x21, 0x46, 0x21, 0x46, 0x21,
  0x46, 0x21, 0x46, 0x21, 0x46, 0x21, 0x46, 0x21, 0x46, 0x21, 0x46, 0x21, 0x46, 0x21, 0x46, 0x21,
  0x46, 0x21, 0x46, 0x21, 0x46, 0x21, 0x46, 0x21, 0x46, 0x21, 0x46, 0x21, 0x46, 0x21, 0x46, 0x21,
  0x46, 0x21, 0x46, 0x21, 0x46, 0x21, 0x46, 0x21, 0x46, 0x21, 0x46, 0x21, 0x46, 0x21, 0x46, 0x21,
  0x46, 0x21, 0x46, 0x21, 0x46, 0x21, 0x46, 0x21, 0x46, 0x21, 0x46, 0x21, 0x46, 0x21, 0x46, 0x21,
  0x26, 0x21, 0xe9, 0x39, 0xcb, 0x52, 0xa3, 0x10, 0x04, 0x21, 0x04, 0x21, 0x04, 0x21, 0x05, 0x21,
  0x04, 0x21, 0x04, 0x21, 0x04, 0x21, 0x04, 0x21, 0x04, 0x21, 0x04, 0x21, 0x05, 0x21, 0x25, 0x21,
  0x25, 0x21, 0x25, 0x21, 0x25, 0x21, 0x25, 0x21, 0x25, 0x21, 0x25, 0x21, 0x25, 0x29, 0x25, 0x19,
  0xe4, 0x88, 0x02, 0xf8, 0x42, 0xe8, 0x63, 0xd0, 0xc4, 0xb0, 0xa3, 0xa0, 0x83, 0xd8, 0x05, 0x39,
  0x25, 0x21, 0x25, 0x21, 0x25, 0x21, 0x25, 0x21, 0x25, 0x21, 0x25, 0x21, 0x25, 0x21, 0x25, 0x21,
  0x05, 0x21, 0x05, 0x21, 0x05, 0x21, 0xe4, 0x18, 0xe4, 0x18, 0xe4, 0x18, 0xe4, 0x18, 0xe5, 0x18,
  0xe5, 0x18, 0xe5, 0x18, 0x05, 0x21, 0x05, 0x21, 0x05, 0x21, 0xe4, 0x18, 0xe5, 0x18, 0xc4, 0x18,
  0x05, 0x21, 0x25, 0x21, 0x25, 0x21, 0x25, 0x21, 0x25, 0x21, 0x05, 0x21, 0x67, 0x29, 0x08, 0x42,
  0x29, 0x42, 0x08, 0x42, 0x29, 0x42, 0x29, 0x42, 0x29, 0x42, 0x29, 0x42, 0x49, 0x42, 0x05, 0x21,
  0x87, 0x29, 0x6a, 0x4a, 0x08, 0x42, 0xc7, 0x31, 0xc7, 0x39, 0x49, 0x42, 0x49, 0x4a, 0x69, 0x4a,
  0xce, 0x73, 0xae, 0x73, 0x2c, 0x63, 0x28, 0x42, 0xe3, 0x18, 0x82, 0x08, 0x81, 0x08, 0xc3, 0x18,
  0x85, 0x29, 0x49, 0x4a, 0xca, 0x5a, 0x0c, 0x63, 0x4d, 0x6b, 0x2c, 0x63, 0x2c, 0x63, 0x2c, 0x63,
  0x2c, 0x63, 0x2c, 0x63, 0x2c, 0x63, 0x0c, 0x63, 0xeb, 0x5a, 0xab, 0x52, 0xaa, 0x52, 0x6a, 0x4a,
  0x29, 0x42, 0x4a, 0x42, 0x4a, 0x42, 0x6a, 0x4a, 0x6a, 0x4a, 0x4a, 0x42, 0x4a, 0x42, 0x4a, 0x42,
  0x4a, 0x42, 0x4a, 0x42, 0x4a, 0x42, 0x4a, 0x42, 0x4a, 0x42, 0x4a, 0x42, 0x4a, 0x42, 0x4a, 0x42,
  0x4a, 0x42, 0x2a, 0x42, 0x2a, 0x42, 0x2a, 0x42, 0x4a, 0x42, 0x4a, 0x42, 0x2a, 0x42, 0x4a, 0x42,
  0x4a, 0x42, 0x4a, 0x42, 0x2a, 0x42, 0x2a, 0x42, 0x2a, 0x42, 0x2a, 0x42, 0x2a, 0x42, 0x2a, 0x42,
  0x2a, 0x42, 0x2a, 0x42, 0x09, 0x3a, 0x09, 0x3a, 0x09, 0x3a, 0xe9, 0x39, 0x09, 0x3a, 0x09, 0x3a,
  0xe9, 0x39, 0xe9, 0x39, 0xe9, 0x39, 0xc8, 0x31, 0x67, 0x29, 0xab, 0x52, 0xec, 0x5a, 0x05, 0x19,
  0x66, 0x29, 0x46, 0x21, 0x46, 0x21, 0x46, 0x21, 0x46, 0x21, 0x46, 0x21, 0x46, 0x21, 0x46, 0x21,
  0x46, 0x21, 0x46, 0x21, 0x46, 0x21, 0x46, 0x21, 0x46, 0x21, 0x46, 0x21, 0x46, 0x21, 0x46, 0x21,
  0x46, 0x21, 0x46, 0x21, 0x46, 0x21, 0x46, 0x21, 0x46, 0x21, 0x46, 0x21, 0x46, 0x21, 0x46, 0x21,
  0x46, 0x21, 0x46, 0x21, 0x46, 0x21, 0x46, 0x21, 0x46, 0x21, 0x46, 0x21, 0x46, 0x21, 0x46, 0x21,
  0x46, 0x21, 0x46, 0x21, 0x46, 0x21, 0x46, 0x21, 0x46, 0x21, 0x46, 0x21, 0x46, 0x21, 0x46, 0x21,
  0x46, 0x21, 0x46, 0x21, 0x46, 0x21, 0x46, 0x21, 0x46, 0x21, 0x46, 0x21, 0x46, 0x21, 0x46, 0x21,
  0x46, 0x21, 0x46, 0x21, 0x46, 0x21, 0x46, 0x21, 0x46, 0x21, 0x46, 0x21, 0x46, 0x21, 0x46, 0x21,
  0x46, 0x21, 0x46, 0x21, 0x46, 0x21, 0x46, 0x21, 0x46, 0x21, 0x46, 0x21, 0x46, 0x21, 0x46, 0x21,
  0x46, 0x21, 0x46, 0x21, 0x46, 0x21, 0x46, 0x21, 0x26, 0x21, 0xe9, 0x39, 0xcc, 0x52, 0xa3, 0x10,
  0x04, 0x21, 0xe4, 0x18, 0x04, 0x21, 0x04, 0x21, 0x04, 0x21, 0x04, 0x21, 0x04, 0x19, 0x04, 0x21,
  0x04, 0x21, 0x04, 0x21, 0x25, 0x21, 0x25, 0x21, 0x25, 0x21, 0x25, 0x21, 0x25, 0x21, 0x25, 0x21,
  0x25, 0x21, 0x25, 0x21, 0x25, 0x21, 0x25, 0x19, 0xe4, 0x50, 0x63, 0xb8, 0x21, 0xd0, 0x01, 0xe8,
  0x01, 0xf8, 0x00, 0xf0, 0x41, 0xd8, 0x05, 0x41, 0x25, 0x19, 0x25, 0x21, 0x25, 0x21, 0x25, 0x21,
  0x25, 0x21, 0x25, 0x21, 0x05, 0x21, 0x05, 0x21, 0x05, 0x21, 0x05, 0x21, 0xe5, 0x18, 0xe4, 0x18,
  0xe4, 0x18, 0xe4, 0x18, 0xe4, 0x18, 0xe4, 0x18, 0xe5, 0x18, 0xe5, 0x18, 0xe5, 0x18, 0x05, 0x21,
  0x05, 0x21, 0xe4, 0x18, 0xe5, 0x18, 0xc4, 0x18, 0x05, 0x21, 0x05, 0x21, 0x05, 0x21, 0x05, 0x21,
  0x25, 0x21, 0x05, 0x21, 0x46, 0x29, 0x08, 0x42, 0x29, 0x42, 0x08, 0x42, 0x08, 0x42, 0x28, 0x42,
  0x29, 0x42, 0x28, 0x42, 0x49, 0x42, 0x25, 0x21, 0x87, 0x31, 0x69, 0x4a, 0xaa, 0x52, 0x0f, 0x7c,
  0x10, 0x84, 0x10, 0x7c, 0x29, 0x42, 0x24, 0x21, 0x04, 0x21, 0x82, 0x10, 0x81, 0x08, 0xe3, 0x18,
  0xa6, 0x31, 0x89, 0x52, 0x0b, 0x5b, 0x4c, 0x6b, 0x6d, 0x6b, 0x4d, 0x6b, 0x4c, 0x6b, 0x4c, 0x6b,
  0x2c, 0x63, 0x4c, 0x6b, 0x4c, 0x6b, 0x2c, 0x63, 0xeb, 0x5a, 0xab, 0x52, 0x6a, 0x4a, 0x6a, 0x4a,
  0x6a, 0x4a, 0x6a, 0x4a, 0xa7, 0x31, 0x66, 0x29, 0x08, 0x3a, 0x6b, 0x42, 0x29, 0x42, 0x6a, 0x4a,
  0x6a, 0x4a, 0x4a, 0x42, 0x4a, 0x42, 0x4a, 0x42, 0x4a, 0x42, 0x4a, 0x42, 0x4a, 0x42, 0x4a, 0x42,
  0x4a, 0x42, 0x4a, 0x42, 0x4a, 0x42, 0x4a, 0x42, 0x2a, 0x42, 0x29, 0x42, 0x2a, 0x42, 0x2a, 0x42,
  0x2a, 0x42, 0x2a, 0x42, 0x29, 0x42, 0x2a, 0x42, 0x2a, 0x42, 0x2a, 0x42, 0x2a, 0x42, 0x2a, 0x42,
  0x2a, 0x3a, 0x2a, 0x42, 0x2a, 0x42, 0x2a, 0x42, 0x0a, 0x42, 0x09, 0x3a, 0x09, 0x3a, 0x09, 0x3a,
  0x09, 0x3a, 0xe9, 0x39, 0xe9, 0x39, 0xe9, 0x39, 0xe9, 0x39, 0xe9, 0x39, 0xc8, 0x31, 0x09, 0x3a,
  0xcc, 0x52, 0xcc, 0x52, 0xc8, 0x31, 0x26, 0x21, 0x46, 0x21, 0x46, 0x21, 0x46, 0x21, 0x46, 0x21,
  0x46, 0x21, 0x46, 0x21, 0x46, 0x21, 0x46, 0x21, 0x46, 0x21, 0x46, 0x21, 0x46, 0x21, 0x46, 0x21,
  0x46, 0x21, 0x46, 0x21, 0x46, 0x21, 0x46, 0x21, 0x46, 0x21, 0x46, 0x21, 0x46, 0x21, 0x46, 0x21,
  0x46, 0x21, 0x46, 0x21, 0x46, 0x21, 0x46, 0x21, 0x46, 0x21, 0x46, 0x21, 0x46, 0x21, 0x46, 0x21,
  0x46, 0x21, 0x46, 0x21, 0x46, 0x21, 0x46, 0x21, 0x46, 0x21, 0x46, 0x21, 0x46, 0x21, 0x46, 0x21,
  0x46, 0x21, 0x46, 0x21, 0x46, 0x21, 0x46, 0x21, 0x46, 0x21, 0x46, 0x21, 0x46, 0x21, 0x46, 0x21,
  0x46, 0x21, 0x46, 0x21, 0x46, 0x21, 0x46, 0x21, 0x46, 0x21, 0x46, 0x21, 0x46, 0x21, 0x46, 0x21,
  0x46, 0x21, 0x46, 0x21, 0x46, 0x21, 0x46, 0x21, 0x46, 0x21, 0x46, 0x21, 0x46, 0x21, 0x46, 0x21,
  0x46, 0x21, 0x46, 0x21, 0x46, 0x21, 0x46, 0x21, 0x46, 0x21, 0x46, 0x21, 0x46, 0x21, 0x46, 0x21,
  0x26, 0x21, 0xe9, 0x39, 0xcc, 0x52, 0xa3, 0x10, 0x04, 0x19, 0xe4, 0x18, 0xe4, 0x18, 0x04, 0x19,
  0x04, 0x19, 0x04, 0x19, 0xe4, 0x18, 0x04, 0x19, 0x04, 0x19, 0x04, 0x21, 0x25, 0x21, 0x05, 0x21,
  0x25, 0x21, 0x25, 0x21, 0x05, 0x21, 0x25, 0x21, 0x25, 0x21, 0x05, 0x21, 0x25, 0x21, 0x25, 0x21,
  0x25, 0x21, 0x25, 0x29, 0xe4, 0x40, 0xa3, 0x58, 0x83, 0x90, 0x21, 0xd8, 0xa3, 0x98, 0x25, 0x21,
  0x25, 0x21, 0x25, 0x21, 0x25, 0x21, 0x25, 0x21, 0x25, 0x21, 0x25, 0x21, 0x25, 0x21, 0x05, 0x21,
  0x05, 0x21, 0x05, 0x19, 0x05, 0x21, 0xe4, 0x18, 0xe4, 0x18, 0xe4, 0x18, 0xe4, 0x18, 0xe4, 0x18,
  0xe4, 0x18, 0xe4, 0x18, 0x05, 0x21, 0x05, 0x21, 0x05, 0x21, 0xe5, 0x18, 0xe5, 0x18, 0xc4, 0x18,
  0x05, 0x21, 0x05, 0x21, 0x05, 0x21, 0x05, 0x21, 0x25, 0x21, 0x05, 0x21, 0x46, 0x29, 0x08, 0x3a,
  0x29, 0x42, 0x29, 0x42, 0x29, 0x42, 0x29, 0x42, 0x29, 0x42, 0x08, 0x42, 0x28, 0x42, 0x05, 0x21,
  0x67, 0x29, 0x08, 0x42, 0xc7, 0x31, 0x86, 0x29, 0xc3, 0x10, 0x41, 0x08, 0x82, 0x08, 0xe3, 0x18,
  0xa6, 0x31, 0xaa, 0x52, 0x0c, 0x63, 0x4c, 0x6b, 0x4d, 0x6b, 0x2c, 0x63, 0x4c, 0x6b, 0x4c, 0x6b,
  0x2c, 0x63, 0x2c, 0x63, 0x2c, 0x63, 0x0c, 0x63, 0xeb, 0x5a, 0xaa, 0x52, 0x6a, 0x4a, 0x69, 0x4a,
  0x49, 0x42, 0x49, 0x42, 0x8a, 0x52, 0x6a, 0x4a, 0xe8, 0x39, 0x29, 0x42, 0x66, 0x29, 0x66, 0x29,
  0x28, 0x42, 0x6b, 0x4a, 0x29, 0x42, 0x6a, 0x4a, 0x4a, 0x42, 0x4a, 0x42, 0x4a, 0x42, 0x4a, 0x42,
  0x2a, 0x42, 0x4a, 0x42, 0x4a, 0x42, 0x4a, 0x42, 0x2a, 0x42, 0x2a, 0x42, 0x2a, 0x42, 0x29, 0x42,
  0x2a, 0x42, 0x2a, 0x42, 0x2a, 0x42, 0x2a, 0x42, 0x2a, 0x42, 0x2a, 0x42, 0x2a, 0x42, 0x2a, 0x42,
  0x2a, 0x42, 0x2a, 0x42, 0x4a, 0x42, 0x2a, 0x42, 0x2a, 0x3a, 0x2a, 0x3a, 0x2a, 0x3a, 0x2a, 0x42,
  0x0a, 0x3a, 0x09, 0x3a, 0xe9, 0x39, 0xe9, 0x39, 0xe9, 0x39, 0xe9, 0x39, 0x09, 0x3a, 0xe9, 0x39,
  0xa8, 0x31, 0x87, 0x29, 0x06, 0x19, 0x4e, 0x63, 0x6f, 0x6b, 0x05, 0x19, 0x46, 0x21, 0x46, 0x21,
  0x46, 0x21, 0x46, 0x21, 0x46, 0x21, 0x46, 0x21, 0x46, 0x21, 0x46, 0x21, 0x46, 0x21, 0x46, 0x21,
  0x46, 0x21, 0x46, 0x21, 0x46, 0x21, 0x46, 0x21, 0x46, 0x21, 0x46, 0x21, 0x46, 0x21, 0x46, 0x21,
  0x46, 0x21, 0x46, 0x21, 0x46, 0x21, 0x46, 0x21, 0x46, 0x21, 0x46, 0x21, 0x46, 0x21, 0x46, 0x21,
  0x46, 0x21, 0x46, 0x21, 0x46, 0x21, 0x46, 0x21, 0x46, 0x21, 0x46, 0x21, 0x46, 0x21, 0x46, 0x21,
  0x46, 0x21, 0x46, 0x21, 0x46, 0x21, 0x46, 0x21, 0x46, 0x21, 0x46, 0x21, 0x46, 0x21, 0x46, 0x21,
  0x46, 0x21, 0x46, 0x21, 0x46, 0x21, 0x46, 0x21, 0x46, 0x21, 0x46, 0x21, 0x46, 0x21, 0x46, 0x21,
  0x46, 0x21, 0x46, 0x21, 0x46, 0x21, 0x46, 0x21, 0x46, 0x21, 0x46, 0x21, 0x46, 0x21, 0x46, 0x21,
  0x46, 0x21, 0x46, 0x21, 0x46, 0x21, 0x46, 0x21, 0x46, 0x21, 0x46, 0x21, 0x46, 0x21, 0x46, 0x21,
  0x46, 0x21, 0x46, 0x21, 0x46, 0x21, 0x46, 0x21, 0x26, 0x21, 0xe9, 0x39, 0xcc, 0x5a, 0xa3, 0x10,
  0xe4, 0x18, 0xe4, 0x18, 0xe4, 0x18, 0xe4, 0x18, 0xe4, 0x18, 0xe4, 0x18, 0xe4, 0x18, 0xe4, 0x18,
  0x04, 0x21, 0x05, 0x21, 0x05, 0x21, 0x04, 0x21, 0x05, 0x21, 0x05, 0x21, 0x05, 0x21, 0x05, 0x21,
  0x05, 0x21, 0x05, 0x21, 0x25, 0x21, 0x25, 0x21, 0x05, 0x21, 0x25, 0x19, 0x25, 0x19, 0x25, 0x19,
  0x05, 0x11, 0xc3, 0x90, 0x25, 0x91, 0x25, 0x19, 0x25, 0x21, 0x25, 0x21, 0x25, 0x21, 0x25, 0x21,
  0x05, 0x21, 0x25, 0x21, 0x25, 0x21, 0x05, 0x21, 0x05, 0x21, 0x05, 0x21, 0xe4, 0x18, 0xe4, 0x18,
  0xe4, 0x18, 0xe4, 0x18, 0xe4, 0x18, 0xe4, 0x18, 0xe4, 0x18, 0xe4, 0x18, 0x05, 0x21, 0x05, 0x21,
  0x05, 0x21, 0x05, 0x21, 0xe5, 0x18, 0xc4, 0x18, 0x05, 0x21, 0x05, 0x21, 0x05, 0x21, 0x05, 0x21,
  0x25, 0x21, 0x05, 0x21, 0x46, 0x29, 0x08, 0x3a, 0x29, 0x42, 0x29, 0x42, 0x29, 0x42, 0x29, 0x42,
  0x08, 0x42, 0x08, 0x3a, 0x08, 0x42, 0xe4, 0x18, 0x42, 0x08, 0x82, 0x10, 0x82, 0x10, 0xe3, 0x18,
  0xa6, 0x31, 0x89, 0x4a, 0xcb, 0x5a, 0x0b, 0x63, 0x2c, 0x63, 0x2c, 0x63, 0x2c, 0x63, 0x0b, 0x63,
  0xeb, 0x5a, 0x0b, 0x63, 0x0b, 0x63, 0x0b, 0x63, 0xeb, 0x5a, 0xaa, 0x52, 0x69, 0x4a, 0x29, 0x42,
  0x29, 0x42, 0x08, 0x42, 0x08, 0x3a, 0x29, 0x42, 0x49, 0x4a, 0x6a, 0x4a, 0x49, 0x42, 0xe8, 0x39,
  0xe4, 0x18, 0xa7, 0x29, 0x46, 0x21, 0x46, 0x21, 0xe8, 0x39, 0x4a, 0x42, 0x2a, 0x42, 0x6a, 0x4a,
  0x4a, 0x42, 0x4a, 0x42, 0x2a, 0x42, 0x2a, 0x42, 0x2a, 0x42, 0x2a, 0x42, 0x4a, 0x42, 0x2a, 0x42,
  0x2a, 0x42, 0x2a, 0x42, 0x2a, 0x42, 0x2a, 0x42, 0x2a, 0x42, 0x2a, 0x42, 0x2a, 0x42, 0x2a, 0x42,
  0x2a, 0x42, 0x2a, 0x42, 0x0a, 0x3a, 0x2a, 0x42, 0x2a, 0x42, 0x2a, 0x3a, 0x2a, 0x3a, 0x2a, 0x3a,
  0x0a, 0x3a, 0x09, 0x3a, 0x0a, 0x3a, 0x09, 0x3a, 0xe9, 0x39, 0xe9, 0x39, 0xe9, 0x39, 0xe9, 0x39,
  0x0a, 0x3a, 0x0a, 0x3a, 0x88, 0x29, 0x46, 0x21, 0x47, 0x21, 0x88, 0x29, 0x47, 0x21, 0x46, 0x21,
  0xe9, 0x39, 0x26, 0x21, 0x66, 0x29, 0x46, 0x21, 0x46, 0x21, 0x46, 0x21, 0x46, 0x21, 0x46, 0x21,
  0x46, 0x21, 0x46, 0x21, 0x46, 0x21, 0x46, 0x21, 0x46, 0x21, 0x46, 0x21, 0x46, 0x21, 0x46, 0x21,
  0x46, 0x21, 0x46, 0x21, 0x46, 0x21, 0x46, 0x21, 0x46, 0x21, 0x46, 0x21, 0x46, 0x21, 0x46, 0x21,
  0x46, 0x21, 0x46, 0x21, 0x46, 0x21, 0x46, 0x21, 0x46, 0x21, 0x46, 0x21, 0x46, 0x21, 0x46, 0x21,
  0x46, 0x21, 0x46, 0x21, 0x46, 0x21, 0x46, 0x21, 0x46, 0x21, 0x46, 0x21, 0x46, 0x21, 0x46, 0x21,
  0x46, 0x21, 0x46, 0x21, 0x46, 0x21, 0x46, 0x21, 0x46, 0x21, 0x46, 0x21, 0x46, 0x21, 0x46, 0x21,
  0x46, 0x21, 0x46, 0x21, 0x46, 0x21, 0x46, 0x21, 0x46, 0x21, 0x46, 0x21, 0x46, 0x21, 0x46, 0x21,
  0x46, 0x21, 0x46, 0x21, 0x46, 0x21, 0x46, 0x21, 0x46, 0x21, 0x46, 0x21, 0x46, 0x21, 0x46, 0x21,
  0x46, 0x21, 0x46, 0x21, 0x46, 0x21, 0x46, 0x21, 0x46, 0x21, 0x46, 0x21, 0x46, 0x21, 0x46, 0x21,
  0x26, 0x21, 0xe9, 0x39, 0xcc, 0x52, 0x83, 0x10, 0xe4, 0x18, 0xe4, 0x18, 0xe4, 0x18, 0xc4, 0x18,
  0xe4, 0x18, 0xe4, 0x18, 0xe4, 0x18, 0xe4, 0x18, 0x04, 0x19, 0x05, 0x21, 0x04, 0x19, 0x04, 0x21,
  0x05, 0x21, 0x04, 0x21, 0x05, 0x21, 0x05, 0x21, 0x05, 0x21, 0x25, 0x21, 0x25, 0x21, 0x05, 0x21,
  0x05, 0x31, 0x25, 0x49, 0x25, 0x29, 0x05, 0x19, 0x25, 0x09, 0xc4, 0x50, 0x83, 0xd0, 0x05, 0x31,
  0x25, 0x21, 0x25, 0x21, 0x25, 0x21, 0x25, 0x21, 0x05, 0x21, 0x25, 0x21, 0x05, 0x21, 0x05, 0x21,
  0x05, 0x21, 0x05, 0x21, 0xe5, 0x18, 0xe4, 0x18, 0xe4, 0x18, 0xe4, 0x18, 0xe4, 0x18, 0xe5, 0x18,
  0xe5, 0x18, 0xe4, 0x18, 0xe5, 0x18, 0x05, 0x21, 0x05, 0x21, 0x05, 0x21, 0xe5, 0x18, 0xc4, 0x18,
  0xe5, 0x18, 0x05, 0x21, 0x05, 0x21, 0x05, 0x21, 0x05, 0x21, 0x05, 0x21, 0x46, 0x29, 0x08, 0x3a,
  0x29, 0x42, 0x29, 0x42, 0x28, 0x42, 0x08, 0x3a, 0x08, 0x3a, 0xe8, 0x39, 0xe8, 0x39, 0xc3, 0x18,
  0x00, 0x00, 0x22, 0x00, 0xc7, 0x39, 0x8a, 0x52, 0xcb, 0x5a, 0xeb, 0x5a, 0xeb, 0x5a, 0xcb, 0x5a,
  0xca, 0x5a, 0xca, 0x5a, 0xca, 0x5a, 0xaa, 0x52, 0x8a, 0x4a, 0x49, 0x4a, 0x29, 0x42, 0x29, 0x42,
  0x28, 0x42, 0x08, 0x42, 0xe8, 0x39, 0x08, 0x42, 0x29, 0x42, 0x29, 0x42, 0xe8, 0x39, 0xe8, 0x39,
  0xe5, 0x18, 0xc3, 0x18, 0xc3, 0x18, 0xa3, 0x10, 0xc3, 0x18, 0xc8, 0x31, 0x25, 0x21, 0x25, 0x21,
  0xe7, 0x31, 0x2a, 0x42, 0x6b, 0x4a, 0x6a, 0x42, 0x2a, 0x42, 0x2a, 0x42, 0x29, 0x42, 0x29, 0x42,
  0x29, 0x42, 0x2a, 0x42, 0x2a, 0x42, 0x29, 0x42, 0x2a, 0x42, 0x2a, 0x42, 0x2a, 0x42, 0x2a, 0x42,
  0x2a, 0x3a, 0x2a, 0x3a, 0x2a, 0x3a, 0x29, 0x3a, 0x2a, 0x42, 0x2a, 0x3a, 0x0a, 0x3a, 0x0a, 0x3a,
  0x0a, 0x3a, 0x09, 0x3a, 0x0a, 0x3a, 0x09, 0x3a, 0x09, 0x3a, 0xe9, 0x39, 0xe9, 0x39, 0xe9, 0x39,
  0xe9, 0x39, 0x0a, 0x3a, 0x0a, 0x3a, 0xca, 0x31, 0x68, 0x29, 0xa4, 0x10, 0xa3, 0x10, 0xa7, 0x31,
  0x67, 0x29, 0xa4, 0x10, 0x21, 0x00, 0x41, 0x00, 0x87, 0x29, 0x46, 0x21, 0x46, 0x21, 0x46, 0x21,
  0x46, 0x21, 0x46, 0x21, 0x46, 0x21, 0x46, 0x21, 0x46, 0x21, 0x46, 0x21, 0x46, 0x21, 0x46, 0x21,
  0x46, 0x21, 0x46, 0x21, 0x46, 0x21, 0x46, 0x21, 0x46, 0x21, 0x46, 0x21, 0x46, 0x21, 0x46, 0x21,
  0x46, 0x21, 0x46, 0x21, 0x46, 0x21, 0x46, 0x21, 0x46, 0x21, 0x46, 0x21, 0x46, 0x21, 0x46, 0x21,
  0x46, 0x21, 0x46, 0x21, 0x46, 0x21, 0x46, 0x21, 0x46, 0x21, 0x46, 0x21, 0x46, 0x21, 0x46, 0x21,
  0x46, 0x21, 0x46, 0x21, 0x46, 0x21, 0x46, 0x21, 0x46, 0x21, 0x46, 0x21, 0x46, 0x21, 0x46, 0x21,
  0x46, 0x21, 0x46, 0x21, 0x46, 0x21, 0x46, 0x21, 0x46, 0x21, 0x46, 0x21, 0x46, 0x21, 0x46, 0x21,
  0x46, 0x21, 0x46, 0x21, 0x46, 0x21, 0x46, 0x21, 0x46, 0x21, 0x46, 0x21, 0x46, 0x21, 0x46, 0x21,
  0x46, 0x21, 0x46, 0x21, 0x46, 0x21, 0x46, 0x21, 0x46, 0x21, 0x46, 0x21, 0x46, 0x21, 0x46, 0x21,
  0x46, 0x21, 0x46, 0x21, 0x46, 0x21, 0x46, 0x21, 0x26, 0x21, 0xe9, 0x39, 0xcc, 0x52, 0xa3, 0x10,
  0xe4, 0x18, 0xc4, 0x18, 0xc4, 0x18, 0xc4, 0x18, 0xc4, 0x18, 0xe4, 0x18, 0xe4, 0x18, 0xe4, 0x18,
  0x04, 0x19, 0x04, 0x19, 0x04, 0x19, 0x04, 0x21, 0x05, 0x21, 0xe5, 0x18, 0xe5, 0x18, 0x05, 0x21,
  0x05, 0x21, 0x25, 0x21, 0x25, 0x21, 0x25, 0x19, 0x04, 0x71, 0x63, 0xe8, 0xc4, 0xc0, 0xe4, 0x88,
  0x04, 0x51, 0xa3, 0x80, 0x63, 0xe0, 0x05, 0x41, 0x05, 0x19, 0x05, 0x21, 0x25, 0x21, 0x25, 0x21,
  0x05, 0x21, 0x05, 0x21, 0x05, 0x21, 0x05, 0x21, 0x05, 0x21, 0x05, 0x21, 0xe5, 0x18, 0xe4, 0x18,
  0xe4, 0x18, 0xe4, 0x18, 0xe4, 0x18, 0xe4, 0x18, 0xe4, 0x18, 0xe4, 0x18, 0xe4, 0x18, 0xe5, 0x18,
  0x05, 0x21, 0x05, 0x21, 0xe5, 0x20, 0xc4, 0x18, 0xe4, 0x18, 0x05, 0x21, 0x05, 0x21, 0x05, 0x21,
  0x05, 0x21, 0x05, 0x21, 0x46, 0x29, 0x08, 0x3a, 0x29, 0x42, 0x29, 0x42, 0x08, 0x42, 0x08, 0x42,
  0x08, 0x42, 0xe8, 0x39, 0xc7, 0x39, 0xa3, 0x10, 0x00, 0x00, 0x22, 0x00, 0x04, 0x19, 0x65, 0x29,
  0xc7, 0x39, 0x08, 0x3a, 0x28, 0x42, 0x49, 0x42, 0x28, 0x42, 0x28, 0x42, 0x08, 0x42, 0xe8, 0x39,
  0xe8, 0x39, 0xe8, 0x39, 0xc7, 0x39, 0x08, 0x3a, 0x29, 0x42, 0x49, 0x4a, 0x08, 0x42, 0xa7, 0x31,
  0xe5, 0x18, 0xa7, 0x31, 0xe8, 0x39, 0x66, 0x29, 0xa3, 0x10, 0x04, 0x21, 0x04, 0x21, 0x25, 0x21,
  0x25, 0x21, 0xc7, 0x31, 0xa7, 0x31, 0xa7, 0x31, 0xe7, 0x31, 0x4a, 0x42, 0x29, 0x42, 0x4a, 0x42,
  0x2a, 0x42, 0x29, 0x42, 0x2a, 0x42, 0x2a, 0x42, 0x29, 0x42, 0x2a, 0x42, 0x2a, 0x42, 0x2a, 0x42,
  0x2a, 0x3a, 0x2a, 0x42, 0x2a, 0x42, 0x2a, 0x42, 0x2a, 0x3a, 0x09, 0x3a, 0x0a, 0x3a, 0x0a, 0x3a,
  0x09, 0x3a, 0x09, 0x3a, 0x0a, 0x3a, 0x09, 0x3a, 0x09, 0x3a, 0xe9, 0x39, 0xea, 0x39, 0xe9, 0x39,
  0xe9, 0x39, 0xe9, 0x39, 0x0a, 0x3a, 0x0a, 0x3a, 0xea, 0x39, 0x89, 0x29, 0x06, 0x19, 0x42, 0x08,
  0x00, 0x00, 0x61, 0x08, 0x87, 0x31, 0xc4, 0x18, 0x01, 0x00, 0x01, 0x00, 0x21, 0x00, 0x62, 0x08,
  0x87, 0x29, 0x46, 0x21, 0x46, 0x21, 0x46, 0x21, 0x46, 0x21, 0x46, 0x21, 0x46, 0x21, 0x46, 0x21,
  0x46, 0x21, 0x46, 0x21, 0x46, 0x21, 0x46, 0x21, 0x46, 0x21, 0x46, 0x21, 0x46, 0x21, 0x46, 0x21,
  0x46, 0x21, 0x46, 0x21, 0x46, 0x21, 0x46, 0x21, 0x46, 0x21, 0x46, 0x21, 0x46, 0x21, 0x46, 0x21,
  0x46, 0x21, 0x46, 0x21, 0x46, 0x21, 0x46, 0x21, 0x46, 0x21, 0x46, 0x21, 0x46, 0x21, 0x46, 0x21,
  0x46, 0x21, 0x46, 0x21, 0x46, 0x21, 0x46, 0x21, 0x46, 0x21, 0x46, 0x21, 0x46, 0x21, 0x46, 0x21,
  0x46, 0x21, 0x46, 0x21, 0x46, 0x21, 0x46, 0x21, 0x46, 0x21, 0x46, 0x21, 0x46, 0x21, 0x46, 0x21,
  0x46, 0x21, 0x46, 0x21, 0x46, 0x21, 0x46, 0x21, 0x46, 0x21, 0x46, 0x21, 0x46, 0x21, 0x46, 0x21,
  0x46, 0x21, 0x46, 0x21, 0x46, 0x21, 0x46, 0x21, 0x46, 0x21, 0x46, 0x21, 0x46, 0x21, 0x46, 0x21,
  0x46, 0x21, 0x46, 0x21, 0x46, 0x21, 0x46, 0x21, 0x46, 0x21, 0x46, 0x21, 0x46, 0x21, 0x46, 0x21,
  0x26, 0x21, 0xe9, 0x39, 0xac, 0x52, 0x62, 0x08, 0xc4, 0x18, 0xc4, 0x18, 0xc4, 0x18, 0xc4, 0x18,
  0xc4, 0x18, 0xc4, 0x18, 0xe4, 0x18, 0xe4, 0x18, 0x04, 0x19, 0xe4, 0x18, 0xe4, 0x18, 0xe4, 0x18,
  0xe4, 0x18, 0xe4, 0x18, 0xe5, 0x18, 0xe5, 0x18, 0x05, 0x21, 0x05, 0x21, 0x05, 0x21, 0x25, 0x19,
  0xe4, 0x68, 0x41, 0xe8, 0x01, 0xf0, 0x01, 0xf0, 0x21, 0xe8, 0x01, 0xe0, 0x42, 0xd8, 0x04, 0x41,
  0x25, 0x21, 0x05, 0x21, 0x05, 0x21, 0x05, 0x21, 0x05, 0x21, 0x05, 0x21, 0x05, 0x21, 0x05, 0x21,
  0x05, 0x21, 0x05, 0x21, 0xe5, 0x18, 0xe4, 0x18, 0xe4, 0x18, 0xe4, 0x18, 0xe4, 0x18, 0xe4, 0x18,
  0xe4, 0x18, 0xe4, 0x18, 0xe4, 0x18, 0xe5, 0x18, 0x05, 0x21, 0x05, 0x21, 0x05, 0x21, 0xc4, 0x18,
  0xe5, 0x18, 0x05, 0x21, 0x05, 0x21, 0x05, 0x21, 0x05, 0x21, 0x05, 0x21, 0x46, 0x29, 0x08, 0x3a,
  0x28, 0x42, 0x28, 0x42, 0x29, 0x42, 0x29, 0x42, 0x08, 0x3a, 0xe8, 0x39, 0xc7, 0x39, 0xa3, 0x10,
  0x00, 0x00, 0x21, 0x00, 0x05, 0x19, 0x45, 0x21, 0xc7, 0x39, 0xc7, 0x39, 0xc7, 0x39, 0xe7, 0x39,
  0xe8, 0x39, 0xa7, 0x31, 0xc8, 0x39, 0xc8, 0x31, 0xc7, 0x39, 0x66, 0x29, 0x66, 0x29, 0x46, 0x29,
  0x66, 0x29, 0x25, 0x21, 0xa3, 0x10, 0x01, 0x00, 0x22, 0x00, 0xa7, 0x31, 0xe8, 0x39, 0x86, 0x31,
  0xc3, 0x18, 0xe4, 0x18, 0x04, 0x21, 0x25, 0x21, 0x45, 0x21, 0xc7, 0x31, 0x66, 0x29, 0x87, 0x29,
  0xc7, 0x31, 0x4a, 0x42, 0x09, 0x3a, 0x2a, 0x42, 0x2a, 0x42, 0x2a, 0x42, 0x2a, 0x42, 0x0a, 0x42,
  0x2a, 0x3a, 0x09, 0x3a, 0x09, 0x3a, 0x0a, 0x3a, 0x2a, 0x3a, 0x09, 0x3a, 0x2a, 0x3a, 0x2a, 0x3a,
  0x0a, 0x3a, 0x0a, 0x3a, 0xe9, 0x39, 0x09, 0x3a, 0x09, 0x3a, 0x09, 0x3a, 0x0a, 0x3a, 0xe9, 0x39,
  0xe9, 0x39, 0xe9, 0x39, 0xe9, 0x39, 0xea, 0x31, 0x0a, 0x3a, 0x0a, 0x3a, 0xa9, 0x29, 0x26, 0x21,
  0x84, 0x08, 0x21, 0x00, 0x00, 0x00, 0x00, 0x00, 0x82, 0x10, 0x87, 0x31, 0x25, 0x21, 0x41, 0x08,
  0x82, 0x10, 0xa3, 0x10, 0x62, 0x08, 0x82, 0x08, 0x67, 0x21, 0x46, 0x21, 0x46, 0x21, 0x46, 0x21,
  0x46, 0x21, 0x46, 0x21, 0x46, 0x21, 0x46, 0x21, 0x46, 0x21, 0x46, 0x21, 0x46, 0x21, 0x46, 0x21,
  0x46, 0x21, 0x46, 0x21, 0x46, 0x21, 0x46, 0x21, 0x46, 0x21, 0x46, 0x21, 0x46, 0x21, 0x46, 0x21,
  0x46, 0x21, 0x46, 0x21, 0x46, 0x21, 0x46, 0x21, 0x46, 0x21, 0x46, 0x21, 0x46, 0x21, 0x46, 0x21,
  0x46, 0x21, 0x46, 0x21, 0x46, 0x21, 0x46, 0x21, 0x46, 0x21, 0x46, 0x21, 0x46, 0x21, 0x46, 0x21,
  0x46, 0x21, 0x46, 0x21, 0x46, 0x21, 0x46, 0x21, 0x46, 0x21, 0x46, 0x21, 0x46, 0x21, 0x46, 0x21,
  0x46, 0x21, 0x46, 0x21, 0x46, 0x21, 0x46, 0x21, 0x46, 0x21, 0x46, 0x21, 0x46, 0x21, 0x46, 0x21,
  0x46, 0x21, 0x46, 0x21, 0x46, 0x21, 0x46, 0x21, 0x46, 0x21, 0x46, 0x21, 0x46, 0x21, 0x46, 0x21,
  0x46, 0x21, 0x46, 0x21, 0x46, 0x21, 0x46, 0x21, 0x46, 0x21, 0x46, 0x21, 0x46, 0x21, 0x46, 0x21,
  0x46, 0x21, 0x46, 0x21, 0x46, 0x21, 0x46, 0x21, 0x26, 0x21, 0xe9, 0x39, 0xcd, 0x5a, 0x63, 0x08,
  0xc4, 0x18, 0xc4, 0x18, 0xc4, 0x18, 0xc4, 0x18, 0xc4, 0x18, 0xc4, 0x18, 0xc4, 0x18, 0xc4, 0x18,
  0xe4, 0x18, 0xe4, 0x18, 0xe4, 0x18, 0xe4, 0x18, 0xe4, 0x18, 0xe5, 0x18, 0xe5, 0x18, 0xe5, 0x18,
  0xe5, 0x18, 0x05, 0x21, 0x05, 0x21, 0x05, 0x21, 0x05, 0x21, 0xe4, 0x58, 0x83, 0x88, 0x62, 0xb0,
  0x21, 0xd8, 0x01, 0xe8, 0x01, 0xe8, 0x83, 0xb8, 0x04, 0xc1, 0x25, 0x79, 0x05, 0x19, 0x05, 0x21,
  0x05, 0x21, 0x05, 0x21, 0x05, 0x21, 0x05, 0x21, 0x05, 0x21, 0x05, 0x21, 0xe4, 0x18, 0xe5, 0x18,
  0xe4, 0x18, 0xe4, 0x18, 0xe4, 0x18, 0xe4, 0x18, 0xe4, 0x18, 0xe4, 0x18, 0xe4, 0x18, 0xe4, 0x18,
  0xe5, 0x18, 0x05, 0x21, 0x05, 0x21, 0xc4, 0x18, 0xe4, 0x18, 0x05, 0x21, 0x05, 0x21, 0x05, 0x21,
  0x05, 0x21, 0x05, 0x21, 0x47, 0x29, 0x08, 0x3a, 0x29, 0x3a, 0x29, 0x42, 0x28, 0x3a, 0x29, 0x3a,
  0x08, 0x3a, 0xe8, 0x39, 0xc7, 0x39, 0xa3, 0x10, 0x00, 0x00, 0x22, 0x00, 0x87, 0x29, 0xc7, 0x39,
  0xc7, 0x39, 0xe8, 0x39, 0x08, 0x42, 0x86, 0x29, 0x45, 0x21, 0x04, 0x19, 0xe9, 0x39, 0xe9, 0x39,
  0x86, 0x31, 0x66, 0x29, 0x41, 0x08, 0x00, 0x00, 0x00, 0x00, 0x21, 0x00, 0x21, 0x00, 0x21, 0x00,
  0x21, 0x00, 0xe8, 0x39, 0x8e, 0x73, 0x86, 0x29, 0xe3, 0x18, 0xe4, 0x18, 0xe3, 0x18, 0x04, 0x19,
  0x04, 0x21, 0xc7, 0x31, 0x86, 0x29, 0x86, 0x29, 0xe8, 0x39, 0x4a, 0x42, 0x09, 0x3a, 0x09, 0x3a,
  0x09, 0x3a, 0x2a, 0x42, 0x2a, 0x3a, 0x09, 0x3a, 0x09, 0x3a, 0x09, 0x3a, 0x09, 0x3a, 0x09, 0x3a,
  0x09, 0x3a, 0x0a, 0x3a, 0x09, 0x3a, 0x09, 0x3a, 0x0a, 0x3a, 0x0a, 0x3a, 0xe9, 0x39, 0xe9, 0x39,
  0xe9, 0x39, 0xe9, 0x39, 0xe9, 0x39, 0xe9, 0x39, 0xea, 0x39, 0x0a, 0x3a, 0x0a, 0x3a, 0xca, 0x31,
  0x47, 0x21, 0xa4, 0x10, 0x21, 0x00, 0x00, 0x00, 0x00, 0x00, 0x01, 0x00, 0x21, 0x00, 0xa2, 0x10,
  0x45, 0x21, 0x67, 0x29, 0x82, 0x10, 0x82, 0x10, 0x41, 0x08, 0xa2, 0x10, 0xa6, 0x31, 0x66, 0x29,
  0x46, 0x21, 0x46, 0x21, 0x46, 0x21, 0x46, 0x21, 0x46, 0x21, 0x46, 0x21, 0x46, 0x21, 0x46, 0x21,
  0x46, 0x21, 0x46, 0x21, 0x46, 0x21, 0x46, 0x21, 0x46, 0x21, 0x46, 0x21, 0x46, 0x21, 0x46, 0x21,
  0x46, 0x21, 0x46, 0x21, 0x46, 0x21, 0x46, 0x21, 0x46, 0x21, 0x46, 0x21, 0x46, 0x21, 0x46, 0x21,
  0x46, 0x21, 0x46, 0x21, 0x46, 0x21, 0x46, 0x21, 0x46, 0x21, 0x46, 0x21, 0x46, 0x21, 0x46, 0x21,
  0x46, 0x21, 0x46, 0x21, 0x46, 0x21, 0x46, 0x21, 0x46, 0x21, 0x46, 0x21, 0x46, 0x21, 0x46, 0x21,
  0x46, 0x21, 0x46, 0x21, 0x46, 0x21, 0x46, 0x21, 0x46, 0x21, 0x46, 0x21, 0x46, 0x21, 0x46, 0x21,
  0x46, 0x21, 0x46, 0x21, 0x46, 0x21, 0x46, 0x21, 0x46, 0x21, 0x46, 0x21, 0x46, 0x21, 0x46, 0x21,
  0x46, 0x21, 0x46, 0x21, 0x46, 0x21, 0x46, 0x21, 0x46, 0x21, 0x46, 0x21, 0x46, 0x21, 0x46, 0x21,
  0x46, 0x21, 0x46, 0x21, 0x46, 0x21, 0x46, 0x21, 0x46, 0x21, 0x46, 0x21, 0x46, 0x21, 0x46, 0x21,
  0x66, 0x29, 0x05, 0x19, 0x6f, 0x6b, 0xe9, 0x39, 0x22, 0x00, 0x63, 0x08, 0x83, 0x10, 0xa4, 0x10,
  0xc4, 0x18, 0xe4, 0x18, 0xc4, 0x18, 0xc4, 0x18, 0xe4, 0x18, 0xe4, 0x18, 0xe4, 0x18, 0xc4, 0x18,
  0xe4, 0x18, 0xe5, 0x18, 0xe5, 0x18, 0xe5, 0x18, 0x05, 0x21, 0x05, 0x21, 0x05, 0x21, 0x05, 0x21,
  0x05, 0x21, 0x05, 0x11, 0x05, 0x11, 0xe4, 0x20, 0xc4, 0x38, 0xa3, 0x68, 0x62, 0x98, 0x21, 0xd0,
  0x00, 0xf8, 0x83, 0xd0, 0x05, 0x29, 0x05, 0x21, 0x05, 0x21, 0x05, 0x21, 0x05, 0x21, 0x05, 0x21,
  0x05, 0x21, 0x05, 0x21, 0xe4, 0x18, 0xe4, 0x18, 0xe4, 0x18, 0xe4, 0x18, 0xe4, 0x18, 0xe4, 0x18,
  0xe4, 0x18, 0xe4, 0x18, 0xe4, 0x18, 0xe4, 0x18, 0xe4, 0x18, 0xe5, 0x18, 0xe5, 0x18, 0xa4, 0x18,
  0xe5, 0x18, 0xe5, 0x18, 0x05, 0x21, 0x05, 0x21, 0x05, 0x21, 0x05, 0x21, 0x46, 0x29, 0x09, 0x3a,
  0x29, 0x3a, 0x29, 0x42, 0x29, 0x42, 0x28, 0x3a, 0x08, 0x3a, 0xe8, 0x39, 0xc7, 0x39, 0xa3, 0x10,
  0x00, 0x00, 0x22, 0x00, 0xe8, 0x39, 0xe7, 0x39, 0x45, 0x29, 0x04, 0x21, 0xe8, 0x39, 0x86, 0x31,
  0x05, 0x19, 0x25, 0x21, 0x09, 0x3a, 0xe9, 0x39, 0x86, 0x29, 0x86, 0x31, 0x82, 0x08, 0x41, 0x00,
  0x41, 0x00, 0x42, 0x00, 0x42, 0x00, 0x21, 0x00, 0x01, 0x00, 0x29, 0x42, 0x51, 0x8c, 0xe4, 0x18,
  0x04, 0x21, 0x04, 0x21, 0x04, 0x19, 0xe4, 0x18, 0xe4, 0x18, 0xa7, 0x31, 0x86, 0x29, 0xa7, 0x31,
  0xc7, 0x31, 0x29, 0x3a, 0xe8, 0x39, 0x09, 0x3a, 0x09, 0x3a, 0x09, 0x3a, 0x09, 0x3a, 0x09, 0x3a,
  0x09, 0x3a, 0xe9, 0x39, 0xe9, 0x39, 0x0a, 0x3a, 0xe9, 0x39, 0x0a, 0x3a, 0x09, 0x3a, 0x09, 0x3a,
  0xe9, 0x39, 0xe9, 0x39, 0xe9, 0x39, 0xe9, 0x31, 0xe9, 0x31, 0xe9, 0x31, 0xea, 0x31, 0x0a, 0x3a,
  0xea, 0x31, 0x68, 0x29, 0xc5, 0x10, 0x42, 0x00, 0x00, 0x00, 0x00, 0x00, 0x00, 0x00, 0x21, 0x00,
  0x21, 0x00, 0x21, 0x00, 0xa3, 0x10, 0x04, 0x21, 0x88, 0x29, 0xc3, 0x10, 0x82, 0x08, 0xa2, 0x10,
  0xc3, 0x10, 0x04, 0x19, 0x07, 0x3a, 0xa7, 0x29, 0x27, 0x19, 0x46, 0x29, 0x46, 0x21, 0x46, 0x21,
  0x46, 0x21, 0x46, 0x21, 0x46, 0x21, 0x46, 0x21, 0x46, 0x21, 0x46, 0x21, 0x46, 0x21, 0x46, 0x21,
  0x46, 0x21, 0x46, 0x21, 0x46, 0x21, 0x46, 0x21, 0x46, 0x21, 0x46, 0x21, 0x46, 0x21, 0x46, 0x21,
  0x46, 0x21, 0x46, 0x21, 0x46, 0x21, 0x46, 0x21, 0x46, 0x21, 0x46, 0x21, 0x46, 0x21, 0x46, 0x21,
  0x46, 0x21, 0x46, 0x21, 0x46, 0x21, 0x46, 0x21, 0x46, 0x21, 0x46, 0x21, 0x46, 0x21, 0x46, 0x21,
  0x46, 0x21, 0x46, 0x21, 0x46, 0x21, 0x46, 0x21, 0x46, 0x21, 0x46, 0x21, 0x46, 0x21, 0x46, 0x21,
  0x46, 0x21, 0x46, 0x21, 0x46, 0x21, 0x46, 0x21, 0x46, 0x21, 0x46, 0x21, 0x46, 0x21, 0x46, 0x21,
  0x46, 0x21, 0x46, 0x21, 0x46, 0x21, 0x46, 0x21, 0x46, 0x21, 0x46, 0x21, 0x46, 0x21, 0x46, 0x21,
  0x46, 0x21, 0x46, 0x21, 0x46, 0x21, 0x46, 0x21, 0x46, 0x21, 0x46, 0x21, 0x46, 0x21, 0x46, 0x21,
  0x46, 0x21, 0x46, 0x21, 0x46, 0x21, 0x46, 0x21, 0x26, 0x21, 0xc8, 0x31, 0xce, 0x5a, 0x87, 0x31,
  0xe8, 0x39, 0x46, 0x29, 0xc4, 0x10, 0x62, 0x08, 0x62, 0x08, 0x83, 0x10, 0xa4, 0x10, 0xc4, 0x18,
  0xe4, 0x18, 0xc4, 0x18, 0xc4, 0x18, 0xc4, 0x18, 0xe4, 0x18, 0xe4, 0x18, 0xe5, 0x18, 0xe5, 0x18,
  0xe5, 0x18, 0x05, 0x21, 0x05, 0x21, 0x05, 0x21, 0x05, 0x21, 0x05, 0x21, 0x05, 0x21, 0x05, 0x19,
  0x05, 0x19, 0x05, 0x11, 0x05, 0x11, 0xc4, 0x38, 0x83, 0x98, 0xa4, 0x88, 0x05, 0x21, 0x05, 0x21,
  0x05, 0x21, 0x05, 0x21, 0x05, 0x21, 0x05, 0x21, 0x05, 0x21, 0x05, 0x21, 0xe4, 0x18, 0xe4, 0x18,
  0xe4, 0x18, 0xe4, 0x18, 0xe4, 0x18, 0xe4, 0x18, 0xe4, 0x18, 0xe4, 0x18, 0xe4, 0x18, 0xe4, 0x18,
  0xe4, 0x18, 0xe4, 0x18, 0xe5, 0x18, 0xa4, 0x10, 0xe5, 0x18, 0x05, 0x21, 0x05, 0x21, 0x05, 0x21,
  0x05, 0x21, 0x05, 0x21, 0x46, 0x29, 0x08, 0x3a, 0x09, 0x3a, 0x29, 0x42, 0x29, 0x42, 0x29, 0x3a,
  0x08, 0x3a, 0xe8, 0x39, 0xe8, 0x39, 0xa3, 0x10, 0x00, 0x00, 0x42, 0x00, 0xc7, 0x39, 0x4c, 0x6b,
  0x13, 0xa5, 0x71, 0x94, 0x66, 0x29, 0x46, 0x29, 0xe4, 0x18, 0x25, 0x21, 0x87, 0x29, 0xa8, 0x31,
  0x87, 0x31, 0x86, 0x31, 0x82, 0x10, 0x62, 0x08, 0x41, 0x00, 0x41, 0x00, 0x21, 0x00, 0x21, 0x00,
  0x21, 0x00, 0x49, 0x42, 0xcf, 0x7b, 0x86, 0x31, 0x04, 0x21, 0x45, 0x29, 0x45, 0x29, 0x24, 0x21,
  0x45, 0x29, 0xe8, 0x39, 0x49, 0x42, 0x6a, 0x4a, 0x29, 0x42, 0x6a, 0x4a, 0x0a, 0x3a, 0xe9, 0x39,
  0x09, 0x3a, 0x09, 0x3a, 0xe9, 0x39, 0xe9, 0x39, 0xe9, 0x39, 0xe9, 0x39, 0xe9, 0x39, 0xe9, 0x39,
  0xe9, 0x39, 0xe9, 0x39, 0xe9, 0x31, 0xe9, 0x31, 0xe9, 0x31, 0xe9, 0x39, 0xe9, 0x31, 0xc9, 0x31,
  0xc9, 0x31, 0x0a, 0x3a, 0xc9, 0x31, 0xc5, 0x18, 0x63, 0x08, 0x00, 0x00, 0x00, 0x00, 0x00, 0x00,
  0x21, 0x00, 0x21, 0x00, 0x21, 0x00, 0x00, 0x00, 0x21, 0x00, 0xa3, 0x10, 0xe3, 0x18, 0x87, 0x29,
  0x05, 0x21, 0xa2, 0x10, 0x03, 0x19, 0x03, 0x21, 0xe3, 0x18, 0x25, 0x21, 0xc9, 0x31, 0xad, 0x4a,
  0x6b, 0x42, 0x25, 0x21, 0x46, 0x21, 0x46, 0x21, 0x46, 0x21, 0x46, 0x21, 0x46, 0x21, 0x46, 0x21,
  0x46, 0x21, 0x46, 0x21, 0x46, 0x21, 0x46, 0x21, 0x46, 0x21, 0x46, 0x21, 0x46, 0x21, 0x46, 0x21,
  0x46, 0x21, 0x46, 0x21, 0x46, 0x21, 0x46, 0x21, 0x46, 0x21, 0x46, 0x21, 0x46, 0x21, 0x46, 0x21,
  0x46, 0x21, 0x46, 0x21, 0x46, 0x21, 0x46, 0x21, 0x46, 0x21, 0x46, 0x21, 0x46, 0x21, 0x46, 0x21,
  0x46, 0x21, 0x46, 0x21, 0x46, 0x21, 0x46, 0x21, 0x46, 0x21, 0x46, 0x21, 0x46, 0x21, 0x46, 0x21,
  0x46, 0x21, 0x46, 0x21, 0x46, 0x21, 0x46, 0x21, 0x46, 0x21, 0x46, 0x21, 0x46, 0x21, 0x46, 0x21,
  0x46, 0x21, 0x46, 0x21, 0x46, 0x21, 0x46, 0x21, 0x46, 0x21, 0x46, 0x21, 0x46, 0x21, 0x46, 0x21,
  0x46, 0x21, 0x46, 0x21, 0x46, 0x21, 0x46, 0x21, 0x46, 0x21, 0x46, 0x21, 0x46, 0x21, 0x46, 0x21,
  0x46, 0x21, 0x46, 0x21, 0x46, 0x21, 0x46, 0x21, 0x46, 0x21, 0x46, 0x21, 0x46, 0x21, 0x46, 0x21,
  0x26, 0x21, 0xe9, 0x39, 0xcd, 0x5a, 0xa4, 0x10, 0x25, 0x21, 0x46, 0x29, 0x86, 0x31, 0xa7, 0x31,
  0x66, 0x29, 0xc4, 0x18, 0x63, 0x08, 0x62, 0x08, 0x83, 0x10, 0xa4, 0x18, 0xe4, 0x18, 0xe4, 0x18,
  0xe4, 0x18, 0xe4, 0x18, 0xe5, 0x18, 0xe4, 0x18, 0xe5, 0x18, 0x05, 0x21, 0x05, 0x21, 0x05, 0x21,
  0x05, 0x21, 0x05, 0x21, 0x05, 0x21, 0xe5, 0x20, 0xe5, 0x20, 0xe5, 0x20, 0xe5, 0x20, 0xe5, 0x18,
  0x05, 0x19, 0xe4, 0x18, 0x05, 0x21, 0x05, 0x21, 0x05, 0x21, 0x05, 0x21, 0x05, 0x21, 0x05, 0x21,
  0x05, 0x21, 0x05, 0x21, 0xe4, 0x18, 0xe4, 0x18, 0xe4, 0x18, 0xe4, 0x18, 0xe4, 0x18, 0xc4, 0x18,
  0xc4, 0x18, 0xc4, 0x18, 0xc4, 0x18, 0xe4, 0x18, 0xe4, 0x18, 0xe4, 0x18, 0xe5, 0x18, 0xa4, 0x10,
  0xe5, 0x18, 0x05, 0x21, 0x05, 0x21, 0x05, 0x21, 0x05, 0x21, 0x05, 0x21, 0x46, 0x29, 0xe8, 0x39,
  0x08, 0x3a, 0x09, 0x3a, 0x29, 0x42, 0x29, 0x42, 0x29, 0x3a, 0xe8, 0x39, 0xe8, 0x39, 0xa3, 0x10,
  0x00, 0x00, 0x21, 0x00, 0x28, 0x42, 0x16, 0xc6, 0xf2, 0xa4, 0x74, 0xb5, 0xab, 0x52, 0x25, 0x21,
  0xe4, 0x18, 0xc4, 0x10, 0x04, 0x19, 0xa7, 0x31, 0xa7, 0x31, 0x86, 0x31, 0xa2, 0x10, 0x41, 0x08,
  0x41, 0x00, 0x41, 0x00, 0x01, 0x00, 0x01, 0x00, 0x42, 0x00, 0xc7, 0x39, 0xe8, 0x39, 0x86, 0x31,
  0x03, 0x19, 0x04, 0x21, 0x45, 0x29, 0x09, 0x42, 0x4a, 0x4a, 0x08, 0x42, 0x49, 0x4a, 0xcc, 0x52,
  0x4c, 0x42, 0x4b, 0x42, 0x29, 0x42, 0xe9, 0x39, 0xe9, 0x39, 0xe9, 0x39, 0xe9, 0x39, 0xe9, 0x39,
  0xe9, 0x39, 0xe9, 0x31, 0xe9, 0x31, 0xe9, 0x39, 0x0a, 0x3a, 0xe9, 0x31, 0xe9, 0x31, 0xea, 0x39,
  0xc9, 0x31, 0xc9, 0x31, 0xea, 0x39, 0x6c, 0x4a, 0xed, 0x5a, 0x0d, 0x5b, 0xab, 0x52, 0x82, 0x10,
  0x00, 0x00, 0x20, 0x00, 0x21, 0x00, 0x00, 0x00, 0x00, 0x00, 0x01, 0x00, 0x00, 0x00, 0x41, 0x00,
  0xa3, 0x10, 0xe3, 0x18, 0x25, 0x21, 0x67, 0x21, 0xe3, 0x18, 0x03, 0x21, 0xe4, 0x18, 0x47, 0x21,
  0x0b, 0x3a, 0x0e, 0x5b, 0xed, 0x5a, 0xc8, 0x39, 0x46, 0x21, 0x46, 0x21, 0x46, 0x21, 0x46, 0x21,
  0x46, 0x21, 0x46, 0x21, 0x46, 0x21, 0x46, 0x21, 0x46, 0x21, 0x46, 0x21, 0x46, 0x21, 0x46, 0x21,
  0x46, 0x21, 0x46, 0x21, 0x46, 0x21, 0x46, 0x21, 0x46, 0x21, 0x46, 0x21, 0x46, 0x21, 0x46, 0x21,
  0x46, 0x21, 0x46, 0x21, 0x46, 0x21, 0x46, 0x21, 0x46, 0x21, 0x46, 0x21, 0x46, 0x21, 0x46, 0x21,
  0x46, 0x21, 0x46, 0x21, 0x46, 0x21, 0x46, 0x21, 0x46, 0x21, 0x46, 0x21, 0x46, 0x21, 0x46, 0x21,
  0x46, 0x21, 0x46, 0x21, 0x46, 0x21, 0x46, 0x21, 0x46, 0x21, 0x46, 0x21, 0x46, 0x21, 0x46, 0x21,
  0x46, 0x21, 0x46, 0x21, 0x46, 0x21, 0x46, 0x21, 0x46, 0x21, 0x46, 0x21, 0x46, 0x21, 0x46, 0x21,
  0x46, 0x21, 0x46, 0x21, 0x46, 0x21, 0x46, 0x21, 0x46, 0x21, 0x46, 0x21, 0x46, 0x21, 0x46, 0x21,
  0x46, 0x21, 0x46, 0x21, 0x46, 0x21, 0x46, 0x21, 0x46, 0x21, 0x46, 0x21, 0x46, 0x21, 0x46, 0x21,
  0x46, 0x21, 0x46, 0x21, 0x46, 0x21, 0x46, 0x21, 0x46, 0x21, 0x67, 0x29, 0x88, 0x29, 0x05, 0x19,
  0x05, 0x21, 0xc4, 0x18, 0xc4, 0x18, 0x05, 0x21, 0x66, 0x29, 0xa7, 0x31, 0xa7, 0x31, 0x66, 0x29,
  0xc4, 0x18, 0x63, 0x08, 0x62, 0x08, 0x83, 0x10, 0xa4, 0x18, 0xe4, 0x18, 0x05, 0x21, 0xe5, 0x18,
  0xe4, 0x18, 0x05, 0x21, 0x05, 0x21, 0x05, 0x21, 0x05, 0x21, 0x05, 0x21, 0xe5, 0x18, 0x05, 0x21,
  0xe4, 0x18, 0xe5, 0x18, 0xe4, 0x18, 0xe4, 0x18, 0x05, 0x21, 0x05, 0x21, 0x05, 0x21, 0x05, 0x21,
  0x05, 0x21, 0x05, 0x21, 0x05, 0x21, 0x05, 0x21, 0x05, 0x21, 0x05, 0x21, 0xe5, 0x18, 0xe4, 0x18,
  0xe4, 0x18, 0xe4, 0x18, 0xc4, 0x18, 0xc4, 0x18, 0xc4, 0x18, 0xc4, 0x18, 0xc4, 0x18, 0xe4, 0x18,
  0xe4, 0x18, 0xe4, 0x18, 0xe5, 0x18, 0xa4, 0x10, 0xe5, 0x18, 0x05, 0x21, 0x05, 0x21, 0x05, 0x21,
  0x05, 0x21, 0xe5, 0x18, 0x46, 0x21, 0xe8, 0x39, 0x08, 0x3a, 0x08, 0x3a, 0x09, 0x3a, 0x29, 0x42,
  0x09, 0x3a, 0xe8, 0x39, 0xe8, 0x39, 0xa3, 0x10, 0x00, 0x00, 0x21, 0x00, 0x4b, 0x4a, 0x15, 0xad,
  0x91, 0x94, 0x37, 0xc6, 0xeb, 0x5a, 0x66, 0x29, 0x45, 0x21, 0x04, 0x19, 0x25, 0x21, 0xa7, 0x31,
  0xa7, 0x31, 0x86, 0x31, 0xa2, 0x10, 0x82, 0x10, 0xa3, 0x10, 0xc3, 0x18, 0x82, 0x08, 0x21, 0x00,
  0x21, 0x00, 0xa7, 0x31, 0x08, 0x42, 0xc7, 0x39, 0xc7, 0x39, 0x08, 0x3a, 0x29, 0x42, 0x87, 0x31,
  0xa7, 0x31, 0x6a, 0x4a, 0x4c, 0x42, 0xac, 0x29, 0x8c, 0x21, 0xca, 0x31, 0xe9, 0x39, 0xe9, 0x39,
  0xe9, 0x39, 0xe9, 0x39, 0xe9, 0x39, 0xea, 0x39, 0xe9, 0x31, 0xe9, 0x31, 0xe9, 0x31, 0xea, 0x31,
  0xea, 0x39, 0xe9, 0x31, 0xc9, 0x31, 0xca, 0x31, 0x4b, 0x42, 0x8d, 0x4a, 0xed, 0x5a, 0x6b, 0x4a,
  0xe8, 0x39, 0x25, 0x21, 0xe8, 0x39, 0xcc, 0x5a, 0x04, 0x21, 0x00, 0x00, 0x00, 0x00, 0x41, 0x00,
  0x41, 0x00, 0x21, 0x00, 0x21, 0x00, 0x62, 0x08, 0xa2, 0x10, 0xc3, 0x18, 0x04, 0x19, 0xc3, 0x10,
  0x05, 0x19, 0xa9, 0x31, 0x6d, 0x4a, 0x0f, 0x5b, 0xac, 0x52, 0xa7, 0x31, 0x26, 0x21, 0x26, 0x21,
  0x46, 0x21, 0x46, 0x21, 0x46, 0x21, 0x46, 0x21, 0x46, 0x21, 0x46, 0x21, 0x46, 0x21, 0x46, 0x21,
  0x46, 0x21, 0x46, 0x21, 0x46, 0x21, 0x46, 0x21, 0x46, 0x21, 0x46, 0x21, 0x46, 0x21, 0x46, 0x21,
  0x46, 0x21, 0x46, 0x21, 0x46, 0x21, 0x46, 0x21, 0x46, 0x21, 0x46, 0x21, 0x46, 0x21, 0x46, 0x21,
  0x46, 0x21, 0x46, 0x21, 0x46, 0x21, 0x46, 0x21, 0x46, 0x21, 0x46, 0x21, 0x46, 0x21, 0x46, 0x21,
  0x46, 0x21, 0x46, 0x21, 0x46, 0x21, 0x46, 0x21, 0x46, 0x21, 0x46, 0x21, 0x46, 0x21, 0x46, 0x21,
  0x46, 0x21, 0x46, 0x21, 0x46, 0x21, 0x46, 0x21, 0x46, 0x21, 0x46, 0x21, 0x46, 0x21, 0x46, 0x21,
  0x46, 0x21, 0x46, 0x21, 0x46, 0x21, 0x46, 0x21, 0x46, 0x21, 0x46, 0x21, 0x46, 0x21, 0x46, 0x21,
  0x46, 0x21, 0x46, 0x21, 0x46, 0x21, 0x46, 0x21, 0x46, 0x21, 0x46, 0x21, 0x46, 0x21, 0x46, 0x21,
  0x46, 0x21, 0x46, 0x21, 0x46, 0x21, 0x46, 0x21, 0x46, 0x21, 0x46, 0x21, 0x46, 0x21, 0x46, 0x21,
  0x46, 0x21, 0x25, 0x21, 0x4b, 0x42, 0xa7, 0x31, 0xe4, 0x18, 0xe4, 0x18, 0xe5, 0x18, 0xe5, 0x18,
  0xe5, 0x18, 0xc4, 0x18, 0xe5, 0x18, 0x45, 0x29, 0xa6, 0x31, 0xc7, 0x39, 0x66, 0x29, 0xc4, 0x18,
  0x63, 0x08, 0x62, 0x08, 0x83, 0x10, 0xc4, 0x18, 0xe5, 0x18, 0x05, 0x21, 0x05, 0x21, 0x05, 0x21,
  0xe5, 0x18, 0xe5, 0x18, 0xe5, 0x18, 0xe5, 0x18, 0xe5, 0x18, 0xe4, 0x18, 0xe5, 0x18, 0xe5, 0x18,
  0xe4, 0x18, 0xe5, 0x20, 0x05, 0x21, 0x05, 0x21, 0x05, 0x21, 0x05, 0x21, 0x05, 0x21, 0x05, 0x21,
  0x05, 0x21, 0xe5, 0x18, 0xe4, 0x18, 0xe4, 0x18, 0xe4, 0x18, 0xe4, 0x18, 0xe4, 0x18, 0xe4, 0x18,
  0xe4, 0x18, 0xc4, 0x18, 0xc4, 0x18, 0xc4, 0x18, 0xc4, 0x18, 0xe4, 0x18, 0xe5, 0x18, 0xa4, 0x10,
  0xe5, 0x18, 0x05, 0x21, 0xe5, 0x18, 0x05, 0x21, 0x05, 0x21, 0xe5, 0x18, 0x46, 0x21, 0xe8, 0x39,
  0x08, 0x3a, 0x08, 0x3a, 0x08, 0x3a, 0x09, 0x3a, 0x08, 0x3a, 0xe8, 0x39, 0xe8, 0x39, 0xa3, 0x10,
  0x00, 0x00, 0x41, 0x00, 0xc9, 0x31, 0xb4, 0x9c, 0x70, 0x94, 0xb6, 0xbd, 0x6a, 0x4a, 0x87, 0x31,
  0x25, 0x21, 0x45, 0x29, 0x45, 0x29, 0x86, 0x29, 0xa7, 0x31, 0xc7, 0x31, 0x45, 0x21, 0xe3, 0x18,
  0x61, 0x08, 0x21, 0x00, 0x41, 0x08, 0xa3, 0x10, 0x25, 0x21, 0xe8, 0x39, 0xc7, 0x39, 0x09, 0x42,
  0xe8, 0x39, 0xe8, 0x39, 0x29, 0x42, 0x6a, 0x4a, 0xab, 0x52, 0x2b, 0x3a, 0x8b, 0x29, 0xca, 0x29,
  0xe9, 0x31, 0xe9, 0x31, 0xea, 0x39, 0xe9, 0x39, 0xe9, 0x39, 0xea, 0x39, 0xe9, 0x31, 0xe9, 0x31,
  0xe9, 0x31, 0xe9, 0x31, 0xe9, 0x31, 0xc9, 0x31, 0xc9, 0x31, 0x0b, 0x3a, 0x8c, 0x4a, 0xcd, 0x52,
  0xac, 0x52, 0x09, 0x3a, 0x46, 0x29, 0x25, 0x21, 0x26, 0x21, 0x46, 0x21, 0x26, 0x21, 0x46, 0x21,
  0x6a, 0x4a, 0x49, 0x4a, 0x45, 0x29, 0xa3, 0x10, 0x82, 0x08, 0x82, 0x10, 0x82, 0x08, 0x82, 0x10,
  0x82, 0x08, 0xc4, 0x18, 0x46, 0x21, 0x0b, 0x3a, 0xee, 0x52, 0xee, 0x5a, 0x2a, 0x42, 0x46, 0x21,
  0x25, 0x21, 0x26, 0x21, 0x46, 0x21, 0x46, 0x21, 0x46, 0x21, 0x46, 0x21, 0x46, 0x21, 0x46, 0x21,
  0x46, 0x21, 0x46, 0x21, 0x46, 0x21, 0x46, 0x21, 0x46, 0x21, 0x46, 0x21, 0x46, 0x21, 0x46, 0x21,
  0x46, 0x21, 0x46, 0x21, 0x46, 0x21, 0x46, 0x21, 0x46, 0x21, 0x46, 0x21, 0x46, 0x21, 0x46, 0x21,
  0x46, 0x21, 0x46, 0x21, 0x46, 0x21, 0x46, 0x21, 0x46, 0x21, 0x46, 0x21, 0x46, 0x21, 0x46, 0x21,
  0x46, 0x21, 0x46, 0x21, 0x46, 0x21, 0x46, 0x21, 0x46, 0x21, 0x46, 0x21, 0x46, 0x21, 0x46, 0x21,
  0x46, 0x21, 0x46, 0x21, 0x46, 0x21, 0x46, 0x21, 0x46, 0x21, 0x46, 0x21, 0x46, 0x21, 0x46, 0x21,
  0x46, 0x21, 0x46, 0x21, 0x46, 0x21, 0x46, 0x21, 0x46, 0x21, 0x46, 0x21, 0x46, 0x21, 0x46, 0x21,
  0x46, 0x21, 0x46, 0x21, 0x46, 0x21, 0x46, 0x21, 0x46, 0x21, 0x46, 0x21, 0x46, 0x21, 0x46, 0x21,
  0x46, 0x21, 0x46, 0x21, 0x46, 0x21, 0x46, 0x21, 0x46, 0x21, 0x46, 0x21, 0x46, 0x21, 0x46, 0x21,
  0x46, 0x21, 0x46, 0x21, 0x46, 0x21, 0x46, 0x21, 0x46, 0x21, 0x46, 0x21, 0xa7, 0x31, 0x8b, 0x52,
  0x8b, 0x4a, 0x09, 0x3a, 0x46, 0x29, 0xe5, 0x18, 0xe5, 0x18, 0x05, 0x21, 0x05, 0x21, 0xc4, 0x18,
  0xa4, 0x18, 0x05, 0x19, 0x66, 0x29, 0xc7, 0x39, 0xc7, 0x39, 0x66, 0x29, 0xc4, 0x18, 0x63, 0x08,
  0x63, 0x08, 0x63, 0x08, 0xc4, 0x18, 0xe4, 0x18, 0x05, 0x21, 0xe5, 0x18, 0xe5, 0x18, 0xe5, 0x18,
  0xe5, 0x18, 0xe5, 0x18, 0xe5, 0x18, 0xe5, 0x18, 0xe4, 0x18, 0xe4, 0x18, 0x05, 0x21, 0x05, 0x21,
  0x05, 0x21, 0x05, 0x21, 0x05, 0x21, 0x05, 0x21, 0x05, 0x21, 0xe4, 0x18, 0xe4, 0x18, 0xe4, 0x18,
  0xe4, 0x18, 0xe4, 0x18, 0xe4, 0x18, 0xe4, 0x18, 0xc4, 0x18, 0xc4, 0x18, 0xc4, 0x18, 0xc4, 0x18,
  0xe4, 0x18, 0xe4, 0x18, 0xe5, 0x18, 0xa4, 0x10, 0xe5, 0x18, 0x05, 0x21, 0x05, 0x21, 0x05, 0x21,
  0x05, 0x21, 0xe5, 0x18, 0x46, 0x21, 0xe8, 0x39, 0x08, 0x3a, 0xe8, 0x39, 0x08, 0x3a, 0x08, 0x3a,
  0xe8, 0x39, 0xc8, 0x31, 0xe7, 0x39, 0xa3, 0x10, 0x00, 0x00, 0x42, 0x08, 0x66, 0x29, 0x4d, 0x6b,
  0xf7, 0xc5, 0xcf, 0x7b, 0x08, 0x42, 0xa7, 0x31, 0x25, 0x21, 0x45, 0x21, 0x66, 0x29, 0xc7, 0x31,
  0xa7, 0x31, 0x69, 0x4a, 0xa6, 0x31, 0xe3, 0x18, 0xc3, 0x10, 0x04, 0x21, 0xa7, 0x31, 0x08, 0x42,
  0x08, 0x42, 0xa7, 0x31, 0xa7, 0x31, 0xc7, 0x39, 0x49, 0x4a, 0xcb, 0x52, 0xab, 0x52, 0x2a, 0x42,
  0xca, 0x31, 0xca, 0x31, 0xc9, 0x31, 0xe9, 0x31, 0xe9, 0x31, 0xea, 0x39, 0xea, 0x39, 0xea, 0x39,
  0xea, 0x39, 0xe9, 0x31, 0xe9, 0x31, 0xc9, 0x31, 0xc9, 0x31, 0xc9, 0x31, 0xea, 0x31, 0x6c, 0x42,
  0xad, 0x52, 0xac, 0x52, 0x2a, 0x42, 0x87, 0x29, 0x26, 0x21, 0x25, 0x21, 0x46, 0x21, 0x46, 0x21,
  0x46, 0x21, 0x46, 0x21, 0x46, 0x21, 0x46, 0x21, 0x25, 0x21, 0xc8, 0x31, 0x29, 0x42, 0x6a, 0x4a,
  0x4a, 0x42, 0xc8, 0x31, 0xac, 0x52, 0x6a, 0x4a, 0xab, 0x52, 0x6b, 0x4a, 0xee, 0x5a, 0xac, 0x52,
  0xe9, 0x39, 0x25, 0x21, 0x25, 0x21, 0x46, 0x21, 0x46, 0x21, 0x46, 0x21, 0x46, 0x21, 0x46, 0x21,
  0x46, 0x21, 0x46, 0x21, 0x46, 0x21, 0x46, 0x21, 0x46, 0x21, 0x46, 0x21, 0x46, 0x21, 0x46, 0x21,
  0x46, 0x21, 0x46, 0x21, 0x46, 0x21, 0x46, 0x21, 0x46, 0x21, 0x46, 0x21, 0x46, 0x21, 0x46, 0x21,
  0x46, 0x21, 0x46, 0x21, 0x46, 0x21, 0x46, 0x21, 0x46, 0x21, 0x46, 0x21, 0x46, 0x21, 0x46, 0x21,
  0x46, 0x21, 0x46, 0x21, 0x46, 0x21, 0x46, 0x21, 0x46, 0x21, 0x46, 0x21, 0x46, 0x21, 0x46, 0x21,
  0x46, 0x21, 0x46, 0x21, 0x46, 0x21, 0x46, 0x21, 0x46, 0x21, 0x46, 0x21, 0x46, 0x21, 0x46, 0x21,
  0x46, 0x21, 0x46, 0x21, 0x46, 0x21, 0x46, 0x21, 0x46, 0x21, 0x46, 0x21, 0x46, 0x21, 0x46, 0x21,
  0x46, 0x21, 0x46, 0x21, 0x46, 0x21, 0x46, 0x21, 0x46, 0x21, 0x46, 0x21, 0x46, 0x21, 0x46, 0x21,
  0x46, 0x21, 0x46, 0x21, 0x46, 0x21, 0x46, 0x21, 0x46, 0x21, 0x46, 0x21, 0x46, 0x21, 0x46, 0x21,
  0x46, 0x21, 0x46, 0x21, 0x46, 0x21, 0x46, 0x21, 0x46, 0x21, 0x46, 0x21, 0x46, 0x21, 0x46, 0x21,
  0x46, 0x21, 0x46, 0x21, 0x26, 0x21, 0x26, 0x21, 0x87, 0x29, 0x2a, 0x42, 0xe9, 0x39, 0x6a, 0x4a,
  0x09, 0x42, 0x46, 0x29, 0xe5, 0x18, 0xe5, 0x18, 0x05, 0x21, 0xe5, 0x18, 0xc4, 0x18, 0xe5, 0x18,
  0x05, 0x21, 0x66, 0x29, 0xe8, 0x39, 0xe8, 0x39, 0x86, 0x31, 0xe4, 0x18, 0x63, 0x08, 0x42, 0x08,
  0x83, 0x08, 0xa4, 0x10, 0xe5, 0x18, 0x05, 0x21, 0xe5, 0x18, 0xe4, 0x18, 0xe5, 0x18, 0xe5, 0x18,
  0xe4, 0x18, 0xe4, 0x18, 0x05, 0x21, 0x05, 0x21, 0x05, 0x21, 0x05, 0x21, 0xe5, 0x18, 0xe5, 0x18,
  0xe4, 0x18, 0xe5, 0x18, 0xe4, 0x18, 0xe4, 0x18, 0xe4, 0x18, 0xe4, 0x18, 0xe4, 0x18, 0xe4, 0x18,
  0xc4, 0x18, 0xc4, 0x18, 0xc4, 0x18, 0xe4, 0x18, 0xe4, 0x18, 0xc4, 0x18, 0xe5, 0x18, 0xa4, 0x10,
  0xe5, 0x18, 0x05, 0x21, 0x05, 0x21, 0x05, 0x21, 0x05, 0x21, 0xe5, 0x18, 0x46, 0x21, 0xe8, 0x39,
  0x08, 0x3a, 0xe8, 0x39, 0xe8, 0x39, 0xe8, 0x39, 0xe8, 0x39, 0xc8, 0x31, 0xc8, 0x31, 0xa3, 0x10,
  0x00, 0x00, 0x42, 0x00, 0xe8, 0x39, 0x86, 0x31, 0xc7, 0x39, 0xe8, 0x39, 0x29, 0x42, 0x87, 0x31,
  0x25, 0x21, 0x24, 0x21, 0x04, 0x19, 0xa7, 0x31, 0xc8, 0x39, 0x69, 0x4a, 0x28, 0x42, 0xc7, 0x39,
  0x87, 0x31, 0xe8, 0x39, 0xa7, 0x31, 0x66, 0x29, 0x86, 0x31, 0x08, 0x42, 0x49, 0x4a, 0x6a, 0x4a,
  0x6a, 0x4a, 0x0a, 0x3a, 0xc9, 0x31, 0xca, 0x31, 0xca, 0x31, 0xc9, 0x31, 0xc9, 0x31, 0xe9, 0x31,
  0xe9, 0x31, 0xe9, 0x31, 0xe9, 0x31, 0xea, 0x39, 0xea, 0x31, 0xc9, 0x31, 0xa9, 0x29, 0xc9, 0x31,
  0x4c, 0x42, 0xad, 0x52, 0x8c, 0x4a, 0x4a, 0x42, 0xc8, 0x39, 0x26, 0x21, 0x05, 0x19, 0x46, 0x21,
  0x46, 0x21, 0x46, 0x21, 0x46, 0x21, 0x46, 0x21, 0x46, 0x21, 0x46, 0x21, 0x46, 0x21, 0x46, 0x21,
  0x46, 0x21, 0x26, 0x21, 0x05, 0x19, 0x46, 0x21, 0x46, 0x21, 0xe9, 0x39, 0xab, 0x52, 0x6a, 0x4a,
  0xab, 0x52, 0x29, 0x42, 0x26, 0x21, 0x25, 0x21, 0x26, 0x21, 0x46, 0x21, 0x46, 0x21, 0x46, 0x21,
  0x46, 0x21, 0x46, 0x21, 0x46, 0x21, 0x46, 0x21, 0x46, 0x21, 0x46, 0x21, 0x46, 0x21, 0x46, 0x21,
  0x46, 0x21, 0x46, 0x21, 0x46, 0x21, 0x46, 0x21, 0x46, 0x21, 0x46, 0x21, 0x46, 0x21, 0x46, 0x21,
  0x46, 0x21, 0x46, 0x21, 0x46, 0x21, 0x46, 0x21, 0x46, 0x21, 0x46, 0x21, 0x46, 0x21, 0x46, 0x21,
  0x46, 0x21, 0x46, 0x21, 0x46, 0x21, 0x46, 0x21, 0x46, 0x21, 0x46, 0x21, 0x46, 0x21, 0x46, 0x21,
  0x46, 0x21, 0x46, 0x21, 0x46, 0x21, 0x46, 0x21, 0x46, 0x21, 0x46, 0x21, 0x46, 0x21, 0x46, 0x21,
  0x46, 0x21, 0x46, 0x21, 0x46, 0x21, 0x46, 0x21, 0x46, 0x21, 0x46, 0x21, 0x46, 0x21, 0x46, 0x21,
  0x46, 0x21, 0x46, 0x21, 0x46, 0x21, 0x46, 0x21, 0x46, 0x21, 0x46, 0x21, 0x46, 0x21, 0x46, 0x21,
  0x46, 0x21, 0x46, 0x21, 0x46, 0x21, 0x46, 0x21, 0x46, 0x21, 0x46, 0x21, 0x46, 0x21, 0x46, 0x21,
  0x46, 0x21, 0x46, 0x21, 0x46, 0x21, 0x46, 0x21, 0x46, 0x21, 0x46, 0x21, 0x46, 0x21, 0x46, 0x21,
  0x46, 0x21, 0x46, 0x21, 0x46, 0x21, 0x46, 0x21, 0x46, 0x21, 0x46, 0x21, 0x46, 0x21, 0x46, 0x21,
  0x46, 0x21, 0x05, 0x19, 0x26, 0x21, 0xa7, 0x31, 0x2a, 0x42, 0x4a, 0x42, 0x2a, 0x42, 0x09, 0x42,
  0x46, 0x21, 0xe5, 0x18, 0xc4, 0x18, 0x05, 0x21, 0x05, 0x21, 0xe4, 0x18, 0xe5, 0x18, 0x25, 0x21,
  0x66, 0x31, 0xc7, 0x39, 0x08, 0x42, 0xa7, 0x31, 0x04, 0x19, 0x83, 0x08, 0x42, 0x08, 0x63, 0x08,
  0xa4, 0x10, 0xe4, 0x18, 0xe5, 0x18, 0xe5, 0x18, 0xe4, 0x18, 0xe4, 0x18, 0xe5, 0x18, 0xe4, 0x18,
  0x05, 0x21, 0x05, 0x21, 0xe4, 0x18, 0xe5, 0x18, 0xe4, 0x18, 0xe4, 0x18, 0xe4, 0x18, 0xe4, 0x18,
  0xe4, 0x18, 0xc4, 0x18, 0xc4, 0x18, 0xc4, 0x18, 0xc4, 0x18, 0xc4, 0x18, 0xc4, 0x18, 0xc4, 0x18,
  0xc4, 0x18, 0xc4, 0x18, 0xe5, 0x18, 0xa4, 0x10, 0xe5, 0x18, 0x05, 0x21, 0x05, 0x21, 0xe5, 0x18,
  0xe5, 0x18, 0xe5, 0x18, 0x26, 0x21, 0xe8, 0x39, 0xe8, 0x39, 0xe8, 0x39, 0xe8, 0x39, 0xe8, 0x39,
  0xe8, 0x39, 0xc8, 0x31, 0xc8, 0x31, 0xa3, 0x10, 0x00, 0x00, 0x42, 0x08, 0xe8, 0x39, 0x28, 0x42,
  0x08, 0x42, 0x08, 0x3a, 0x29, 0x42, 0x66, 0x29, 0x24, 0x21, 0x65, 0x29, 0x29, 0x42, 0xe8, 0x39,
  0x66, 0x29, 0xa7, 0x31, 0x86, 0x31, 0x86, 0x31, 0xa7, 0x31, 0xe8, 0x39, 0x08, 0x42, 0x09, 0x42,
  0x29, 0x42, 0x09, 0x3a, 0xe9, 0x39, 0xc9, 0x31, 0xc9, 0x31, 0xc9, 0x31, 0xea, 0x31, 0xea, 0x31,
  0xca, 0x31, 0xc9, 0x31, 0xe9, 0x31, 0xe9, 0x31, 0xe9, 0x31, 0xea, 0x31, 0xc9, 0x31, 0xa9, 0x29,
  0x89, 0x29, 0x0b, 0x3a, 0xad, 0x52, 0xcd, 0x52, 0x4a, 0x42, 0xe9, 0x39, 0x46, 0x21, 0x26, 0x21,
  0x26, 0x21, 0x46, 0x21, 0x46, 0x21, 0x46, 0x21, 0x46, 0x21, 0x46, 0x21, 0x46, 0x21, 0x46, 0x21,
  0x46, 0x21, 0x46, 0x21, 0x46, 0x21, 0x46, 0x21, 0x46, 0x21, 0x46, 0x21, 0x46, 0x21, 0x46, 0x21,
  0x46, 0x21, 0x26, 0x21, 0x05, 0x19, 0x05, 0x19, 0x05, 0x19, 0x25, 0x21, 0x46, 0x21, 0x46, 0x21,
  0x46, 0x21, 0x46, 0x21, 0x46, 0x21, 0x46, 0x21, 0x46, 0x21, 0x46, 0x21, 0x46, 0x21, 0x46, 0x21,
  0x46, 0x21, 0x46, 0x21, 0x46, 0x21, 0x46, 0x21, 0x46, 0x21, 0x46, 0x21, 0x46, 0x21, 0x46, 0x21,
  0x46, 0x21, 0x46, 0x21, 0x46, 0x21, 0x46, 0x21, 0x46, 0x21, 0x46, 0x21, 0x46, 0x21, 0x46, 0x21,
  0x46, 0x21, 0x46, 0x21, 0x46, 0x21, 0x46, 0x21, 0x46, 0x21, 0x46, 0x21, 0x46, 0x21, 0x46, 0x21,
  0x46, 0x21, 0x46, 0x21, 0x46, 0x21, 0x46, 0x21, 0x46, 0x21, 0x46, 0x21, 0x46, 0x21, 0x46, 0x21,
  0x46, 0x21, 0x46, 0x21, 0x46, 0x21, 0x46, 0x21, 0x46, 0x21, 0x46, 0x21, 0x46, 0x21, 0x46, 0x21,
  0x46, 0x21, 0x46, 0x21, 0x46, 0x21, 0x46, 0x21, 0x46, 0x21, 0x46, 0x21, 0x46, 0x21, 0x46, 0x21,
  0x46, 0x21, 0x46, 0x21, 0x46, 0x21, 0x46, 0x21, 0x46, 0x21, 0x46, 0x21, 0x46, 0x21, 0x46, 0x21,
  0x46, 0x21, 0x46, 0x21, 0x46, 0x21, 0x46, 0x21, 0x46, 0x21, 0x46, 0x21, 0x46, 0x21, 0x46, 0x21,
  0x46, 0x21, 0x46, 0x21, 0x46, 0x21, 0x46, 0x21, 0x46, 0x21, 0x46, 0x21, 0x46, 0x21, 0x46, 0x21,
  0x46, 0x21, 0x46, 0x21, 0x46, 0x21, 0x46, 0x21, 0x46, 0x21, 0x46, 0x21, 0x46, 0x21, 0x46, 0x21,
  0x05, 0x19, 0x26, 0x21, 0xa8, 0x31, 0x29, 0x42, 0x4a, 0x42, 0x4a, 0x4a, 0x09, 0x42, 0x26, 0x29,
  0xe5, 0x18, 0xc4, 0x18, 0x05, 0x21, 0x05, 0x21, 0xe5, 0x18, 0xe5, 0x18, 0x05, 0x21, 0x66, 0x29,
  0xc7, 0x39, 0x08, 0x42, 0xc7, 0x39, 0x05, 0x21, 0x83, 0x10, 0x43, 0x08, 0x63, 0x08, 0xa3, 0x10,
  0xc4, 0x18, 0xe5, 0x18, 0xe5, 0x18, 0xe5, 0x18, 0xe5, 0x18, 0xe4, 0x18, 0xe5, 0x18, 0xe4, 0x18,
  0xc4, 0x18, 0xe4, 0x18, 0xe5, 0x18, 0xc4, 0x18, 0xc4, 0x18, 0xc4, 0x18, 0xc4, 0x18, 0xc4, 0x18,
  0xc4, 0x18, 0xc4, 0x18, 0xc4, 0x18, 0xc4, 0x18, 0xc4, 0x18, 0xc4, 0x18, 0xe5, 0x18, 0xa4, 0x10,
  0xe4, 0x18, 0x05, 0x21, 0xe5, 0x18, 0xe5, 0x18, 0xe5, 0x18, 0xe5, 0x18, 0x26, 0x21, 0xe8, 0x39,
  0xe8, 0x39, 0xe8, 0x39, 0xe8, 0x39, 0xe8, 0x39, 0xe8, 0x39, 0xc8, 0x31, 0xc8, 0x31, 0xa3, 0x10,
  0x00, 0x00, 0x42, 0x08, 0xe8, 0x39, 0x08, 0x3a, 0x86, 0x31, 0xe8, 0x39, 0x29, 0x42, 0x86, 0x31,
  0xc7, 0x31, 0xa6, 0x31, 0x08, 0x3a, 0xa7, 0x31, 0xa7, 0x31, 0xc7, 0x39, 0x08, 0x42, 0x28, 0x42,
  0x08, 0x42, 0xe8, 0x39, 0xc9, 0x39, 0xc9, 0x31, 0xa8, 0x31, 0x89, 0x29, 0xa9, 0x29, 0xc9, 0x31,
  0xca, 0x31, 0xea, 0x31, 0xea, 0x31, 0xea, 0x31, 0xca, 0x31, 0xc9, 0x31, 0x0a, 0x3a, 0x0a, 0x3a,
  0xc9, 0x31, 0xa9, 0x29, 0xca, 0x31, 0x6c, 0x4a, 0x0e, 0x5b, 0x8b, 0x4a, 0x29, 0x42, 0x87, 0x29,
  0x25, 0x21, 0x26, 0x21, 0x46, 0x21, 0x46, 0x21, 0x46, 0x21, 0x46, 0x21, 0x46, 0x21, 0x46, 0x21,
  0x46, 0x21, 0x46, 0x21, 0x46, 0x21, 0x46, 0x21, 0x46, 0x21, 0x46, 0x21, 0x46, 0x21, 0x46, 0x21,
  0x46, 0x21, 0x46, 0x21, 0x46, 0x21, 0x46, 0x21, 0x46, 0x21, 0x46, 0x21, 0x66, 0x29, 0x46, 0x21,
  0x66, 0x29, 0x46, 0x21, 0x46, 0x21, 0x46, 0x21, 0x46, 0x21, 0x46, 0x21, 0x46, 0x21, 0x46, 0x21,
  0x46, 0x21, 0x46, 0x21, 0x46, 0x21, 0x46, 0x21, 0x46, 0x21, 0x46, 0x21, 0x46, 0x21, 0x46, 0x21,
  0x46, 0x21, 0x46, 0x21, 0x46, 0x21, 0x46, 0x21, 0x46, 0x21, 0x46, 0x21, 0x46, 0x21, 0x46, 0x21,
  0x46, 0x21, 0x46, 0x21, 0x46, 0x21, 0x46, 0x21, 0x46, 0x21, 0x46, 0x21, 0x46, 0x21, 0x46, 0x21,
  0x46, 0x21, 0x46, 0x21, 0x46, 0x21, 0x46, 0x21, 0x46, 0x21, 0x46, 0x21, 0x46, 0x21, 0x46, 0x21,
  0x46, 0x21, 0x46, 0x21, 0x46, 0x21, 0x46, 0x21, 0x46, 0x21, 0x46, 0x21, 0x46, 0x21, 0x46, 0x21,
  0x46, 0x21, 0x46, 0x21, 0x46, 0x21, 0x46, 0x21, 0x46, 0x21, 0x46, 0x21, 0x46, 0x21, 0x46, 0x21,
  0x46, 0x21, 0x46, 0x21, 0x46, 0x21, 0x46, 0x21, 0x46, 0x21, 0x46, 0x21, 0x46, 0x21, 0x46, 0x21,
  0x46, 0x21, 0x46, 0x21, 0x46, 0x21, 0x46, 0x21, 0x46, 0x21, 0x46, 0x21, 0x46, 0x21, 0x46, 0x21,
  0x46, 0x21, 0x46, 0x21, 0x46, 0x21, 0x46, 0x21, 0x46, 0x21, 0x46, 0x21, 0x46, 0x21, 0x46, 0x21,
  0x46, 0x21, 0x46, 0x21, 0x46, 0x21, 0x46, 0x21, 0x46, 0x21, 0x46, 0x21, 0x46, 0x21, 0x46, 0x21,
  0x46, 0x21, 0x46, 0x21, 0x46, 0x21, 0x46, 0x21, 0x46, 0x21, 0x46, 0x21, 0x26, 0x21, 0x26, 0x21,
  0x26, 0x21, 0xc8, 0x31, 0x29, 0x42, 0x6b, 0x4a, 0x6a, 0x4a, 0x09, 0x42, 0x26, 0x21, 0xe5, 0x18,
  0xe5, 0x18, 0x05, 0x21, 0x05, 0x21, 0xe5, 0x18, 0xc4, 0x18, 0x05, 0x21, 0x86, 0x31, 0xe8, 0x39,
  0x08, 0x42, 0xc7, 0x39, 0x25, 0x21, 0xc4, 0x18, 0x63, 0x08, 0x62, 0x08, 0x83, 0x10, 0xc4, 0x18,
  0xe5, 0x18, 0xe5, 0x18, 0xe5, 0x18, 0xc4, 0x18, 0xc4, 0x18, 0xc4, 0x18, 0xc4, 0x18, 0xc4, 0x18,
  0xc4, 0x18, 0xc4, 0x18, 0xc4, 0x18, 0xc4, 0x18, 0xc4, 0x18, 0xc4, 0x18, 0xc4, 0x18, 0xc4, 0x18,
  0xc4, 0x18, 0xc4, 0x18, 0xc5, 0x18, 0xa4, 0x10, 0xe4, 0x18, 0x05, 0x21, 0xe5, 0x18, 0xe5, 0x18,
  0xe5, 0x18, 0xc5, 0x18, 0x26, 0x21, 0xc8, 0x31, 0xe8, 0x39, 0xe8, 0x39, 0xe8, 0x39, 0xe8, 0x39,
  0xe8, 0x39, 0xc8, 0x31, 0xc8, 0x31, 0xa3, 0x10, 0x00, 0x00, 0x42, 0x00, 0xe8, 0x39, 0xe8, 0x39,
  0x45, 0x29, 0xe8, 0x39, 0x08, 0x3a, 0x49, 0x4a, 0x0f, 0x84, 0x0b, 0x5b, 0x28, 0x42, 0x49, 0x4a,
  0x28, 0x42, 0x29, 0x42, 0x08, 0x3a, 0xc8, 0x31, 0xa8, 0x31, 0xa8, 0x29, 0xa9, 0x29, 0xa9, 0x31,
  0xa9, 0x31, 0xc9, 0x31, 0xc9, 0x31, 0xc9, 0x31, 0xca, 0x31, 0xca, 0x31, 0xca, 0x31, 0xea, 0x31,
  0xca, 0x31, 0xc9, 0x31, 0xc9, 0x31, 0xea, 0x31, 0x2b, 0x3a, 0xee, 0x52, 0x6b, 0x4a, 0x09, 0x3a,
  0xe8, 0x39, 0x25, 0x21, 0x25, 0x21, 0x46, 0x21, 0x46, 0x21, 0x46, 0x21, 0x46, 0x21, 0x46, 0x21,
  0x46, 0x21, 0x46, 0x21, 0x46, 0x21, 0x46, 0x21, 0x46, 0x21, 0x46, 0x21, 0x46, 0x21, 0x46, 0x21,
  0x46, 0x21, 0x46, 0x21, 0x46, 0x21, 0x46, 0x21, 0x46, 0x21, 0x46, 0x21, 0x46, 0x21, 0x46, 0x21,
  0x46, 0x21, 0x46, 0x21, 0x46, 0x21, 0x46, 0x21, 0x46, 0x21, 0x46, 0x21, 0x46, 0x21, 0x46, 0x21,
  0x46, 0x21, 0x46, 0x21, 0x46, 0x21, 0x46, 0x21, 0x46, 0x21, 0x46, 0x21, 0x46, 0x21, 0x46, 0x21,
  0x46, 0x21, 0x46, 0x21, 0x46, 0x21, 0x46, 0x21, 0x46, 0x21, 0x46, 0x21, 0x46, 0x21, 0x46, 0x21,
  0x46, 0x21, 0x46, 0x21, 0x46, 0x21, 0x46, 0x21, 0x46, 0x21, 0x46, 0x21, 0x46, 0x21, 0x46, 0x21,
  0x46, 0x21, 0x46, 0x21, 0x46, 0x21, 0x46, 0x21, 0x46, 0x21, 0x46, 0x21, 0x46, 0x21, 0x46, 0x21,
  0x46, 0x21, 0x46, 0x21, 0x46, 0x21, 0x46, 0x21, 0x46, 0x21, 0x46, 0x21, 0x46, 0x21, 0x46, 0x21,
  0x46, 0x21, 0x46, 0x21, 0x46, 0x21, 0x46, 0x21, 0x46, 0x21, 0x46, 0x21, 0x46, 0x21, 0x46, 0x21,
  0x46, 0x21, 0x46, 0x21, 0x46, 0x21, 0x46, 0x21, 0x46, 0x21, 0x46, 0x21, 0x46, 0x21, 0x46, 0x21,
  0x46, 0x21, 0x46, 0x21, 0x46, 0x21, 0x46, 0x21, 0x46, 0x21, 0x46, 0x21, 0x46, 0x21, 0x46, 0x21,
  0x46, 0x21, 0x46, 0x21, 0x46, 0x21, 0x46, 0x21, 0x46, 0x21, 0x46, 0x21, 0x46, 0x21, 0x46, 0x21,
  0x46, 0x21, 0x46, 0x21, 0x46, 0x21, 0x46, 0x21, 0x46, 0x21, 0x46, 0x21, 0x46, 0x21, 0x46, 0x21,
  0x46, 0x21, 0x46, 0x21, 0x46, 0x21, 0x46, 0x21, 0x46, 0x21, 0x46, 0x21, 0x46, 0x21, 0x46, 0x21,
  0x46, 0x21, 0x46, 0x21, 0x46, 0x21, 0x46, 0x21, 0x46, 0x21, 0x26, 0x21, 0x26, 0x21, 0x26, 0x21,
  0xc8, 0x31, 0x09, 0x3a, 0xab, 0x52, 0xcc, 0x52, 0xc8, 0x39, 0x26, 0x21, 0xc4, 0x18, 0xe5, 0x18,
  0xe5, 0x18, 0x05, 0x21, 0xe5, 0x18, 0xc4, 0x18, 0xe5, 0x18, 0x66, 0x29, 0xc7, 0x39, 0x28, 0x42,
  0xe7, 0x39, 0x45, 0x29, 0xc4, 0x18, 0x63, 0x08, 0x62, 0x08, 0x83, 0x10, 0xc4, 0x10, 0xc4, 0x18,
  0xc4, 0x18, 0xc4, 0x18, 0xc4, 0x18, 0xc4, 0x18, 0xc4, 0x18, 0xc4, 0x18, 0xc4, 0x18, 0xc4, 0x18,
  0xc4, 0x18, 0xc4, 0x18, 0xc4, 0x18, 0xc4, 0x18, 0xc4, 0x18, 0xa4, 0x10, 0xc4, 0x18, 0xa4, 0x10,
  0xc4, 0x18, 0x05, 0x21, 0xe5, 0x18, 0xe5, 0x18, 0xe5, 0x18, 0xc4, 0x18, 0x26, 0x21, 0xc8, 0x31,
  0xe8, 0x39, 0xe8, 0x39, 0xe8, 0x39, 0xe8, 0x39, 0xe8, 0x39, 0xc8, 0x31, 0xc8, 0x31, 0xa3, 0x10,
  0x00, 0x00, 0x42, 0x08, 0xe8, 0x39, 0x08, 0x42, 0x09, 0x42, 0x08, 0x42, 0x08, 0x42, 0x08, 0x3a,
  0xc7, 0x39, 0xe8, 0x39, 0xe8, 0x39, 0xc8, 0x31, 0xc8, 0x31, 0xa8, 0x31, 0xa8, 0x31, 0xa9, 0x31,
  0xc9, 0x31, 0xc9, 0x31, 0xc9, 0x31, 0xc9, 0x31, 0xa9, 0x31, 0xc9, 0x31, 0xc9, 0x31, 0xc9, 0x31,
  0xc9, 0x31, 0xc9, 0x31, 0xc9, 0x31, 0xc9, 0x31, 0xea, 0x39, 0x2b, 0x42, 0xcd, 0x52, 0x0e, 0x5b,
  0x6a, 0x4a, 0xe8, 0x39, 0x46, 0x21, 0x26, 0x21, 0x26, 0x21, 0x46, 0x21, 0x46, 0x21, 0x46, 0x21,
  0x46, 0x21, 0x46, 0x21, 0x46, 0x21, 0x46, 0x21, 0x46, 0x21, 0x46, 0x21, 0x46, 0x21, 0x46, 0x21,
  0x46, 0x21, 0x46, 0x21, 0x46, 0x21, 0x46, 0x21, 0x46, 0x21, 0x46, 0x21, 0x46, 0x21, 0x46, 0x21,
  0x46, 0x21, 0x46, 0x21, 0x46, 0x21, 0x46, 0x21, 0x46, 0x21, 0x46, 0x21, 0x46, 0x21, 0x46, 0x21,
  0x46, 0x21, 0x46, 0x21, 0x46, 0x21, 0x46, 0x21, 0x46, 0x21, 0x46, 0x21, 0x46, 0x21, 0x46, 0x21,
  0x46, 0x21, 0x46, 0x21, 0x46, 0x21, 0x46, 0x21, 0x46, 0x21, 0x46, 0x21, 0x46, 0x21, 0x46, 0x21,
  0x46, 0x21, 0x46, 0x21, 0x46, 0x21, 0x46, 0x21, 0x46, 0x21, 0x46, 0x21, 0x46, 0x21, 0x46, 0x21,
  0x46, 0x21, 0x46, 0x21, 0x46, 0x21, 0x46, 0x21, 0x46, 0x21, 0x46, 0x21, 0x46, 0x21, 0x46, 0x21,
  0x46, 0x21, 0x46, 0x21, 0x46, 0x21, 0x46, 0x21, 0x46, 0x21, 0x46, 0x21, 0x46, 0x21, 0x46, 0x21,
  0x46, 0x21, 0x46, 0x21, 0x46, 0x21, 0x46, 0x21, 0x46, 0x21, 0x46, 0x21, 0x46, 0x21, 0x46, 0x21,
  0x46, 0x21, 0x46, 0x21, 0x46, 0x21, 0x46, 0x21, 0x46, 0x21, 0x46, 0x21, 0x46, 0x21, 0x46, 0x21,
  0x46, 0x21, 0x46, 0x21, 0x46, 0x21, 0x46, 0x21, 0x46, 0x21, 0x46, 0x21, 0x46, 0x21, 0x46, 0x21,
  0x46, 0x21, 0x46, 0x21, 0x46, 0x21, 0x46, 0x21, 0x46, 0x21, 0x46, 0x21, 0x46, 0x21, 0x46, 0x21,
  0x46, 0x21, 0x46, 0x21, 0x46, 0x21, 0x46, 0x21, 0x46, 0x21, 0x46, 0x21, 0x46, 0x21, 0x46, 0x21,
  0x46, 0x21, 0x46, 0x21, 0x46, 0x21, 0x46, 0x21, 0x46, 0x21, 0x46, 0x21, 0x46, 0x21, 0x46, 0x21,
  0x46, 0x21, 0x46, 0x21, 0x46, 0x21, 0x46, 0x21, 0x46, 0x21, 0x46, 0x21, 0x46, 0x21, 0x46, 0x21,
  0x46, 0x21, 0x46, 0x21, 0x46, 0x21, 0x46, 0x21, 0x26, 0x21, 0x26, 0x21, 0x46, 0x21, 0xe9, 0x39,
  0x09, 0x3a, 0xab, 0x52, 0xcc, 0x52, 0x87, 0x31, 0x26, 0x21, 0xc5, 0x18, 0x05, 0x21, 0x05, 0x21,
  0x05, 0x21, 0xe5, 0x18, 0xc5, 0x18, 0xe5, 0x18, 0x66, 0x29, 0xe8, 0x39, 0x28, 0x42, 0xe8, 0x39,
  0x66, 0x29, 0xa3, 0x10, 0x62, 0x08, 0x42, 0x08, 0x83, 0x08, 0xa4, 0x10, 0xc4, 0x10, 0xc4, 0x18,
  0xc4, 0x18, 0xc4, 0x18, 0xc4, 0x18, 0xc4, 0x18, 0xc4, 0x18, 0xc4, 0x18, 0xc4, 0x18, 0xa4, 0x10,
  0xa4, 0x10, 0xa4, 0x10, 0xc4, 0x18, 0xa4, 0x10, 0xc4, 0x18, 0xe5, 0x18, 0xe5, 0x18, 0xe5, 0x18,
  0xc5, 0x18, 0xc4, 0x18, 0x26, 0x21, 0xc8, 0x31, 0xc8, 0x31, 0xe8, 0x39, 0xe9, 0x39, 0xe9, 0x39,
  0xe8, 0x39, 0xe8, 0x31, 0xc8, 0x31, 0xa3, 0x10, 0x00, 0x00, 0x62, 0x08, 0xe8, 0x39, 0x08, 0x42,
  0x08, 0x42, 0xe8, 0x39, 0xc8, 0x31, 0xa7, 0x31, 0xa8, 0x31, 0xa8, 0x31, 0xa8, 0x29, 0xa8, 0x29,
  0xa9, 0x31, 0xc9, 0x31, 0xc9, 0x31, 0xc9, 0x31, 0xc9, 0x31, 0xc9, 0x31, 0xc9, 0x31, 0xc9, 0x31,
  0xa9, 0x31, 0xa9, 0x31, 0xc9, 0x31, 0xc9, 0x31, 0xea, 0x31, 0xca, 0x31, 0xea, 0x39, 0xcd, 0x52,
  0x2e, 0x63, 0xac, 0x52, 0x09, 0x3a, 0x87, 0x29, 0x25, 0x21, 0x26, 0x21, 0x46, 0x21, 0x46, 0x21,
  0x46, 0x21, 0x46, 0x21, 0x46, 0x21, 0x46, 0x21, 0x46, 0x21, 0x46, 0x21, 0x46, 0x21, 0x46, 0x21,
  0x46, 0x21, 0x46, 0x21, 0x46, 0x21, 0x46, 0x21, 0x46, 0x21, 0x46, 0x21, 0x46, 0x21, 0x46, 0x21,
  0x46, 0x21, 0x46, 0x21, 0x46, 0x21, 0x46, 0x21, 0x46, 0x21, 0x46, 0x21, 0x46, 0x21, 0x46, 0x21,
  0x46, 0x21, 0x46, 0x21, 0x46, 0x21, 0x46, 0x21, 0x46, 0x21, 0x46, 0x21, 0x46, 0x21, 0x46, 0x21,
  0x46, 0x21, 0x46, 0x21, 0x46, 0x21, 0x46, 0x21, 0x46, 0x21, 0x46, 0x21, 0x46, 0x21, 0x46, 0x21,
  0x46, 0x21, 0x46, 0x21, 0x46, 0x21, 0x46, 0x21, 0x46, 0x21, 0x46, 0x21, 0x46, 0x21, 0x46, 0x21,
  0x46, 0x21, 0x46, 0x21, 0x46, 0x21, 0x46, 0x21, 0x46, 0x21, 0x46, 0x21, 0x46, 0x21, 0x46, 0x21,
  0x46, 0x21, 0x46, 0x21, 0x46, 0x21, 0x46, 0x21, 0x46, 0x21, 0x46, 0x21, 0x46, 0x21, 0x46, 0x21,
  0x46, 0x21, 0x46, 0x21, 0x46, 0x21, 0x46, 0x21, 0x46, 0x21, 0x46, 0x21, 0x46, 0x21, 0x46, 0x21,
  0x46, 0x21, 0x46, 0x21, 0x46, 0x21, 0x46, 0x21, 0x46, 0x21, 0x46, 0x21, 0x46, 0x21, 0x46, 0x21,
  0x46, 0x21, 0x46, 0x21, 0x46, 0x21, 0x46, 0x21, 0x46, 0x21, 0x46, 0x21, 0x46, 0x21, 0x46, 0x21,
  0x46, 0x21, 0x46, 0x21, 0x46, 0x21, 0x46, 0x21, 0x46, 0x21, 0x46, 0x21, 0x46, 0x21, 0x46, 0x21,
  0x46, 0x21, 0x46, 0x21, 0x46, 0x21, 0x46, 0x21, 0x46, 0x21, 0x46, 0x21, 0x46, 0x21, 0x46, 0x21,
  0x46, 0x21, 0x46, 0x21, 0x46, 0x21, 0x46, 0x21, 0x46, 0x21, 0x46, 0x21, 0x46, 0x21, 0x46, 0x21,
  0x46, 0x21, 0x46, 0x21, 0x46, 0x21, 0x46, 0x21, 0x46, 0x21, 0x46, 0x21, 0x46, 0x21, 0x46, 0x21,
  0x46, 0x21, 0x46, 0x21, 0x46, 0x21, 0x46, 0x21, 0x46, 0x21, 0x46, 0x21, 0x46, 0x21, 0x46, 0x21,
  0x46, 0x21, 0x46, 0x21, 0x46, 0x21, 0x26, 0x21, 0x26, 0x21, 0x46, 0x21, 0xe8, 0x39, 0xe9, 0x39,
  0xac, 0x52, 0xcc, 0x52, 0xa8, 0x31, 0x26, 0x29, 0xe5, 0x18, 0xe5, 0x18, 0xe5, 0x18, 0x05, 0x21,
  0xe5, 0x18, 0xc5, 0x18, 0xe5, 0x18, 0x66, 0x29, 0xc7, 0x39, 0x28, 0x42, 0x08, 0x3a, 0x65, 0x29,
  0xc3, 0x10, 0x42, 0x08, 0x42, 0x00, 0x63, 0x08, 0xa3, 0x10, 0xa4, 0x10, 0xc4, 0x18, 0xc4, 0x18,
  0xc4, 0x10, 0xa4, 0x10, 0xa4, 0x18, 0xa4, 0x10, 0xa4, 0x10, 0x83, 0x10, 0xc4, 0x10, 0x84, 0x10,
  0xc4, 0x18, 0xe5, 0x18, 0xe5, 0x18, 0xe5, 0x18, 0xc5, 0x18, 0xc4, 0x18, 0x26, 0x21, 0xc8, 0x31,
  0xc8, 0x31, 0xe8, 0x39, 0xe9, 0x39, 0xe9, 0x39, 0xe8, 0x31, 0xc8, 0x31, 0xc8, 0x31, 0xa3, 0x10,
  0x00, 0x00, 0x42, 0x08, 0xe8, 0x39, 0xc8, 0x31, 0xa8, 0x31, 0x88, 0x29, 0x88, 0x29, 0xa9, 0x29,
  0xa8, 0x29, 0xc9, 0x31, 0xc9, 0x31, 0xc9, 0x31, 0xc9, 0x31, 0xc9, 0x31, 0xc9, 0x31, 0xc9, 0x31,
  0xc9, 0x31, 0xc9, 0x31, 0xa9, 0x31, 0xa9, 0x31, 0xa9, 0x31, 0xc9, 0x31, 0xc9, 0x31, 0x89, 0x29,
  0x48, 0x21, 0xc6, 0x10, 0x4e, 0x63, 0x29, 0x42, 0x87, 0x29, 0x25, 0x21, 0x26, 0x21, 0x46, 0x21,
  0x46, 0x21, 0x46, 0x21, 0x46, 0x21, 0x46, 0x21, 0x46, 0x21, 0x46, 0x21, 0x46, 0x21, 0x46, 0x21,
  0x46, 0x21, 0x46, 0x21, 0x46, 0x21, 0x46, 0x21, 0x46, 0x21, 0x46, 0x21, 0x46, 0x21, 0x46, 0x21,
  0x46, 0x21, 0x46, 0x21, 0x46, 0x21, 0x46, 0x21, 0x46, 0x21, 0x46, 0x21, 0x46, 0x21, 0x46, 0x21,
  0x46, 0x21, 0x46, 0x21, 0x46, 0x21, 0x46, 0x21, 0x46, 0x21, 0x46, 0x21, 0x46, 0x21, 0x46, 0x21,
  0x46, 0x21, 0x46, 0x21, 0x46, 0x21, 0x46, 0x21, 0x46, 0x21, 0x46, 0x21, 0x46, 0x21, 0x46, 0x21,
  0x46, 0x21, 0x46, 0x21, 0x46, 0x21, 0x46, 0x21, 0x46, 0x21, 0x46, 0x21, 0x46, 0x21, 0x46, 0x21,
  0x46, 0x21, 0x46, 0x21, 0x46, 0x21, 0x46, 0x21, 0x46, 0x21, 0x46, 0x21, 0x46, 0x21, 0x46, 0x21,
  0x46, 0x21, 0x46, 0x21, 0x46, 0x21, 0x46, 0x21, 0x46, 0x21, 0x46, 0x21, 0x46, 0x21, 0x46, 0x21,
  0x46, 0x21, 0x46, 0x21, 0x46, 0x21, 0x46, 0x21, 0x46, 0x21, 0x46, 0x21, 0x46, 0x21, 0x46, 0x21,
  0x46, 0x21, 0x46, 0x21, 0x46, 0x21, 0x46, 0x21, 0x46, 0x21, 0x46, 0x21, 0x46, 0x21, 0x46, 0x21,
  0x46, 0x21, 0x46, 0x21, 0x46, 0x21, 0x46, 0x21, 0x46, 0x21, 0x46, 0x21, 0x46, 0x21, 0x46, 0x21,
  0x46, 0x21, 0x46, 0x21, 0x46, 0x21, 0x46, 0x21, 0x46, 0x21, 0x46, 0x21, 0x46, 0x21, 0x46, 0x21,
  0x46, 0x21, 0x46, 0x21, 0x46, 0x21, 0x46, 0x21, 0x46, 0x21, 0x46, 0x21, 0x46, 0x21, 0x46, 0x21,
  0x46, 0x21, 0x46, 0x21, 0x46, 0x21, 0x46, 0x21, 0x46, 0x21, 0x46, 0x21, 0x46, 0x21, 0x46, 0x21,
  0x46, 0x21, 0x46, 0x21, 0x46, 0x21, 0x46, 0x21, 0x46, 0x21, 0x46, 0x21, 0x46, 0x21, 0x46, 0x21,
  0x46, 0x21, 0x46, 0x21, 0x46, 0x21, 0x46, 0x21, 0x46, 0x21, 0x46, 0x21, 0x46, 0x21, 0x46, 0x21,
  0x46, 0x21, 0x46, 0x21, 0x46, 0x21, 0x46, 0x21, 0x46, 0x21, 0x46, 0x21, 0x46, 0x21, 0x46, 0x21,
  0x46, 0x21, 0x46, 0x21, 0x26, 0x21, 0x26, 0x21, 0x46, 0x21, 0xe8, 0x39, 0x6b, 0x4a, 0xac, 0x52,
  0xac, 0x52, 0x87, 0x31, 0x26, 0x21, 0xc5, 0x18, 0xe5, 0x18, 0x05, 0x21, 0x05, 0x21, 0xe5, 0x18,
  0xe5, 0x18, 0xe5, 0x18, 0x46, 0x29, 0xc8, 0x39, 0x08, 0x42, 0xe7, 0x39, 0x66, 0x29, 0xc3, 0x10,
  0x42, 0x08, 0x22, 0x00, 0x42, 0x08, 0xa3, 0x10, 0xa4, 0x10, 0xa4, 0x10, 0xc4, 0x10, 0xc4, 0x10,
  0xa3, 0x10, 0x83, 0x10, 0xa4, 0x10, 0x84, 0x10, 0xc4, 0x18, 0xe5, 0x18, 0xe5, 0x18, 0xe5, 0x18,
  0xe5, 0x18, 0xc4, 0x18, 0x06, 0x21, 0xc8, 0x31, 0xc8, 0x31, 0xe9, 0x31, 0xe9, 0x31, 0xc8, 0x31,
  0xc9, 0x31, 0xc8, 0x31, 0xe8, 0x31, 0xc3, 0x10, 0x00, 0x00, 0x83, 0x10, 0xa8, 0x29, 0x88, 0x29,
  0xa8, 0x29, 0xc9, 0x31, 0xc9, 0x31, 0xc9, 0x31, 0xc9, 0x31, 0xc9, 0x31, 0xc9, 0x31, 0xc9, 0x31,
  0xc9, 0x31, 0xc9, 0x31, 0xc9, 0x31, 0xc9, 0x31, 0xc9, 0x31, 0xc9, 0x31, 0xc9, 0x31, 0xca, 0x31,
  0xca, 0x31, 0x69, 0x21, 0x49, 0x21, 0x48, 0x21, 0x84, 0x08, 0x01, 0x00, 0xc4, 0x18, 0xc8, 0x31,
  0x46, 0x21, 0x26, 0x21, 0x66, 0x29, 0x46, 0x21, 0x46, 0x21, 0x46, 0x21, 0x46, 0x21, 0x46, 0x21,
  0x46, 0x21, 0x46, 0x21, 0x46, 0x21, 0x46, 0x21, 0x46, 0x21, 0x46, 0x21, 0x46, 0x21, 0x46, 0x21,
  0x46, 0x21, 0x46, 0x21, 0x46, 0x21, 0x46, 0x21, 0x46, 0x21, 0x46, 0x21, 0x46, 0x21, 0x46, 0x21,
  0x46, 0x21, 0x46, 0x21, 0x46, 0x21, 0x46, 0x21, 0x46, 0x21, 0x46, 0x21, 0x46, 0x21, 0x46, 0x21,
  0x46, 0x21, 0x46, 0x21, 0x46, 0x21, 0x46, 0x21, 0x46, 0x21, 0x46, 0x21, 0x46, 0x21, 0x46, 0x21,
  0x46, 0x21, 0x46, 0x21, 0x46, 0x21, 0x46, 0x21, 0x46, 0x21, 0x46, 0x21, 0x46, 0x21, 0x46, 0x21,
  0x46, 0x21, 0x46, 0x21, 0x46, 0x21, 0x46, 0x21, 0x46, 0x21, 0x46, 0x21, 0x46, 0x21, 0x46, 0x21,
  0x46, 0x21, 0x46, 0x21, 0x46, 0x21, 0x46, 0x21, 0x46, 0x21, 0x46, 0x21, 0x46, 0x21, 0x46, 0x21,
  0x46, 0x21, 0x46, 0x21, 0x46, 0x21, 0x46, 0x21, 0x46, 0x21, 0x46, 0x21, 0x46, 0x21, 0x46, 0x21,
  0x46, 0x21, 0x46, 0x21, 0x46, 0x21, 0x46, 0x21, 0x46, 0x21, 0x46, 0x21, 0x46, 0x21, 0x46, 0x21,
  0x46, 0x21, 0x46, 0x21, 0x46, 0x21, 0x46, 0x21, 0x46, 0x21, 0x46, 0x21, 0x46, 0x21, 0x46, 0x21,
  0x46, 0x21, 0x46, 0x21, 0x46, 0x21, 0x46, 0x21, 0x46, 0x21, 0x46, 0x21, 0x46, 0x21, 0x46, 0x21,
  0x46, 0x21, 0x46, 0x21, 0x46, 0x21, 0x46, 0x21, 0x46, 0x21, 0x46, 0x21, 0x46, 0x21, 0x46, 0x21,
  0x46, 0x21, 0x46, 0x21, 0x46, 0x21, 0x46, 0x21, 0x46, 0x21, 0x46, 0x21, 0x46, 0x21, 0x46, 0x21,
  0x46, 0x21, 0x46, 0x21, 0x46, 0x21, 0x46, 0x21, 0x46, 0x21, 0x46, 0x21, 0x46, 0x21, 0x46, 0x21,
  0x46, 0x21, 0x46, 0x21, 0x46, 0x21, 0x46, 0x21, 0x46, 0x21, 0x46, 0x21, 0x46, 0x21, 0x46, 0x21,
  0x46, 0x21, 0x46, 0x21, 0x46, 0x21, 0x46, 0x21, 0x46, 0x21, 0x46, 0x21, 0x46, 0x21, 0x46, 0x21,
  0x46, 0x21, 0x46, 0x21, 0x46, 0x21, 0x46, 0x21, 0x46, 0x21, 0x46, 0x21, 0x46, 0x21, 0x46, 0x21,
  0x46, 0x21, 0x26, 0x21, 0x05, 0x19, 0x66, 0x29, 0xc8, 0x31, 0x6b, 0x4a, 0xab, 0x52, 0x8b, 0x4a,
  0xa8, 0x31, 0x26, 0x21, 0xe5, 0x18, 0xe5, 0x18, 0x05, 0x21, 0x05, 0x21, 0xe5, 0x18, 0xc5, 0x18,
  0x05, 0x21, 0x46, 0x29, 0xc7, 0x39, 0x08, 0x3a, 0xe7, 0x39, 0x46, 0x29, 0xa3, 0x10, 0x21, 0x00,
  0x21, 0x00, 0x42, 0x00, 0x83, 0x08, 0xa4, 0x10, 0xa4, 0x10, 0x84, 0x10, 0xa4, 0x10, 0x83, 0x08,
  0xc4, 0x18, 0xe5, 0x18, 0xc5, 0x18, 0xe5, 0x18, 0xc5, 0x18, 0xc4, 0x18, 0x06, 0x21, 0xc8, 0x31,
  0xc8, 0x31, 0xc8, 0x31, 0xc8, 0x31, 0xc8, 0x31, 0xc8, 0x31, 0xc8, 0x31, 0xc8, 0x31, 0x67, 0x29,
  0x67, 0x29, 0xc9, 0x31, 0xc9, 0x31, 0xc9, 0x31, 0xc9, 0x31, 0xc9, 0x31, 0xc9, 0x31, 0xc9, 0x31,
  0xc9, 0x31, 0xc9, 0x31, 0xc9, 0x31, 0xc9, 0x31, 0xc9, 0x31, 0xc9, 0x31, 0xc9, 0x31, 0xc9, 0x31,
  0xca, 0x31, 0xca, 0x31, 0x89, 0x29, 0x27, 0x19, 0x84, 0x08, 0x21, 0x00, 0x42, 0x08, 0xe6, 0x18,
  0x68, 0x29, 0x47, 0x21, 0xa4, 0x10, 0xa4, 0x10, 0xcc, 0x5a, 0xe9, 0x39, 0x25, 0x21, 0x66, 0x29,
  0x46, 0x21, 0x46, 0x21, 0x46, 0x21, 0x46, 0x21, 0x46, 0x21, 0x46, 0x21, 0x46, 0x21, 0x46, 0x21,
  0x46, 0x21, 0x46, 0x21, 0x46, 0x21, 0x46, 0x21, 0x46, 0x21, 0x46, 0x21, 0x46, 0x21, 0x46, 0x21,
  0x46, 0x21, 0x46, 0x21, 0x46, 0x21, 0x46, 0x21, 0x46, 0x21, 0x46, 0x21, 0x46, 0x21, 0x46, 0x21,
  0x46, 0x21, 0x46, 0x21, 0x46, 0x21, 0x46, 0x21, 0x46, 0x21, 0x46, 0x21, 0x46, 0x21, 0x46, 0x21,
  0x46, 0x21, 0x46, 0x21, 0x46, 0x21, 0x46, 0x21, 0x46, 0x21, 0x46, 0x21, 0x46, 0x21, 0x46, 0x21,
  0x46, 0x21, 0x46, 0x21, 0x46, 0x21, 0x46, 0x21, 0x46, 0x21, 0x46, 0x21, 0x46, 0x21, 0x46, 0x21,
  0x46, 0x21, 0x46, 0x21, 0x46, 0x21, 0x46, 0x21, 0x46, 0x21, 0x46, 0x21, 0x46, 0x21, 0x46, 0x21,
  0x46, 0x21, 0x46, 0x21, 0x46, 0x21, 0x46, 0x21, 0x46, 0x21, 0x46, 0x21, 0x46, 0x21, 0x46, 0x21,
  0x46, 0x21, 0x46, 0x21, 0x46, 0x21, 0x46, 0x21, 0x46, 0x21, 0x46, 0x21, 0x46, 0x21, 0x46, 0x21,
  0x46, 0x21, 0x46, 0x21, 0x46, 0x21, 0x46, 0x21, 0x46, 0x21, 0x46, 0x21, 0x46, 0x21, 0x46, 0x21,
  0x46, 0x21, 0x46, 0x21, 0x46, 0x21, 0x46, 0x21, 0x46, 0x21, 0x46, 0x21, 0x46, 0x21, 0x46, 0x21,
  0x46, 0x21, 0x46, 0x21, 0x46, 0x21, 0x46, 0x21, 0x46, 0x21, 0x46, 0x21, 0x46, 0x21, 0x46, 0x21,
  0x46, 0x21, 0x46, 0x21, 0x46, 0x21, 0x46, 0x21, 0x46, 0x21, 0x46, 0x21, 0x46, 0x21, 0x46, 0x21,
  0x46, 0x21, 0x46, 0x21, 0x46, 0x21, 0x46, 0x21, 0x46, 0x21, 0x46, 0x21, 0x46, 0x21, 0x46, 0x21,
  0x46, 0x21, 0x46, 0x21, 0x46, 0x21, 0x46, 0x21, 0x46, 0x21, 0x46, 0x21, 0x46, 0x21, 0x46, 0x21,
  0x46, 0x21, 0x46, 0x21, 0x46, 0x21, 0x46, 0x21, 0x46, 0x21, 0x46, 0x21, 0x46, 0x21, 0x46, 0x21,
  0x46, 0x21, 0x46, 0x21, 0x46, 0x21, 0x46, 0x21, 0x46, 0x21, 0x46, 0x21, 0x46, 0x21, 0x46, 0x21,
  0x46, 0x21, 0x46, 0x21, 0x46, 0x21, 0x46, 0x21, 0x46, 0x21, 0x46, 0x21, 0x66, 0x29, 0x46, 0x21,
  0x26, 0x21, 0x05, 0x19, 0x66, 0x29, 0xc8, 0x31, 0x8b, 0x4a, 0x8b, 0x4a, 0x4a, 0x42, 0x88, 0x31,
  0x26, 0x21, 0xe5, 0x18, 0xe5, 0x18, 0x05, 0x21, 0x05, 0x21, 0xe5, 0x18, 0xc5, 0x18, 0xe5, 0x18,
  0x26, 0x21, 0xc7, 0x31, 0xe8, 0x39, 0xc7, 0x31, 0x45, 0x29, 0x83, 0x10, 0x21, 0x00, 0x01, 0x00,
  0x22, 0x00, 0x63, 0x08, 0x84, 0x10, 0x63, 0x08, 0xc4, 0x10, 0xc5, 0x18, 0xc5, 0x18, 0xc5, 0x18,
  0xc4, 0x18, 0xc5, 0x18, 0x06, 0x21, 0xc8, 0x31, 0xc8, 0x31, 0xc8, 0x31, 0xc8, 0x31, 0xc8, 0x31,
  0xc8, 0x31, 0xc9, 0x31, 0xc8, 0x31, 0xc9, 0x31, 0xc9, 0x31, 0xc9, 0x31, 0xc9, 0x31, 0xc9, 0x31,
  0xc9, 0x31, 0xc9, 0x31, 0xc9, 0x31, 0xc9, 0x31, 0xc9, 0x31, 0xc9, 0x31, 0xc9, 0x31, 0xc9, 0x31,
  0xc9, 0x31, 0xe9, 0x31, 0xea, 0x31, 0xa9, 0x29, 0x47, 0x21, 0xa4, 0x10, 0x22, 0x00, 0x00, 0x00,
  0x00, 0x00, 0x00, 0x00, 0x00, 0x00, 0x00, 0x00, 0x21, 0x00, 0xa4, 0x10, 0x68, 0x21, 0x68, 0x21,
  0x06, 0x19, 0xcc, 0x52, 0xa7, 0x31, 0x26, 0x21, 0x46, 0x21, 0x46, 0x21, 0x46, 0x21, 0x46, 0x21,
  0x46, 0x21, 0x46, 0x21, 0x46, 0x21, 0x46, 0x21, 0x46, 0x21, 0x46, 0x21, 0x46, 0x21, 0x46, 0x21,
  0x46, 0x21, 0x46, 0x21, 0x46, 0x21, 0x46, 0x21, 0x46, 0x21, 0x46, 0x21, 0x46, 0x21, 0x46, 0x21,
  0x46, 0x21, 0x46, 0x21, 0x46, 0x21, 0x46, 0x21, 0x46, 0x21, 0x46, 0x21, 0x46, 0x21, 0x46, 0x21,
  0x46, 0x21, 0x46, 0x21, 0x46, 0x21, 0x46, 0x21, 0x46, 0x21, 0x46, 0x21, 0x46, 0x21, 0x46, 0x21,
  0x46, 0x21, 0x46, 0x21, 0x46, 0x21, 0x46, 0x21, 0x46, 0x21, 0x46, 0x21, 0x46, 0x21, 0x46, 0x21,
  0x46, 0x21, 0x46, 0x21, 0x46, 0x21, 0x46, 0x21, 0x46, 0x21, 0x46, 0x21, 0x46, 0x21, 0x46, 0x21,
  0x46, 0x21, 0x46, 0x21, 0x46, 0x21, 0x46, 0x21, 0x46, 0x21, 0x46, 0x21, 0x46, 0x21, 0x46, 0x21,
  0x46, 0x21, 0x46, 0x21, 0x46, 0x21, 0x46, 0x21, 0x46, 0x21, 0x46, 0x21, 0x46, 0x21, 0x46, 0x21,
  0x46, 0x21, 0x46, 0x21, 0x46, 0x21, 0x46, 0x21, 0x46, 0x21, 0x46, 0x21, 0x46, 0x21, 0x46, 0x21,
  0x46, 0x21, 0x46, 0x21, 0x46, 0x21, 0x46, 0x21, 0x46, 0x21, 0x46, 0x21, 0x46, 0x21, 0x46, 0x21,
  0x46, 0x21, 0x46, 0x21, 0x46, 0x21, 0x46, 0x21, 0x46, 0x21, 0x46, 0x21, 0x46, 0x21, 0x46, 0x21,
  0x46, 0x21, 0x46, 0x21, 0x46, 0x21, 0x46, 0x21, 0x46, 0x21, 0x46, 0x21, 0x46, 0x21, 0x46, 0x21,
  0x46, 0x21, 0x46, 0x21, 0x46, 0x21, 0x46, 0x21, 0x46, 0x21, 0x46, 0x21, 0x46, 0x21, 0x46, 0x21,
  0x46, 0x21, 0x46, 0x21, 0x46, 0x21, 0x46, 0x21, 0x46, 0x21, 0x46, 0x21, 0x46, 0x21, 0x46, 0x21,
  0x46, 0x21, 0x46, 0x21, 0x46, 0x21, 0x46, 0x21, 0x46, 0x21, 0x46, 0x21, 0x46, 0x21, 0x46, 0x21,
  0x46, 0x21, 0x46, 0x21, 0x46, 0x21, 0x46, 0x21, 0x46, 0x21, 0x46, 0x21, 0x46, 0x21, 0x46, 0x21,
  0x46, 0x21, 0x46, 0x21, 0x46, 0x21, 0x46, 0x21, 0x46, 0x21, 0x46, 0x21, 0x46, 0x21, 0x46, 0x21,
  0x46, 0x21, 0x46, 0x21, 0x46, 0x21, 0x46, 0x21, 0x46, 0x21, 0x66, 0x29, 0x46, 0x21, 0x26, 0x21,
  0x05, 0x19, 0x46, 0x21, 0xc8, 0x31, 0x8b, 0x4a, 0xc9, 0x31, 0x0a, 0x42, 0xa8, 0x31, 0x06, 0x21,
  0xe5, 0x18, 0xc4, 0x18, 0xe5, 0x20, 0xe5, 0x18, 0xc5, 0x18, 0xa4, 0x10, 0xc4, 0x18, 0x25, 0x21,
  0xa7, 0x31, 0xe7, 0x39, 0xc7, 0x31, 0x45, 0x29, 0x83, 0x10, 0x21, 0x00, 0x01, 0x00, 0x42, 0x08,
  0xc4, 0x10, 0xc4, 0x18, 0xc5, 0x18, 0xc4, 0x18, 0xc4, 0x18, 0xc5, 0x10, 0x06, 0x21, 0xc8, 0x31,
  0xc8, 0x31, 0xc8, 0x31, 0xc8, 0x31, 0xc8, 0x31, 0xc9, 0x31, 0xc9, 0x31, 0xc8, 0x31, 0xa8, 0x31,
  0xa8, 0x31, 0xa9, 0x31, 0xc9, 0x31, 0xc9, 0x31, 0xc9, 0x31, 0xc9, 0x31, 0xc9, 0x31, 0xc9, 0x31,
  0xc9, 0x31, 0xc9, 0x31, 0xc9, 0x31, 0xc9, 0x31, 0xa9, 0x29, 0x68, 0x21, 0xc5, 0x10, 0x43, 0x00,
  0x01, 0x00, 0x00, 0x00, 0x00, 0x00, 0x00, 0x00, 0x00, 0x00, 0x00, 0x00, 0x00, 0x00, 0x00, 0x00,
  0x00, 0x00, 0x00, 0x00, 0x01, 0x00, 0xa4, 0x10, 0x42, 0x00, 0x01, 0x00, 0xed, 0x5a, 0xa8, 0x31,
  0x26, 0x21, 0x46, 0x21, 0x46, 0x21, 0x46, 0x21, 0x46, 0x21, 0x46, 0x21, 0x46, 0x21, 0x46, 0x21,
  0x46, 0x21, 0x46, 0x21, 0x46, 0x21, 0x46, 0x21, 0x46, 0x21, 0x46, 0x21, 0x46, 0x21, 0x46, 0x21,
  0x46, 0x21, 0x46, 0x21, 0x46, 0x21, 0x46, 0x21, 0x46, 0x21, 0x46, 0x21, 0x46, 0x21, 0x46, 0x21,
  0x46, 0x21, 0x46, 0x21, 0x46, 0x21, 0x46, 0x21, 0x46, 0x21, 0x46, 0x21, 0x46, 0x21, 0x46, 0x21,
  0x46, 0x21, 0x46, 0x21, 0x46, 0x21, 0x46, 0x21, 0x46, 0x21, 0x46, 0x21, 0x46, 0x21, 0x46, 0x21,
  0x46, 0x21, 0x46, 0x21, 0x46, 0x21, 0x46, 0x21, 0x46, 0x21, 0x46, 0x21, 0x46, 0x21, 0x46, 0x21,
  0x46, 0x21, 0x46, 0x21, 0x46, 0x21, 0x46, 0x21, 0x46, 0x21, 0x46, 0x21, 0x46, 0x21, 0x46, 0x21,
  0x46, 0x21, 0x46, 0x21, 0x46, 0x21, 0x46, 0x21, 0x46, 0x21, 0x46, 0x21, 0x46, 0x21, 0x46, 0x21,
  0x46, 0x21, 0x46, 0x21, 0x46, 0x21, 0x46, 0x21, 0x46, 0x21, 0x46, 0x21, 0x46, 0x21, 0x46, 0x21,
  0x46, 0x21, 0x46, 0x21, 0x46, 0x21, 0x46, 0x21, 0x46, 0x21, 0x46, 0x21, 0x46, 0x21, 0x46, 0x21,
  0x46, 0x21, 0x46, 0x21, 0x46, 0x21, 0x46, 0x21, 0x46, 0x21, 0x46, 0x21, 0x46, 0x21, 0x46, 0x21,
  0x46, 0x21, 0x46, 0x21, 0x46, 0x21, 0x46, 0x21, 0x46, 0x21, 0x46, 0x21, 0x46, 0x21, 0x46, 0x21,
  0x46, 0x21, 0x46, 0x21, 0x46, 0x21, 0x46, 0x21, 0x46, 0x21, 0x46, 0x21, 0x46, 0x21, 0x46, 0x21,
  0x46, 0x21, 0x46, 0x21, 0x46, 0x21, 0x46, 0x21, 0x46, 0x21, 0x46, 0x21, 0x46, 0x21, 0x46, 0x21,
  0x46, 0x21, 0x46, 0x21, 0x46, 0x21, 0x46, 0x21, 0x46, 0x21, 0x46, 0x21, 0x46, 0x21, 0x46, 0x21,
  0x46, 0x21, 0x46, 0x21, 0x46, 0x21, 0x46, 0x21, 0x46, 0x21, 0x46, 0x21, 0x46, 0x21, 0x46, 0x21,
  0x46, 0x21, 0x46, 0x21, 0x46, 0x21, 0x46, 0x21, 0x46, 0x21, 0x46, 0x21, 0x46, 0x21, 0x46, 0x21,
  0x46, 0x21, 0x46, 0x21, 0x46, 0x21, 0x46, 0x21, 0x46, 0x21, 0x46, 0x21, 0x46, 0x21, 0x46, 0x21,
  0x46, 0x21, 0x46, 0x21, 0x46, 0x21, 0x46, 0x21, 0x66, 0x29, 0x46, 0x21, 0x26, 0x21, 0x05, 0x19,
  0x46, 0x21, 0x09, 0x3a, 0x8b, 0x4a, 0x4a, 0x42, 0xe9, 0x39, 0xa8, 0x31, 0xe5, 0x18, 0xc4, 0x18,
  0xc4, 0x18, 0xe5, 0x18, 0xc5, 0x18, 0xc4, 0x10, 0xa4, 0x10, 0xc4, 0x18, 0x25, 0x21, 0x86, 0x29,
  0xe8, 0x39, 0xc7, 0x39, 0x45, 0x29, 0xc4, 0x10, 0xc4, 0x10, 0xc5, 0x18, 0xc5, 0x18, 0xc4, 0x10,
  0xc5, 0x18, 0xc4, 0x10, 0x06, 0x21, 0xa8, 0x31, 0xa8, 0x31, 0xa8, 0x31, 0xa8, 0x31, 0xc8, 0x31,
  0xc8, 0x31, 0xc8, 0x31, 0xc9, 0x31, 0xc9, 0x31, 0xc9, 0x31, 0xc9, 0x31, 0xc9, 0x31, 0xc9, 0x31,
  0xc9, 0x31, 0xc9, 0x31, 0xc9, 0x31, 0xc9, 0x31, 0xc9, 0x31, 0xa9, 0x31, 0x69, 0x21, 0xe6, 0x18,
  0x63, 0x08, 0x21, 0x00, 0x00, 0x00, 0x00, 0x00, 0x00, 0x00, 0x21, 0x00, 0x21, 0x00, 0x21, 0x00,
  0x21, 0x00, 0x21, 0x00, 0x21, 0x00, 0x21, 0x00, 0x21, 0x00, 0x21, 0x00, 0x00, 0x00, 0x00, 0x00,
  0xe5, 0x18, 0x0b, 0x3a, 0xee, 0x5a, 0xa8, 0x31, 0x26, 0x21, 0x46, 0x21, 0x46, 0x21, 0x46, 0x21,
  0x46, 0x21, 0x46, 0x21, 0x46, 0x21, 0x46, 0x21, 0x46, 0x21, 0x46, 0x21, 0x46, 0x21, 0x46, 0x21,
  0x46, 0x21, 0x46, 0x21, 0x46, 0x21, 0x46, 0x21, 0x46, 0x21, 0x46, 0x21, 0x46, 0x21, 0x46, 0x21,
  0x46, 0x21, 0x46, 0x21, 0x46, 0x21, 0x46, 0x21, 0x46, 0x21, 0x46, 0x21, 0x46, 0x21, 0x46, 0x21,
  0x46, 0x21, 0x46, 0x21, 0x46, 0x21, 0x46, 0x21, 0x46, 0x21, 0x46, 0x21, 0x46, 0x21, 0x46, 0x21,
  0x46, 0x21, 0x46, 0x21, 0x46, 0x21, 0x46, 0x21, 0x46, 0x21, 0x46, 0x21, 0x46, 0x21, 0x46, 0x21,
  0x46, 0x21, 0x46, 0x21, 0x46, 0x21, 0x46, 0x21, 0x46, 0x21, 0x46, 0x21, 0x46, 0x21, 0x46, 0x21,
  0x46, 0x21, 0x46, 0x21, 0x46, 0x21, 0x46, 0x21, 0x46, 0x21, 0x46, 0x21, 0x46, 0x21, 0x46, 0x21,
  0x46, 0x21, 0x46, 0x21, 0x46, 0x21, 0x46, 0x21, 0x46, 0x21, 0x46, 0x21, 0x46, 0x21, 0x46, 0x21,
  0x46, 0x21, 0x46, 0x21, 0x46, 0x21, 0x46, 0x21, 0x46, 0x21, 0x46, 0x21, 0x46, 0x21, 0x46, 0x21,
  0x46, 0x21, 0x46, 0x21, 0x46, 0x21, 0x46, 0x21, 0x46, 0x21, 0x46, 0x21, 0x46, 0x21, 0x46, 0x21,
  0x46, 0x21, 0x46, 0x21, 0x46, 0x21, 0x46, 0x21, 0x46, 0x21, 0x46, 0x21, 0x46, 0x21, 0x46, 0x21,
  0x46, 0x21, 0x46, 0x21, 0x46, 0x21, 0x46, 0x21, 0x46, 0x21, 0x46, 0x21, 0x46, 0x21, 0x46, 0x21,
  0x46, 0x21, 0x46, 0x21, 0x46, 0x21, 0x46, 0x21, 0x46, 0x21, 0x46, 0x21, 0x46, 0x21, 0x46, 0x21,
  0x46, 0x21, 0x46, 0x21, 0x46, 0x21, 0x46, 0x21, 0x46, 0x21, 0x46, 0x21, 0x46, 0x21, 0x46, 0x21,
  0x46, 0x21, 0x46, 0x21, 0x46, 0x21, 0x46, 0x21, 0x46, 0x21, 0x46, 0x21, 0x46, 0x21, 0x46, 0x21,
  0x46, 0x21, 0x46, 0x21, 0x46, 0x21, 0x46, 0x21, 0x46, 0x21, 0x46, 0x21, 0x46, 0x21, 0x46, 0x21,
  0x46, 0x21, 0x46, 0x21, 0x46, 0x21, 0x46, 0x21, 0x46, 0x21, 0x46, 0x21, 0x46, 0x21, 0x46, 0x21,
  0x46, 0x21, 0x46, 0x21, 0x46, 0x21, 0x46, 0x21, 0x46, 0x21, 0x46, 0x21, 0x46, 0x21, 0x46, 0x21,
  0x46, 0x21, 0x46, 0x21, 0x46, 0x21, 0x66, 0x29, 0x46, 0x21, 0x26, 0x21, 0x05, 0x19, 0x46, 0x21,
  0x09, 0x3a, 0x6b, 0x4a, 0x4a, 0x42, 0xe9, 0x39, 0x88, 0x31, 0xc5, 0x18, 0xa4, 0x10, 0xa4, 0x10,
  0xc5, 0x18, 0xc5, 0x18, 0xa4, 0x10, 0x84, 0x10, 0xc4, 0x18, 0x25, 0x21, 0x67, 0x29, 0xe5, 0x18,
  0xc4, 0x10, 0xc5, 0x18, 0xc5, 0x18, 0xc4, 0x10, 0xc4, 0x10, 0xc4, 0x10, 0x06, 0x19, 0xa8, 0x31,
  0xa8, 0x31, 0xa8, 0x31, 0xa8, 0x31, 0xa8, 0x31, 0xa8, 0x31, 0xc9, 0x31, 0xc9, 0x31, 0xc9, 0x31,
  0xc9, 0x31, 0xc9, 0x31, 0xc9, 0x31, 0xc9, 0x31, 0xc9, 0x31, 0xc9, 0x31, 0xc9, 0x31, 0x89, 0x29,
  0x07, 0x19, 0xe7, 0x10, 0x27, 0x19, 0x00, 0x00, 0x00, 0x00, 0x00, 0x00, 0x21, 0x00, 0x21, 0x00,
  0x21, 0x00, 0x41, 0x08, 0x41, 0x08, 0x41, 0x08, 0x41, 0x08, 0x41, 0x08, 0x41, 0x08, 0x41, 0x08,
  0x21, 0x00, 0x63, 0x08, 0x68, 0x21, 0xad, 0x52, 0xac, 0x4a, 0x8b, 0x4a, 0x87, 0x29, 0x26, 0x21,
  0x46, 0x21, 0x46, 0x21, 0x46, 0x21, 0x46, 0x21, 0x46, 0x21, 0x46, 0x21, 0x46, 0x21, 0x46, 0x21,
  0x46, 0x21, 0x46, 0x21, 0x46, 0x21, 0x46, 0x21, 0x46, 0x21, 0x46, 0x21, 0x46, 0x21, 0x46, 0x21,
  0x46, 0x21, 0x46, 0x21, 0x46, 0x21, 0x46, 0x21, 0x46, 0x21, 0x46, 0x21, 0x46, 0x21, 0x46, 0x21,
  0x46, 0x21, 0x46, 0x21, 0x46, 0x21, 0x46, 0x21, 0x46, 0x21, 0x46, 0x21, 0x46, 0x21, 0x46, 0x21,
  0x46, 0x21, 0x46, 0x21, 0x46, 0x21, 0x46, 0x21, 0x46, 0x21, 0x46, 0x21, 0x46, 0x21, 0x46, 0x21,
  0x46, 0x21, 0x46, 0x21, 0x46, 0x21, 0x46, 0x21, 0x46, 0x21, 0x46, 0x21, 0x46, 0x21, 0x46, 0x21,
  0x46, 0x21, 0x46, 0x21, 0x46, 0x21, 0x46, 0x21, 0x46, 0x21, 0x46, 0x21, 0x46, 0x21, 0x46, 0x21,
  0x46, 0x21, 0x46, 0x21, 0x46, 0x21, 0x46, 0x21, 0x46, 0x21, 0x46, 0x21, 0x46, 0x21, 0x46, 0x21,
  0x46, 0x21, 0x46, 0x21, 0x46, 0x21, 0x46, 0x21, 0x46, 0x21, 0x46, 0x21, 0x46, 0x21, 0x46, 0x21,
  0x46, 0x21, 0x46, 0x21, 0x46, 0x21, 0x46, 0x21, 0x46, 0x21, 0x46, 0x21, 0x46, 0x21, 0x46, 0x21,
  0x46, 0x21, 0x46, 0x21, 0x46, 0x21, 0x46, 0x21, 0x46, 0x21, 0x46, 0x21, 0x46, 0x21, 0x46, 0x21,
  0x46, 0x21, 0x46, 0x21, 0x46, 0x21, 0x46, 0x21, 0x46, 0x21, 0x46, 0x21, 0x46, 0x21, 0x46, 0x21,
  0x46, 0x21, 0x46, 0x21, 0x46, 0x21, 0x46, 0x21, 0x46, 0x21, 0x46, 0x21, 0x46, 0x21, 0x46, 0x21,
  0x46, 0x21, 0x46, 0x21, 0x46, 0x21, 0x46, 0x21, 0x46, 0x21, 0x46, 0x21, 0x46, 0x21, 0x46, 0x21,
  0x46, 0x21, 0x46, 0x21, 0x46, 0x21, 0x46, 0x21, 0x46, 0x21, 0x46, 0x21, 0x46, 0x21, 0x46, 0x21,
  0x46, 0x21, 0x46, 0x21, 0x46, 0x21, 0x46, 0x21, 0x46, 0x21, 0x46, 0x21, 0x46, 0x21, 0x46, 0x21,
  0x46, 0x21, 0x46, 0x21, 0x46, 0x21, 0x46, 0x21, 0x46, 0x21, 0x46, 0x21, 0x46, 0x21, 0x46, 0x21,
  0x46, 0x21, 0x46, 0x21, 0x46, 0x21, 0x46, 0x21, 0x46, 0x21, 0x46, 0x21, 0x46, 0x21, 0x46, 0x21,
  0x46, 0x21, 0x46, 0x21, 0x46, 0x21, 0x46, 0x21, 0x46, 0x21, 0x46, 0x21, 0x46, 0x21, 0x46, 0x21,
  0x46, 0x21, 0x46, 0x21, 0x66, 0x29, 0x46, 0x21, 0x26, 0x21, 0x25, 0x21, 0x46, 0x21, 0x09, 0x3a,
  0x6b, 0x4a, 0x8c, 0x4a, 0x2a, 0x42, 0x67, 0x29, 0xc4, 0x10, 0xa4, 0x10, 0xa4, 0x10, 0xc5, 0x18,
  0xc4, 0x10, 0xc4, 0x10, 0xc5, 0x18, 0x84, 0x10, 0xc4, 0x10, 0xc5, 0x18, 0xc4, 0x10, 0xc4, 0x10,
  0xc4, 0x10, 0xc4, 0x10, 0x06, 0x19, 0xa8, 0x31, 0xa8, 0x31, 0xa8, 0x31, 0xa8, 0x31, 0xa8, 0x29,
  0xa8, 0x31, 0xa8, 0x31, 0xc9, 0x31, 0xc9, 0x31, 0xa9, 0x31, 0xc9, 0x31, 0xc9, 0x31, 0xc9, 0x31,
  0xa9, 0x29, 0x48, 0x21, 0xc5, 0x10, 0x43, 0x00, 0x01, 0x00, 0x84, 0x08, 0xe5, 0x18, 0x20, 0x00,
  0x21, 0x00, 0x41, 0x00, 0x41, 0x00, 0x41, 0x08, 0x41, 0x08, 0x62, 0x08, 0x62, 0x08, 0x62, 0x08,
  0x41, 0x08, 0x41, 0x00, 0x42, 0x00, 0xc5, 0x10, 0xca, 0x31, 0xad, 0x52, 0xad, 0x52, 0x6b, 0x4a,
  0x67, 0x29, 0x05, 0x19, 0x46, 0x21, 0x46, 0x21, 0x46, 0x21, 0x46, 0x21, 0x46, 0x21, 0x46, 0x21,
  0x46, 0x21, 0x46, 0x21, 0x46, 0x21, 0x46, 0x21, 0x46, 0x21, 0x46, 0x21, 0x46, 0x21, 0x46, 0x21,
  0x46, 0x21, 0x46, 0x21, 0x46, 0x21, 0x46, 0x21, 0x46, 0x21, 0x46, 0x21, 0x46, 0x21, 0x46, 0x21,
  0x46, 0x21, 0x46, 0x21, 0x46, 0x21, 0x46, 0x21, 0x46, 0x21, 0x46, 0x21, 0x46, 0x21, 0x46, 0x21,
  0x46, 0x21, 0x46, 0x21, 0x46, 0x21, 0x46, 0x21, 0x46, 0x21, 0x46, 0x21, 0x46, 0x21, 0x46, 0x21,
  0x46, 0x21, 0x46, 0x21, 0x46, 0x21, 0x46, 0x21, 0x46, 0x21, 0x46, 0x21, 0x46, 0x21, 0x46, 0x21,
  0x46, 0x21, 0x46, 0x21, 0x46, 0x21, 0x46, 0x21, 0x46, 0x21, 0x46, 0x21, 0x46, 0x21, 0x46, 0x21,
  0x46, 0x21, 0x46, 0x21, 0x46, 0x21, 0x46, 0x21, 0x46, 0x21, 0x46, 0x21, 0x46, 0x21, 0x46, 0x21,
  0x46, 0x21, 0x46, 0x21, 0x46, 0x21, 0x46, 0x21, 0x46, 0x21, 0x46, 0x21, 0x46, 0x21, 0x46, 0x21,
  0x46, 0x21, 0x46, 0x21, 0x46, 0x21, 0x46, 0x21, 0x46, 0x21, 0x46, 0x21, 0x46, 0x21, 0x46, 0x21,
  0x46, 0x21, 0x46, 0x21, 0x46, 0x21, 0x46, 0x21, 0x46, 0x21, 0x46, 0x21, 0x46, 0x21, 0x46, 0x21,
  0x46, 0x21, 0x46, 0x21, 0x46, 0x21, 0x46, 0x21, 0x46, 0x21, 0x46, 0x21, 0x46, 0x21, 0x46, 0x21,
  0x46, 0x21, 0x46, 0x21, 0x46, 0x21, 0x46, 0x21, 0x46, 0x21, 0x46, 0x21, 0x46, 0x21, 0x46, 0x21,
  0x46, 0x21, 0x46, 0x21, 0x46, 0x21, 0x46, 0x21, 0x46, 0x21, 0x46, 0x21, 0x46, 0x21, 0x46, 0x21,
  0x46, 0x21, 0x46, 0x21, 0x46, 0x21, 0x46, 0x21, 0x46, 0x21, 0x46, 0x21, 0x46, 0x21, 0x46, 0x21,
  0x46, 0x21, 0x46, 0x21, 0x46, 0x21, 0x46, 0x21, 0x46, 0x21, 0x46, 0x21, 0x46, 0x21, 0x46, 0x21,
  0x46, 0x21, 0x46, 0x21, 0x46, 0x21, 0x46, 0x21, 0x46, 0x21, 0x46, 0x21, 0x46, 0x21, 0x46, 0x21,
  0x46, 0x21, 0x46, 0x21, 0x46, 0x21, 0x46, 0x21, 0x46, 0x21, 0x46, 0x21, 0x46, 0x21, 0x46, 0x21,
  0x46, 0x21, 0x46, 0x21, 0x46, 0x21, 0x46, 0x21, 0x46, 0x21, 0x46, 0x21, 0x46, 0x21, 0x46, 0x21,
  0x46, 0x21, 0x46, 0x21, 0x46, 0x21, 0x46, 0x21, 0x46, 0x21, 0x46, 0x21, 0x46, 0x21, 0x46, 0x21,
  0x46, 0x21, 0x46, 0x21, 0x46, 0x21, 0x26, 0x21, 0x25, 0x21, 0x67, 0x29, 0x6a, 0x4a, 0x4a, 0x42,
  0xac, 0x52, 0x2a, 0x42, 0x47, 0x21, 0xa4, 0x10, 0x83, 0x08, 0xa4, 0x10, 0xe5, 0x18, 0x84, 0x10,
  0xc5, 0x18, 0xc5, 0x18, 0xc5, 0x18, 0xc4, 0x10, 0xc5, 0x10, 0xc5, 0x10, 0x26, 0x19, 0xa8, 0x31,
  0xa8, 0x31, 0xa8, 0x31, 0xa8, 0x29, 0xa8, 0x29, 0xa8, 0x29, 0xc9, 0x31, 0xc9, 0x31, 0xc9, 0x31,
  0xc9, 0x31, 0xa9, 0x29, 0x68, 0x21, 0xe6, 0x10, 0x63, 0x08, 0x02, 0x00, 0x01, 0x00, 0x01, 0x00,
  0x01, 0x00, 0xa4, 0x08, 0x63, 0x08, 0x41, 0x00, 0x61, 0x00, 0x61, 0x00, 0x62, 0x08, 0x42, 0x08,
  0x41, 0x08, 0x41, 0x08, 0x41, 0x08, 0x62, 0x08, 0x63, 0x08, 0x06, 0x19, 0x4c, 0x42, 0xce, 0x52,
  0x8c, 0x4a, 0x09, 0x3a, 0x26, 0x21, 0x05, 0x19, 0x46, 0x21, 0x66, 0x29, 0x46, 0x21, 0x46, 0x21,
  0x46, 0x21, 0x46, 0x21, 0x46, 0x21, 0x46, 0x21, 0x46, 0x21, 0x46, 0x21, 0x46, 0x21, 0x46, 0x21,
  0x46, 0x21, 0x46, 0x21, 0x46, 0x21, 0x46, 0x21, 0x46, 0x21, 0x46, 0x21, 0x46, 0x21, 0x46, 0x21,
  0x46, 0x21, 0x46, 0x21, 0x46, 0x21, 0x46, 0x21, 0x46, 0x21, 0x46, 0x21, 0x46, 0x21, 0x46, 0x21,
  0x46, 0x21, 0x46, 0x21, 0x46, 0x21, 0x46, 0x21, 0x46, 0x21, 0x46, 0x21, 0x46, 0x21, 0x46, 0x21,
  0x46, 0x21, 0x46, 0x21, 0x46, 0x21, 0x46, 0x21, 0x46, 0x21, 0x46, 0x21, 0x46, 0x21, 0x46, 0x21,
  0x46, 0x21, 0x46, 0x21, 0x46, 0x21, 0x46, 0x21, 0x46, 0x21, 0x46, 0x21, 0x46, 0x21, 0x46, 0x21,
  0x46, 0x21, 0x46, 0x21, 0x46, 0x21, 0x46, 0x21, 0x46, 0x21, 0x46, 0x21, 0x46, 0x21, 0x46, 0x21,
  0x46, 0x21, 0x46, 0x21, 0x46, 0x21, 0x46, 0x21, 0x46, 0x21, 0x46, 0x21, 0x46, 0x21, 0x46, 0x21,
  0x46, 0x21, 0x46, 0x21, 0x46, 0x21, 0x46, 0x21, 0x46, 0x21, 0x46, 0x21, 0x46, 0x21, 0x46, 0x21,
  0x46, 0x21, 0x46, 0x21, 0x46, 0x21, 0x46, 0x21, 0x46, 0x21, 0x46, 0x21, 0x46, 0x21, 0x46, 0x21,
  0x46, 0x21, 0x46, 0x21, 0x46, 0x21, 0x46, 0x21, 0x46, 0x21, 0x46, 0x21, 0x46, 0x21, 0x46, 0x21,
  0x46, 0x21, 0x46, 0x21, 0x46, 0x21, 0x46, 0x21, 0x46, 0x21, 0x46, 0x21, 0x46, 0x21, 0x46, 0x21,
  0x46, 0x21, 0x46, 0x21, 0x46, 0x21, 0x46, 0x21, 0x46, 0x21, 0x46, 0x21, 0x46, 0x21, 0x46, 0x21,
  0x46, 0x21, 0x46, 0x21, 0x46, 0x21, 0x46, 0x21, 0x46, 0x21, 0x46, 0x21, 0x46, 0x21, 0x46, 0x21,
  0x46, 0x21, 0x46, 0x21, 0x46, 0x21, 0x46, 0x21, 0x46, 0x21, 0x46, 0x21, 0x46, 0x21, 0x46, 0x21,
  0x46, 0x21, 0x46, 0x21, 0x46, 0x21, 0x46, 0x21, 0x46, 0x21, 0x46, 0x21, 0x46, 0x21, 0x46, 0x21,
  0x46, 0x21, 0x46, 0x21, 0x46, 0x21, 0x46, 0x21, 0x46, 0x21, 0x46, 0x21, 0x46, 0x21, 0x46, 0x21,
  0x46, 0x21, 0x46, 0x21, 0x46, 0x21, 0x46, 0x21, 0x46, 0x21, 0x46, 0x21, 0x46, 0x21, 0x46, 0x21,
  0x46, 0x21, 0x46, 0x21, 0x46, 0x21, 0x46, 0x21, 0x46, 0x21, 0x46, 0x21, 0x46, 0x21, 0x46, 0x21,
  0x46, 0x21, 0x46, 0x21, 0x46, 0x21, 0x46, 0x21, 0x46, 0x21, 0x46, 0x21, 0x46, 0x21, 0x46, 0x21,
  0x46, 0x21, 0x46, 0x21, 0x05, 0x19, 0x26, 0x21, 0x87, 0x29, 0x6a, 0x4a, 0x2a, 0x42, 0x8b, 0x4a,
  0x2a, 0x42, 0x06, 0x19, 0xa5, 0x10, 0x43, 0x08, 0xa4, 0x10, 0xc5, 0x18, 0xe5, 0x18, 0xc5, 0x18,
  0xc5, 0x10, 0xc5, 0x10, 0x26, 0x21, 0xa8, 0x29, 0xa8, 0x29, 0xa8, 0x29, 0xa8, 0x31, 0xa8, 0x29,
  0x88, 0x29, 0x68, 0x29, 0xa9, 0x29, 0x68, 0x21, 0x07, 0x19, 0x84, 0x08, 0x22, 0x00, 0x01, 0x00,
  0x01, 0x00, 0x21, 0x00, 0x21, 0x00, 0x22, 0x00, 0x01, 0x00, 0xa4, 0x08, 0x83, 0x08, 0x41, 0x00,
  0x62, 0x00, 0x62, 0x08, 0x62, 0x08, 0x62, 0x08, 0x62, 0x08, 0x62, 0x08, 0xa4, 0x08, 0x68, 0x21,
  0x8c, 0x42, 0xcd, 0x52, 0x6b, 0x4a, 0xa7, 0x31, 0x05, 0x19, 0x26, 0x21, 0x46, 0x21, 0x66, 0x29,
  0x46, 0x21, 0x46, 0x21, 0x46, 0x21, 0x46, 0x21, 0x46, 0x21, 0x46, 0x21, 0x46, 0x21, 0x46, 0x21,
  0x46, 0x21, 0x46, 0x21, 0x46, 0x21, 0x46, 0x21, 0x46, 0x21, 0x46, 0x21, 0x46, 0x21, 0x46, 0x21,
  0x46, 0x21, 0x46, 0x21, 0x46, 0x21, 0x46, 0x21, 0x46, 0x21, 0x46, 0x21, 0x46, 0x21, 0x46, 0x21,
  0x46, 0x21, 0x46, 0x21, 0x46, 0x21, 0x46, 0x21, 0x46, 0x21, 0x46, 0x21, 0x46, 0x21, 0x46, 0x21,
  0x46, 0x21, 0x46, 0x21, 0x46, 0x21, 0x46, 0x21, 0x46, 0x21, 0x46, 0x21, 0x46, 0x21, 0x46, 0x21,
  0x46, 0x21, 0x46, 0x21, 0x46, 0x21, 0x46, 0x21, 0x46, 0x21, 0x46, 0x21, 0x46, 0x21, 0x46, 0x21,
  0x46, 0x21, 0x46, 0x21, 0x46, 0x21, 0x46, 0x21, 0x46, 0x21, 0x46, 0x21, 0x46, 0x21, 0x46, 0x21,
  0x46, 0x21, 0x46, 0x21, 0x46, 0x21, 0x46, 0x21, 0x46, 0x21, 0x46, 0x21, 0x46, 0x21, 0x46, 0x21,
  0x46, 0x21, 0x46, 0x21, 0x46, 0x21, 0x46, 0x21, 0x46, 0x21, 0x46, 0x21, 0x46, 0x21, 0x46, 0x21,
  0x46, 0x21, 0x46, 0x21, 0x46, 0x21, 0x46, 0x21, 0x46, 0x21, 0x46, 0x21, 0x46, 0x21, 0x46, 0x21,
  0x46, 0x21, 0x46, 0x21, 0x46, 0x21, 0x46, 0x21, 0x46, 0x21, 0x46, 0x21, 0x46, 0x21, 0x46, 0x21,
  0x46, 0x21, 0x46, 0x21, 0x46, 0x21, 0x46, 0x21, 0x46, 0x21, 0x46, 0x21, 0x46, 0x21, 0x46, 0x21,
  0x46, 0x21, 0x46, 0x21, 0x46, 0x21, 0x46, 0x21, 0x46, 0x21, 0x46, 0x21, 0x46, 0x21, 0x46, 0x21,
  0x46, 0x21, 0x46, 0x21, 0x46, 0x21, 0x46, 0x21, 0x46, 0x21, 0x46, 0x21, 0x46, 0x21, 0x46, 0x21,
  0x46, 0x21, 0x46, 0x21, 0x46, 0x21, 0x46, 0x21, 0x46, 0x21, 0x46, 0x21, 0x46, 0x21, 0x46, 0x21,
  0x46, 0x21, 0x46, 0x21, 0x46, 0x21, 0x46, 0x21, 0x46, 0x21, 0x46, 0x21, 0x46, 0x21, 0x46, 0x21,
  0x46, 0x21, 0x46, 0x21, 0x46, 0x21, 0x46, 0x21, 0x46, 0x21, 0x46, 0x21, 0x46, 0x21, 0x46, 0x21,
  0x46, 0x21, 0x46, 0x21, 0x46, 0x21, 0x46, 0x21, 0x46, 0x21, 0x46, 0x21, 0x46, 0x21, 0x46, 0x21,
  0x46, 0x21, 0x46, 0x21, 0x46, 0x21, 0x46, 0x21, 0x46, 0x21, 0x46, 0x21, 0x46, 0x21, 0x46, 0x21,
  0x46, 0x21, 0x46, 0x21, 0x46, 0x21, 0x46, 0x21, 0x46, 0x21, 0x46, 0x21, 0x46, 0x21, 0x46, 0x21,
  0x46, 0x21, 0x46, 0x21, 0x46, 0x21, 0x46, 0x21, 0x46, 0x21, 0x46, 0x21, 0x46, 0x21, 0x46, 0x21,
  0x46, 0x21, 0x05, 0x19, 0x26, 0x21, 0x87, 0x29, 0x4a, 0x4a, 0x09, 0x42, 0x8c, 0x4a, 0x4a, 0x42,
  0x88, 0x29, 0xc5, 0x18, 0x84, 0x08, 0x84, 0x10, 0xc4, 0x10, 0xc5, 0x10, 0x26, 0x21, 0xa8, 0x29,
  0xa8, 0x29, 0x88, 0x29, 0x68, 0x21, 0x88, 0x29, 0x0a, 0x3a, 0x8c, 0x4a, 0x07, 0x19, 0x23, 0x00,
  0x00, 0x00, 0x00, 0x00, 0x01, 0x00, 0x21, 0x00, 0x22, 0x00, 0x22, 0x00, 0x21, 0x00, 0x21, 0x00,
  0x01, 0x00, 0xa4, 0x08, 0x83, 0x08, 0x61, 0x08, 0x62, 0x08, 0x62, 0x08, 0x62, 0x08, 0x83, 0x08,
  0x06, 0x19, 0xca, 0x31, 0xad, 0x4a, 0x4b, 0x42, 0x09, 0x3a, 0x46, 0x21, 0x05, 0x19, 0x26, 0x21,
  0x46, 0x21, 0x46, 0x21, 0x46, 0x21, 0x46, 0x21, 0x46, 0x21, 0x46, 0x21, 0x46, 0x21, 0x46, 0x21,
  0x46, 0x21, 0x46, 0x21, 0x46, 0x21, 0x46, 0x21, 0x46, 0x21, 0x46, 0x21, 0x46, 0x21, 0x46, 0x21,
  0x46, 0x21, 0x46, 0x21, 0x46, 0x21, 0x46, 0x21, 0x46, 0x21, 0x46, 0x21, 0x46, 0x21, 0x46, 0x21,
  0x46, 0x21, 0x46, 0x21, 0x46, 0x21, 0x46, 0x21, 0x46, 0x21, 0x46, 0x21, 0x46, 0x21, 0x46, 0x21,
  0x46, 0x21, 0x46, 0x21, 0x46, 0x21, 0x46, 0x21, 0x46, 0x21, 0x46, 0x21, 0x46, 0x21, 0x46, 0x21,
  0x46, 0x21, 0x46, 0x21, 0x46, 0x21, 0x46, 0x21, 0x46, 0x21, 0x46, 0x21, 0x46, 0x21, 0x46, 0x21,
  0x46, 0x21, 0x46, 0x21, 0x46, 0x21, 0x46, 0x21, 0x46, 0x21, 0x46, 0x21, 0x46, 0x21, 0x46, 0x21,
  0x46, 0x21, 0x46, 0x21, 0x46, 0x21, 0x46, 0x21, 0x46, 0x21, 0x46, 0x21, 0x46, 0x21, 0x46, 0x21,
  0x46, 0x21, 0x46, 0x21, 0x46, 0x21, 0x46, 0x21, 0x46, 0x21, 0x46, 0x21, 0x46, 0x21, 0x46, 0x21,
  0x46, 0x21, 0x46, 0x21, 0x46, 0x21, 0x46, 0x21, 0x46, 0x21, 0x46, 0x21, 0x46, 0x21, 0x46, 0x21,
  0x46, 0x21, 0x46, 0x21, 0x46, 0x21, 0x46, 0x21, 0x46, 0x21, 0x46, 0x21, 0x46, 0x21, 0x46, 0x21,
  0x46, 0x21, 0x46, 0x21, 0x46, 0x21, 0x46, 0x21, 0x46, 0x21, 0x46, 0x21, 0x46, 0x21, 0x46, 0x21,
  0x46, 0x21, 0x46, 0x21, 0x46, 0x21, 0x46, 0x21, 0x46, 0x21, 0x46, 0x21, 0x46, 0x21, 0x46, 0x21,
  0x46, 0x21, 0x46, 0x21, 0x46, 0x21, 0x46, 0x21, 0x46, 0x21, 0x46, 0x21, 0x46, 0x21, 0x46, 0x21,
  0x46, 0x21, 0x46, 0x21, 0x46, 0x21, 0x46, 0x21, 0x46, 0x21, 0x46, 0x21, 0x46, 0x21, 0x46, 0x21,
  0x46, 0x21, 0x46, 0x21, 0x46, 0x21, 0x46, 0x21, 0x46, 0x21, 0x46, 0x21, 0x46, 0x21, 0x46, 0x21,
  0x46, 0x21, 0x46, 0x21, 0x46, 0x21, 0x46, 0x21, 0x46, 0x21, 0x46, 0x21, 0x46, 0x21, 0x46, 0x21,
  0x46, 0x21, 0x46, 0x21, 0x46, 0x21, 0x46, 0x21, 0x46, 0x21, 0x46, 0x21, 0x46, 0x21, 0x46, 0x21,
  0x46, 0x21, 0x46, 0x21, 0x46, 0x21, 0x46, 0x21, 0x46, 0x21, 0x46, 0x21, 0x46, 0x21, 0x46, 0x21,
  0x46, 0x21, 0x46, 0x21, 0x46, 0x21, 0x46, 0x21, 0x46, 0x21, 0x46, 0x21, 0x46, 0x21, 0x46, 0x21,
  0x46, 0x21, 0x46, 0x21, 0x46, 0x21, 0x46, 0x21, 0x46, 0x21, 0x46, 0x21, 0x46, 0x21, 0x46, 0x21,
  0x46, 0x21, 0x46, 0x21, 0x46, 0x21, 0x46, 0x21, 0x46, 0x21, 0x66, 0x29, 0x46, 0x21, 0x46, 0x21,
  0x05, 0x19, 0x46, 0x21, 0x46, 0x21, 0xa8, 0x31, 0x6b, 0x4a, 0xac, 0x52, 0x8b, 0x4a, 0x88, 0x29,
  0xc5, 0x10, 0x84, 0x08, 0xe6, 0x18, 0x68, 0x21, 0x88, 0x29, 0xca, 0x31, 0xad, 0x52, 0xed, 0x52,
  0xac, 0x52, 0xe9, 0x39, 0x4a, 0x42, 0x6b, 0x4a, 0x09, 0x3a, 0x46, 0x29, 0x22, 0x00, 0x21, 0x00,
  0x00, 0x00, 0x01, 0x00, 0x01, 0x00, 0x22, 0x00, 0x21, 0x00, 0xa4, 0x10, 0xa3, 0x10, 0x62, 0x08,
  0x82, 0x08, 0xc5, 0x10, 0x68, 0x29, 0x6c, 0x42, 0x8c, 0x4a, 0x8b, 0x4a, 0xc8, 0x31, 0x26, 0x21,
  0x25, 0x21, 0x46, 0x21, 0x46, 0x21, 0x46, 0x21, 0x46, 0x21, 0x46, 0x21, 0x46, 0x21, 0x46, 0x21,
  0x46, 0x21, 0x46, 0x21, 0x46, 0x21, 0x46, 0x21, 0x46, 0x21, 0x46, 0x21, 0x46, 0x21, 0x46, 0x21,
  0x46, 0x21, 0x46, 0x21, 0x46, 0x21, 0x46, 0x21, 0x46, 0x21, 0x46, 0x21, 0x46, 0x21, 0x46, 0x21,
  0x46, 0x21, 0x46, 0x21, 0x46, 0x21, 0x46, 0x21, 0x46, 0x21, 0x46, 0x21, 0x46, 0x21, 0x46, 0x21,
  0x46, 0x21, 0x46, 0x21, 0x46, 0x21, 0x46, 0x21, 0x46, 0x21, 0x46, 0x21, 0x46, 0x21, 0x46, 0x21,
  0x46, 0x21, 0x46, 0x21, 0x46, 0x21, 0x46, 0x21, 0x46, 0x21, 0x46, 0x21, 0x46, 0x21, 0x46, 0x21,
  0x46, 0x21, 0x46, 0x21, 0x46, 0x21, 0x46, 0x21, 0x46, 0x21, 0x46, 0x21, 0x46, 0x21, 0x46, 0x21,
  0x46, 0x21, 0x46, 0x21, 0x46, 0x21, 0x46, 0x21, 0x46, 0x21, 0x46, 0x21, 0x46, 0x21, 0x46, 0x21,
  0x46, 0x21, 0x46, 0x21, 0x46, 0x21, 0x46, 0x21, 0x46, 0x21, 0x46, 0x21, 0x46, 0x21, 0x46, 0x21,
  0x46, 0x21, 0x46, 0x21, 0x46, 0x21, 0x46, 0x21, 0x46, 0x21, 0x46, 0x21, 0x46, 0x21, 0x46, 0x21,
  0x46, 0x21, 0x46, 0x21, 0x46, 0x21, 0x46, 0x21, 0x46, 0x21, 0x46, 0x21, 0x46, 0x21, 0x46, 0x21,
  0x46, 0x21, 0x46, 0x21, 0x46, 0x21, 0x46, 0x21, 0x46, 0x21, 0x46, 0x21, 0x46, 0x21, 0x46, 0x21,
  0x46, 0x21, 0x46, 0x21, 0x46, 0x21, 0x46, 0x21, 0x46, 0x21, 0x46, 0x21, 0x46, 0x21, 0x46, 0x21,
  0x46, 0x21, 0x46, 0x21, 0x46, 0x21, 0x46, 0x21, 0x46, 0x21, 0x46, 0x21, 0x46, 0x21, 0x46, 0x21,
  0x46, 0x21, 0x46, 0x21, 0x46, 0x21, 0x46, 0x21, 0x46, 0x21, 0x46, 0x21, 0x46, 0x21, 0x46, 0x21,
  0x46, 0x21, 0x46, 0x21, 0x46, 0x21, 0x46, 0x21, 0x46, 0x21, 0x46, 0x21, 0x46, 0x21, 0x46, 0x21,
  0x46, 0x21, 0x46, 0x21, 0x46, 0x21, 0x46, 0x21, 0x46, 0x21, 0x46, 0x21, 0x46, 0x21, 0x46, 0x21,
  0x46, 0x21, 0x46, 0x21, 0x46, 0x21, 0x46, 0x21, 0x46, 0x21, 0x46, 0x21, 0x46, 0x21, 0x46, 0x21,
  0x46, 0x21, 0x46, 0x21, 0x46, 0x21, 0x46, 0x21, 0x46, 0x21, 0x46, 0x21, 0x46, 0x21, 0x46, 0x21,
  0x46, 0x21, 0x46, 0x21, 0x46, 0x21, 0x46, 0x21, 0x46, 0x21, 0x46, 0x21, 0x46, 0x21, 0x46, 0x21,
  0x46, 0x21, 0x46, 0x21, 0x46, 0x21, 0x46, 0x21, 0x46, 0x21, 0x46, 0x21, 0x46, 0x21, 0x46, 0x21,
  0x46, 0x21, 0x46, 0x21, 0x46, 0x21, 0x46, 0x21, 0x46, 0x21, 0x46, 0x21, 0x46, 0x21, 0x46, 0x21,
  0x46, 0x21, 0x46, 0x21, 0x46, 0x21, 0x46, 0x21, 0x46, 0x21, 0x46, 0x21, 0x46, 0x21, 0x26, 0x21,
  0x26, 0x21, 0x46, 0x21, 0x29, 0x42, 0x09, 0x3a, 0x8c, 0x4a, 0x0a, 0x3a, 0xa9, 0x31, 0x2b, 0x42,
  0xad, 0x4a, 0xac, 0x52, 0x09, 0x42, 0x87, 0x29, 0x25, 0x21, 0x25, 0x19, 0x46, 0x21, 0x46, 0x21,
  0x2a, 0x42, 0x09, 0x3a, 0xac, 0x52, 0xe9, 0x39, 0xe9, 0x39, 0xc4, 0x10, 0x42, 0x00, 0x01, 0x00,
  0x00, 0x00, 0x84, 0x08, 0xc5, 0x10, 0x06, 0x19, 0xea, 0x31, 0xad, 0x4a, 0x6b, 0x42, 0xe9, 0x39,
  0x66, 0x29, 0x25, 0x21, 0x26, 0x21, 0x46, 0x21, 0x46, 0x21, 0x46, 0x21, 0x46, 0x21, 0x46, 0x21,
  0x46, 0x21, 0x46, 0x21, 0x46, 0x21, 0x46, 0x21, 0x46, 0x21, 0x46, 0x21, 0x46, 0x21, 0x46, 0x21,
  0x46, 0x21, 0x46, 0x21, 0x46, 0x21, 0x46, 0x21, 0x46, 0x21, 0x46, 0x21, 0x46, 0x21, 0x46, 0x21,
  0x46, 0x21, 0x46, 0x21, 0x46, 0x21, 0x46, 0x21, 0x46, 0x21, 0x46, 0x21, 0x46, 0x21, 0x46, 0x21,
  0x46, 0x21, 0x46, 0x21, 0x46, 0x21, 0x46, 0x21, 0x46, 0x21, 0x46, 0x21, 0x46, 0x21, 0x46, 0x21,
  0x46, 0x21, 0x46, 0x21, 0x46, 0x21, 0x46, 0x21, 0x46, 0x21, 0x46, 0x21, 0x46, 0x21, 0x46, 0x21,
  0x46, 0x21, 0x46, 0x21, 0x46, 0x21, 0x46, 0x21, 0x46, 0x21, 0x46, 0x21, 0x46, 0x21, 0x46, 0x21,
  0x46, 0x21, 0x46, 0x21, 0x46, 0x21, 0x46, 0x21, 0x46, 0x21, 0x46, 0x21, 0x46, 0x21, 0x46, 0x21,
  0x46, 0x21, 0x46, 0x21, 0x46, 0x21, 0x46, 0x21, 0x46, 0x21, 0x46, 0x21, 0x46, 0x21, 0x46, 0x21,
  0x46, 0x21, 0x46, 0x21, 0x46, 0x21, 0x46, 0x21, 0x46, 0x21, 0x46, 0x21, 0x46, 0x21, 0x46, 0x21,
  0x46, 0x21, 0x46, 0x21, 0x46, 0x21, 0x46, 0x21, 0x46, 0x21, 0x46, 0x21, 0x46, 0x21, 0x46, 0x21,
  0x46, 0x21, 0x46, 0x21, 0x46, 0x21, 0x46, 0x21, 0x46, 0x21, 0x46, 0x21, 0x46, 0x21, 0x46, 0x21,
  0x46, 0x21, 0x46, 0x21, 0x46, 0x21, 0x46, 0x21, 0x46, 0x21, 0x46, 0x21, 0x46, 0x21, 0x46, 0x21,
  0x46, 0x21, 0x46, 0x21, 0x46, 0x21, 0x46, 0x21, 0x46, 0x21, 0x46, 0x21, 0x46, 0x21, 0x46, 0x21,
  0x46, 0x21, 0x46, 0x21, 0x46, 0x21, 0x46, 0x21, 0x46, 0x21, 0x46, 0x21, 0x46, 0x21, 0x46, 0x21,
  0x46, 0x21, 0x46, 0x21, 0x46, 0x21, 0x46, 0x21, 0x46, 0x21, 0x46, 0x21, 0x46, 0x21, 0x46, 0x21,
  0x46, 0x21, 0x46, 0x21, 0x46, 0x21, 0x46, 0x21, 0x46, 0x21, 0x46, 0x21, 0x46, 0x21, 0x46, 0x21,
  0x46, 0x21, 0x46, 0x21, 0x46, 0x21, 0x46, 0x21, 0x46, 0x21, 0x46, 0x21, 0x46, 0x21, 0x46, 0x21,
  0x46, 0x21, 0x46, 0x21, 0x46, 0x21, 0x46, 0x21, 0x46, 0x21, 0x46, 0x21, 0x46, 0x21, 0x46, 0x21,
  0x46, 0x21, 0x46, 0x21, 0x46, 0x21, 0x46, 0x21, 0x46, 0x21, 0x46, 0x21, 0x46, 0x21, 0x46, 0x21,
  0x46, 0x21, 0x46, 0x21, 0x46, 0x21, 0x46, 0x21, 0x46, 0x21, 0x46, 0x21, 0x46, 0x21, 0x46, 0x21,
  0x46, 0x21, 0x46, 0x21, 0x46, 0x21, 0x46, 0x21, 0x46, 0x21, 0x46, 0x21, 0x46, 0x21, 0x46, 0x21,
  0x46, 0x21, 0x46, 0x21, 0x46, 0x21, 0x46, 0x21, 0x46, 0x21, 0x46, 0x21, 0x46, 0x21, 0x46, 0x21,
  0x46, 0x21, 0x46, 0x21, 0x46, 0x21, 0x46, 0x21, 0x46, 0x21, 0x46, 0x21, 0x25, 0x21, 0x26, 0x21,
  0x26, 0x21, 0xc8, 0x31, 0xc8, 0x31, 0xc8, 0x31, 0xa7, 0x31, 0x25, 0x21, 0x25, 0x21, 0x46, 0x21,
  0x46, 0x21, 0x46, 0x21, 0x46, 0x21, 0x46, 0x21, 0x05, 0x19, 0x26, 0x21, 0x46, 0x21, 0x66, 0x29,
  0x09, 0x3a, 0x6a, 0x4a, 0xac, 0x52, 0x09, 0x42, 0x87, 0x31, 0x05, 0x19, 0x4b, 0x42, 0x8c, 0x4a,
  0x4a, 0x42, 0xa7, 0x31, 0x26, 0x21, 0x26, 0x21, 0x46, 0x21, 0x46, 0x21, 0x46, 0x21, 0x46, 0x21,
  0x46, 0x21, 0x46, 0x21, 0x46, 0x21, 0x46, 0x21, 0x46, 0x21, 0x46, 0x21, 0x46, 0x21, 0x46, 0x21,
  0x46, 0x21, 0x46, 0x21, 0x46, 0x21, 0x46, 0x21, 0x46, 0x21, 0x46, 0x21, 0x46, 0x21, 0x46, 0x21,
  0x46, 0x21, 0x46, 0x21, 0x46, 0x21, 0x46, 0x21, 0x46, 0x21, 0x46, 0x21, 0x46, 0x21, 0x46, 0x21,
  0x46, 0x21, 0x46, 0x21, 0x46, 0x21, 0x46, 0x21, 0x46, 0x21, 0x46, 0x21, 0x46, 0x21, 0x46, 0x21,
  0x46, 0x21, 0x46, 0x21, 0x46, 0x21, 0x46, 0x21, 0x46, 0x21, 0x46, 0x21, 0x46, 0x21, 0x46, 0x21,
  0x46, 0x21, 0x46, 0x21, 0x46, 0x21, 0x46, 0x21, 0x46, 0x21, 0x46, 0x21, 0x46, 0x21, 0x46, 0x21,
  0x46, 0x21, 0x46, 0x21, 0x46, 0x21, 0x46, 0x21, 0x46, 0x21, 0x46, 0x21, 0x46, 0x21, 0x46, 0x21,
  0x46, 0x21, 0x46, 0x21, 0x46, 0x21, 0x46, 0x21, 0x46, 0x21, 0x46, 0x21, 0x46, 0x21, 0x46, 0x21,
  0x46, 0x21, 0x46, 0x21, 0x46, 0x21, 0x46, 0x21, 0x46, 0x21, 0x46, 0x21, 0x46, 0x21, 0x46, 0x21,
  0x46, 0x21, 0x46, 0x21, 0x46, 0x21, 0x46, 0x21, 0x46, 0x21, 0x46, 0x21, 0x46, 0x21, 0x46, 0x21,
  0x46, 0x21, 0x46, 0x21, 0x46, 0x21, 0x46, 0x21, 0x46, 0x21, 0x46, 0x21, 0x46, 0x21, 0x46, 0x21,
  0x46, 0x21, 0x46, 0x21, 0x46, 0x21, 0x46, 0x21, 0x46, 0x21, 0x46, 0x21, 0x46, 0x21, 0x46, 0x21,
  0x46, 0x21, 0x46, 0x21, 0x46, 0x21, 0x46, 0x21, 0x46, 0x21, 0x46, 0x21, 0x46, 0x21, 0x46, 0x21,
  0x46, 0x21, 0x46, 0x21, 0x46, 0x21, 0x46, 0x21, 0x46, 0x21, 0x46, 0x21, 0x46, 0x21, 0x46, 0x21,
  0x46, 0x21, 0x46, 0x21, 0x46, 0x21, 0x46, 0x21, 0x46, 0x21, 0x46, 0x21, 0x46, 0x21, 0x46, 0x21,
  0x46, 0x21, 0x46, 0x21, 0x46, 0x21, 0x46, 0x21, 0x46, 0x21, 0x46, 0x21, 0x46, 0x21, 0x46, 0x21,
  0x46, 0x21, 0x46, 0x21, 0x46, 0x21, 0x46, 0x21, 0x46, 0x21, 0x46, 0x21, 0x46, 0x21, 0x46, 0x21,
  0x46, 0x21, 0x46, 0x21, 0x46, 0x21, 0x46, 0x21, 0x46, 0x21, 0x46, 0x21, 0x46, 0x21, 0x46, 0x21,
  0x46, 0x21, 0x46, 0x21, 0x46, 0x21, 0x46, 0x21, 0x46, 0x21, 0x46, 0x21, 0x46, 0x21, 0x46, 0x21,
  0x46, 0x21, 0x46, 0x21, 0x46, 0x21, 0x46, 0x21, 0x46, 0x21, 0x46, 0x21, 0x46, 0x21, 0x46, 0x21,
  0x46, 0x21, 0x46, 0x21, 0x46, 0x21, 0x46, 0x21, 0x46, 0x21, 0x46, 0x21, 0x46, 0x21, 0x46, 0x21,
  0x46, 0x21, 0x46, 0x21, 0x46, 0x21, 0x46, 0x21, 0x46, 0x21, 0x46, 0x21, 0x46, 0x21, 0x46, 0x21,
  0x46, 0x21, 0x46, 0x21, 0x46, 0x21, 0x46, 0x21, 0x46, 0x21, 0x46, 0x21, 0x46, 0x21, 0x46, 0x21,
  0x46, 0x21, 0x46, 0x21, 0x46, 0x21, 0x46, 0x21, 0x46, 0x21, 0x26, 0x21, 0x26, 0x21, 0x26, 0x21,
  0x46, 0x21, 0x46, 0x21, 0x46, 0x21, 0x46, 0x21, 0x46, 0x21, 0x46, 0x21, 0x46, 0x21, 0x46, 0x21,
  0x46, 0x21, 0x46, 0x21, 0x46, 0x21, 0x46, 0x21, 0x05, 0x19, 0x26, 0x21, 0x26, 0x21, 0xc8, 0x31,
  0x09, 0x3a, 0xe9, 0x39, 0xe8, 0x39, 0x26, 0x21, 0x26, 0x21, 0x26, 0x21, 0x46, 0x21, 0x46, 0x21,
  0x46, 0x21, 0x46, 0x21, 0x46, 0x21, 0x46, 0x21, 0x46, 0x21, 0x46, 0x21, 0x46, 0x21, 0x46, 0x21,
  0x46, 0x21, 0x46, 0x21, 0x46, 0x21, 0x46, 0x21, 0x46, 0x21, 0x46, 0x21, 0x46, 0x21, 0x46, 0x21,
  0x46, 0x21, 0x46, 0x21, 0x46, 0x21, 0x46, 0x21, 0x46, 0x21, 0x46, 0x21, 0x46, 0x21, 0x46, 0x21,
  0x46, 0x21, 0x46, 0x21, 0x46, 0x21, 0x46, 0x21, 0x46, 0x21, 0x46, 0x21, 0x46, 0x21, 0x46, 0x21,
  0x46, 0x21, 0x46, 0x21, 0x46, 0x21, 0x46, 0x21, 0x46, 0x21, 0x46, 0x21, 0x46, 0x21, 0x46, 0x21,
  0x46, 0x21, 0x46, 0x21, 0x46, 0x21, 0x46, 0x21, 0x46, 0x21, 0x46, 0x21, 0x46, 0x21, 0x46, 0x21,
  0x46, 0x21, 0x46, 0x21, 0x46, 0x21, 0x46, 0x21, 0x46, 0x21, 0x46, 0x21, 0x46, 0x21, 0x46, 0x21,
  0x46, 0x21, 0x46, 0x21, 0x46, 0x21, 0x46, 0x21, 0x46, 0x21, 0x46, 0x21, 0x46, 0x21, 0x46, 0x21,
  0x46, 0x21, 0x46, 0x21, 0x46, 0x21, 0x46, 0x21, 0x46, 0x21, 0x46, 0x21, 0x46, 0x21, 0x46, 0x21,
  0x46, 0x21, 0x46, 0x21, 0x46, 0x21, 0x46, 0x21, 0x46, 0x21, 0x46, 0x21, 0x46, 0x21, 0x46, 0x21,
  0x46, 0x21, 0x46, 0x21, 0x46, 0x21, 0x46, 0x21, 0x46, 0x21, 0x46, 0x21, 0x46, 0x21, 0x46, 0x21,
  0x46, 0x21, 0x46, 0x21, 0x46, 0x21, 0x46, 0x21, 0x46, 0x21, 0x46, 0x21, 0x46, 0x21, 0x46, 0x21,
  0x46, 0x21, 0x46, 0x21, 0x46, 0x21, 0x46, 0x21, 0x46, 0x21, 0x46, 0x21, 0x46, 0x21, 0x46, 0x21,
  0x46, 0x21, 0x46, 0x21, 0x46, 0x21, 0x46, 0x21, 0x46, 0x21, 0x46, 0x21, 0x46, 0x21, 0x46, 0x21,
  0x46, 0x21, 0x46, 0x21, 0x46, 0x21, 0x46, 0x21, 0x46, 0x21, 0x46, 0x21, 0x46, 0x21, 0x46, 0x21,
  0x46, 0x21, 0x46, 0x21, 0x46, 0x21, 0x46, 0x21, 0x46, 0x21, 0x46, 0x21, 0x46, 0x21, 0x46, 0x21,
  0x46, 0x21, 0x46, 0x21, 0x46, 0x21, 0x46, 0x21, 0x46, 0x21, 0x46, 0x21, 0x46, 0x21, 0x46, 0x21,
  0x46, 0x21, 0x46, 0x21, 0x46, 0x21, 0x46, 0x21, 0x46, 0x21, 0x46, 0x21, 0x46, 0x21, 0x46, 0x21,
  0x46, 0x21, 0x46, 0x21, 0x46, 0x21, 0x46, 0x21, 0x46, 0x21, 0x46, 0x21, 0x46, 0x21, 0x46, 0x21,
  0x46, 0x21, 0x46, 0x21, 0x46, 0x21, 0x46, 0x21, 0x46, 0x21, 0x46, 0x21, 0x46, 0x21, 0x46, 0x21,
  0x46, 0x21, 0x46, 0x21, 0x46, 0x21, 0x46, 0x21, 0x46, 0x21, 0x46, 0x21, 0x46, 0x21, 0x46, 0x21,
  0x46, 0x21, 0x46, 0x21, 0x46, 0x21, 0x46, 0x21, 0x46, 0x21, 0x46, 0x21, 0x46, 0x21, 0x46, 0x21,
  0x46, 0x21, 0x46, 0x21, 0x46, 0x21, 0x46, 0x21, 0x46, 0x21, 0x46, 0x21, 0x46, 0x21, 0x46, 0x21,
  0x46, 0x21, 0x46, 0x21, 0x46, 0x21, 0x46, 0x21, 0x46, 0x21, 0x46, 0x21, 0x46, 0x21, 0x46, 0x21,
  0x46, 0x21, 0x46, 0x21, 0x46, 0x21, 0x46, 0x21, 0x46, 0x21, 0x46, 0x21, 0x46, 0x21, 0x46, 0x21,
  0x46, 0x21, 0x46, 0x21, 0x46, 0x21, 0x46, 0x21, 0x46, 0x21, 0x46, 0x21, 0x46, 0x21, 0x46, 0x21,
  0x46, 0x21, 0x46, 0x21, 0x46, 0x21, 0x26, 0x21, 0x26, 0x21, 0x46, 0x21, 0x26, 0x21, 0x46, 0x21,
  0x46, 0x21, 0x46, 0x21, 0x46, 0x21, 0x46, 0x21, 0x46, 0x21, 0x46, 0x21, 0x46, 0x21, 0x46, 0x21,
  0x46, 0x21, 0x46, 0x21, 0x46, 0x21, 0x46, 0x21, 0x46, 0x21, 0x46, 0x21, 0x46, 0x21, 0x46, 0x21,
  0x46, 0x21, 0x46, 0x21, 0x46, 0x21, 0x46, 0x21, 0x46, 0x21, 0x46, 0x21, 0x46, 0x21, 0x46, 0x21,
  0x46, 0x21, 0x46, 0x21, 0x46, 0x21, 0x46, 0x21, 0x46, 0x21, 0x46, 0x21, 0x46, 0x21, 0x46, 0x21,
  0x46, 0x21, 0x46, 0x21, 0x46, 0x21, 0x46, 0x21, 0x46, 0x21, 0x46, 0x21, 0x46, 0x21, 0x46, 0x21,
  0x46, 0x21, 0x46, 0x21, 0x46, 0x21, 0x46, 0x21, 0x46, 0x21, 0x46, 0x21, 0x46, 0x21, 0x46, 0x21,
  0x46, 0x21, 0x46, 0x21, 0x46, 0x21, 0x46, 0x21, 0x46, 0x21, 0x46, 0x21, 0x46, 0x21, 0x46, 0x21,
  0x46, 0x21, 0x46, 0x21, 0x46, 0x21, 0x46, 0x21, 0x46, 0x21, 0x46, 0x21, 0x46, 0x21, 0x46, 0x21,
  0x46, 0x21, 0x46, 0x21, 0x46, 0x21, 0x46, 0x21, 0x46, 0x21, 0x46, 0x21, 0x46, 0x21, 0x46, 0x21,
  0x46, 0x21, 0x46, 0x21, 0x46, 0x21, 0x46, 0x21, 0x46, 0x21, 0x46, 0x21, 0x46, 0x21, 0x46, 0x21,
  0x46, 0x21, 0x46, 0x21, 0x46, 0x21, 0x46, 0x21, 0x46, 0x21, 0x46, 0x21, 0x46, 0x21, 0x46, 0x21,
  0x46, 0x21, 0x46, 0x21, 0x46, 0x21, 0x46, 0x21, 0x46, 0x21, 0x46, 0x21, 0x46, 0x21, 0x46, 0x21,
  0x46, 0x21, 0x46, 0x21, 0x46, 0x21, 0x46, 0x21, 0x46, 0x21, 0x46, 0x21, 0x46, 0x21, 0x46, 0x21,
  0x46, 0x21, 0x46, 0x21, 0x46, 0x21, 0x46, 0x21, 0x46, 0x21, 0x46, 0x21, 0x46, 0x21, 0x46, 0x21,
  0x46, 0x21, 0x46, 0x21, 0x46, 0x21, 0x46, 0x21, 0x46, 0x21, 0x46, 0x21, 0x46, 0x21, 0x46, 0x21,
  0x46, 0x21, 0x46, 0x21, 0x46, 0x21, 0x46, 0x21, 0x46, 0x21, 0x46, 0x21, 0x46, 0x21, 0x46, 0x21,
  0x46, 0x21, 0x46, 0x21, 0x46, 0x21, 0x46, 0x21, 0x46, 0x21, 0x46, 0x21, 0x46, 0x21, 0x46, 0x21,
  0x46, 0x21, 0x46, 0x21, 0x46, 0x21, 0x46, 0x21, 0x46, 0x21, 0x46, 0x21, 0x46, 0x21, 0x46, 0x21,
  0x46, 0x21, 0x46, 0x21, 0x46, 0x21, 0x46, 0x21, 0x46, 0x21, 0x46, 0x21, 0x46, 0x21, 0x46, 0x21,
  0x46, 0x21, 0x46, 0x21, 0x46, 0x21, 0x46, 0x21, 0x46, 0x21, 0x46, 0x21, 0x46, 0x21, 0x46, 0x21,
  0x46, 0x21, 0x46, 0x21, 0x46, 0x21, 0x46, 0x21, 0x46, 0x21, 0x46, 0x21, 0x46, 0x21, 0x46, 0x21,
  0x46, 0x21, 0x46, 0x21, 0x46, 0x21, 0x46, 0x21, 0x46, 0x21, 0x46, 0x21, 0x46, 0x21, 0x46, 0x21,
  0x46, 0x21, 0x46, 0x21, 0x46, 0x21, 0x46, 0x21, 0x46, 0x21, 0x46, 0x21, 0x46, 0x21, 0x46, 0x21,
  0x46, 0x21, 0x46, 0x21, 0x46, 0x21, 0x46, 0x21, 0x46, 0x21, 0x46, 0x21, 0x46, 0x21, 0x46, 0x21,
  0x46, 0x21, 0x46, 0x21, 0x46, 0x21, 0x46, 0x21, 0x46, 0x21, 0x46, 0x21, 0x46, 0x21, 0x46, 0x21,
  0x46, 0x21, 0x46, 0x21, 0x46, 0x21, 0x46, 0x21, 0x46, 0x21, 0x46, 0x21, 0x46, 0x21, 0x46, 0x21,
  0x46, 0x21, 0x46, 0x21, 0x46, 0x21, 0x46, 0x21, 0x46, 0x21, 0x46, 0x21, 0x46, 0x21, 0x46, 0x21,
  0x46, 0x21, 0x46, 0x21, 0x46, 0x21, 0x46, 0x21, 0x46, 0x21, 0x46, 0x21, 0x46, 0x21, 0x46, 0x21,
  0x46, 0x21, 0x46, 0x21, 0x46, 0x21, 0x46, 0x21, 0x46, 0x21, 0x46, 0x21, 0x46, 0x21, 0x46, 0x21,
  0x46, 0x21, 0x46, 0x21, 0x46, 0x21, 0x46, 0x21, 0x46, 0x21, 0x46, 0x21, 0x46, 0x21, 0x46, 0x21,
  0x46, 0x21, 0x46, 0x21, 0x46, 0x21, 0x46, 0x21, 0x46, 0x21, 0x46, 0x21, 0x46, 0x21, 0x46, 0x21,
  0x46, 0x21, 0x46, 0x21, 0x46, 0x21, 0x46, 0x21, 0x46, 0x21, 0x46, 0x21, 0x46, 0x21, 0x46, 0x21,
  0x46, 0x21, 0x46, 0x21, 0x46, 0x21, 0x46, 0x21, 0x46, 0x21, 0x46, 0x21, 0x46, 0x21, 0x46, 0x21,
  0x46, 0x21, 0x46, 0x21, 0x46, 0x21, 0x46, 0x21, 0x46, 0x21, 0x46, 0x21, 0x46, 0x21, 0x46, 0x21,
  0x46, 0x21, 0x46, 0x21, 0x46, 0x21, 0x46, 0x21, 0x46, 0x21, 0x46, 0x21, 0x46, 0x21, 0x46, 0x21,
  0x46, 0x21, 0x46, 0x21, 0x46, 0x21, 0x46, 0x21, 0x46, 0x21, 0x46, 0x21, 0x46, 0x21, 0x46, 0x21,
  0x46, 0x21, 0x46, 0x21, 0x46, 0x21, 0x46, 0x21, 0x46, 0x21, 0x46, 0x21, 0x46, 0x21, 0x46, 0x21,
  0x46, 0x21, 0x46, 0x21, 0x46, 0x21, 0x46, 0x21, 0x46, 0x21, 0x46, 0x21, 0x46, 0x21, 0x46, 0x21,
  0x46, 0x21, 0x46, 0x21, 0x46, 0x21, 0x46, 0x21, 0x46, 0x21, 0x46, 0x21, 0x46, 0x21, 0x46, 0x21,
  0x46, 0x21, 0x46, 0x21, 0x46, 0x21, 0x46, 0x21, 0x46, 0x21, 0x46, 0x21, 0x46, 0x21, 0x46, 0x21,
  0x46, 0x21, 0x46, 0x21, 0x46, 0x21, 0x46, 0x21, 0x46, 0x21, 0x46, 0x21, 0x46, 0x21, 0x46, 0x21,
  0x46, 0x21, 0x46, 0x21, 0x46, 0x21, 0x46, 0x21, 0x46, 0x21, 0x46, 0x21, 0x46, 0x21, 0x46, 0x21,
  0x46, 0x21, 0x46, 0x21, 0x46, 0x21, 0x46, 0x21, 0x46, 0x21, 0x46, 0x21, 0x46, 0x21, 0x46, 0x21,
  0x46, 0x21, 0x46, 0x21, 0x46, 0x21, 0x46, 0x21, 0x46, 0x21, 0x46, 0x21, 0x46, 0x21, 0x46, 0x21,
  0x46, 0x21, 0x46, 0x21, 0x46, 0x21, 0x46, 0x21, 0x46, 0x21, 0x46, 0x21, 0x46, 0x21, 0x46, 0x21,
  0x46, 0x21, 0x46, 0x21, 0x46, 0x21, 0x46, 0x21, 0x46, 0x21, 0x46, 0x21, 0x46, 0x21, 0x46, 0x21,
  0x46, 0x21, 0x46, 0x21, 0x46, 0x21, 0x46, 0x21, 0x46, 0x21, 0x46, 0x21, 0x46, 0x21, 0x46, 0x21,
  0x46, 0x21, 0x46, 0x21, 0x46, 0x21, 0x46, 0x21, 0x46, 0x21, 0x46, 0x21, 0x46, 0x21, 0x46, 0x21,
  0x46, 0x21, 0x46, 0x21, 0x46, 0x21, 0x46, 0x21, 0x46, 0x21, 0x46, 0x21, 0x46, 0x21, 0x46, 0x21,
  0x46, 0x21, 0x46, 0x21, 0x46, 0x21, 0x46, 0x21, 0x46, 0x21, 0x46, 0x21, 0x46, 0x21, 0x46, 0x21,
  0x46, 0x21, 0x46, 0x21, 0x46, 0x21, 0x46, 0x21, 0x46, 0x21, 0x46, 0x21, 0x46, 0x21, 0x46, 0x21,
  0x46, 0x21, 0x46, 0x21, 0x46, 0x21, 0x46, 0x21, 0x46, 0x21, 0x46, 0x21, 0x46, 0x21, 0x46, 0x21,
  0x46, 0x21, 0x46, 0x21, 0x46, 0x21, 0x46, 0x21, 0x46, 0x21, 0x46, 0x21, 0x46, 0x21, 0x46, 0x21,
  0x46, 0x21, 0x46, 0x21, 0x46, 0x21, 0x46, 0x21, 0x46, 0x21, 0x46, 0x21, 0x46, 0x21, 0x46, 0x21,
  0x46, 0x21, 0x46, 0x21, 0x46, 0x21, 0x46, 0x21, 0x46, 0x21, 0x46, 0x21, 0x46, 0x21, 0x46, 0x21,
  0x46, 0x21, 0x46, 0x21, 0x46, 0x21, 0x46, 0x21, 0x46, 0x21, 0x46, 0x21, 0x46, 0x21, 0x46, 0x21,
  0x46, 0x21, 0x46, 0x21, 0x46, 0x21, 0x46, 0x21, 0x46, 0x21, 0x46, 0x21, 0x46, 0x21, 0x46, 0x21,
  0x46, 0x21, 0x46, 0x21, 0x46, 0x21, 0x46, 0x21, 0x46, 0x21, 0x46, 0x21, 0x46, 0x21, 0x46, 0x21,
  0x46, 0x21, 0x46, 0x21, 0x46, 0x21, 0x46, 0x21, 0x46, 0x21, 0x46, 0x21, 0x46, 0x21, 0x46, 0x21,
  0x46, 0x21, 0x46, 0x21, 0x46, 0x21, 0x46, 0x21, 0x46, 0x21, 0x46, 0x21, 0x46, 0x21, 0x46, 0x21,
  0x46, 0x21, 0x46, 0x21, 0x46, 0x21, 0x46, 0x21, 0x46, 0x21, 0x46, 0x21, 0x46, 0x21, 0x46, 0x21,
  0x46, 0x21, 0x46, 0x21, 0x46, 0x21, 0x46, 0x21, 0x46, 0x21, 0x46, 0x21, 0x46, 0x21, 0x46, 0x21,
  0x46, 0x21, 0x46, 0x21, 0x46, 0x21, 0x46, 0x21, 0x46, 0x21, 0x46, 0x21, 0x46, 0x21, 0x46, 0x21,
  0x46, 0x21, 0x46, 0x21, 0x46, 0x21, 0x46, 0x21, 0x46, 0x21, 0x46, 0x21, 0x46, 0x21, 0x46, 0x21,
  0x46, 0x21, 0x46, 0x21, 0x46, 0x21, 0x46, 0x21, 0x46, 0x21, 0x46, 0x21, 0x46, 0x21, 0x46, 0x21,
  0x46, 0x21, 0x46, 0x21, 0x46, 0x21, 0x46, 0x21, 0x46, 0x21, 0x46, 0x21, 0x46, 0x21, 0x46, 0x21,
  0x46, 0x21, 0x46, 0x21, 0x46, 0x21, 0x46, 0x21, 0x46, 0x21, 0x46, 0x21, 0x46, 0x21, 0x46, 0x21,
  0x46, 0x21, 0x46, 0x21, 0x46, 0x21, 0x46, 0x21, 0x46, 0x21, 0x46, 0x21, 0x46, 0x21, 0x46, 0x21,
  0x46, 0x21, 0x46, 0x21, 0x46, 0x21, 0x46, 0x21, 0x46, 0x21, 0x46, 0x21, 0x46, 0x21, 0x46, 0x21,
  0x46, 0x21, 0x46, 0x21, 0x46, 0x21, 0x46, 0x21, 0x46, 0x21, 0x46, 0x21, 0x46, 0x21, 0x46, 0x21,
  0x46, 0x21, 0x46, 0x21, 0x46, 0x21, 0x46, 0x21, 0x46, 0x21, 0x46, 0x21, 0x46, 0x21, 0x46, 0x21,
  0x46, 0x21, 0x46, 0x21, 0x46, 0x21, 0x46, 0x21, 0x46, 0x21, 0x46, 0x21, 0x46, 0x21, 0x46, 0x21,
  0x46, 0x21, 0x46, 0x21, 0x46, 0x21, 0x46, 0x21, 0x46, 0x21, 0x46, 0x21, 0x46, 0x21, 0x46, 0x21,
  0x46, 0x21, 0x46, 0x21, 0x46, 0x21, 0x46, 0x21, 0x46, 0x21, 0x46, 0x21, 0x46, 0x21, 0x46, 0x21,
  0x46, 0x21, 0x46, 0x21, 0x46, 0x21, 0x46, 0x21, 0x46, 0x21, 0x46, 0x21, 0x46, 0x21, 0x46, 0x21,
  0x46, 0x21, 0x46, 0x21, 0x46, 0x21, 0x46, 0x21, 0x46, 0x21, 0x46, 0x21, 0x46, 0x21, 0x46, 0x21,
  0x46, 0x21, 0x46, 0x21, 0x46, 0x21, 0x46, 0x21, 0x46, 0x21, 0x46, 0x21, 0x46, 0x21, 0x46, 0x21,
  0x46, 0x21, 0x46, 0x21, 0x46, 0x21, 0x46, 0x21, 0x46, 0x21, 0x46, 0x21, 0x46, 0x21, 0x46, 0x21,
  0x46, 0x21, 0x46, 0x21, 0x46, 0x21, 0x46, 0x21, 0x46, 0x21, 0x46, 0x21, 0x46, 0x21, 0x46, 0x21,
  0x46, 0x21, 0x46, 0x21, 0x46, 0x21, 0x46, 0x21, 0x46, 0x21, 0x46, 0x21, 0x46, 0x21, 0x46, 0x21,
  0x46, 0x21, 0x46, 0x21, 0x46, 0x21, 0x46, 0x21, 0x46, 0x21, 0x46, 0x21, 0x46, 0x21, 0x46, 0x21,
  0x46, 0x21, 0x46, 0x21, 0x46, 0x21, 0x46, 0x21, 0x46, 0x21, 0x46, 0x21, 0x46, 0x21, 0x46, 0x21,
  0x46, 0x21, 0x46, 0x21, 0x46, 0x21, 0x46, 0x21, 0x46, 0x21, 0x46, 0x21, 0x46, 0x21, 0x46, 0x21,
  0x46, 0x21, 0x46, 0x21, 0x46, 0x21, 0x46, 0x21, 0x46, 0x21, 0x46, 0x21, 0x46, 0x21, 0x46, 0x21,
  0x46, 0x21, 0x46, 0x21, 0x46, 0x21, 0x46, 0x21, 0x46, 0x21, 0x46, 0x21, 0x46, 0x21, 0x46, 0x21,
  0x46, 0x21, 0x46, 0x21, 0x46, 0x21, 0x46, 0x21, 0x46, 0x21, 0x46, 0x21, 0x46, 0x21, 0x46, 0x21,
  0x46, 0x21, 0x46, 0x21, 0x46, 0x21, 0x46, 0x21, 0x46, 0x21, 0x46, 0x21, 0x46, 0x21, 0x46, 0x21,
  0x46, 0x21, 0x46, 0x21, 0x46, 0x21, 0x46, 0x21, 0x46, 0x21, 0x46, 0x21, 0x46, 0x21, 0x46, 0x21,
  0x46, 0x21, 0x46, 0x21, 0x46, 0x21, 0x46, 0x21, 0x46, 0x21, 0x46, 0x21, 0x46, 0x21, 0x46, 0x21,
  0x46, 0x21, 0x46, 0x21, 0x46, 0x21, 0x46, 0x21, 0x46, 0x21, 0x46, 0x21, 0x46, 0x21, 0x46, 0x21,
  0x46, 0x21, 0x46, 0x21, 0x46, 0x21, 0x46, 0x21, 0x46, 0x21, 0x46, 0x21, 0x46, 0x21, 0x46, 0x21,
  0x46, 0x21, 0x46, 0x21, 0x46, 0x21, 0x46, 0x21, 0x46, 0x21, 0x46, 0x21, 0x46, 0x21, 0x46, 0x21,
  0x46, 0x21, 0x46, 0x21, 0x46, 0x21, 0x46, 0x21, 0x46, 0x21, 0x46, 0x21, 0x46, 0x21, 0x46, 0x21,
  0x46, 0x21, 0x46, 0x21, 0x46, 0x21, 0x46, 0x21, 0x46, 0x21, 0x46, 0x21, 0x46, 0x21, 0x46, 0x21,
  0x46, 0x21, 0x46, 0x21, 0x46, 0x21, 0x46, 0x21, 0x46, 0x21, 0x46, 0x21, 0x46, 0x21, 0x46, 0x21,
  0x46, 0x21, 0x46, 0x21, 0x46, 0x21, 0x46, 0x21, 0x46, 0x21, 0x46, 0x21, 0x46, 0x21, 0x46, 0x21,
  0x46, 0x21, 0x46, 0x21, 0x46, 0x21, 0x46, 0x21, 0x46, 0x21, 0x46, 0x21, 0x46, 0x21, 0x46, 0x21,
  0x46, 0x21, 0x46, 0x21, 0x46, 0x21, 0x46, 0x21, 0x46, 0x21, 0x46, 0x21, 0x46, 0x21, 0x46, 0x21,
  0x46, 0x21, 0x46, 0x21, 0x46, 0x21, 0x46, 0x21, 0x46, 0x21, 0x46, 0x21, 0x46, 0x21, 0x46, 0x21,
  0x46, 0x21, 0x46, 0x21, 0x46, 0x21, 0x46, 0x21, 0x46, 0x21, 0x46, 0x21, 0x46, 0x21, 0x46, 0x21,
  0x46, 0x21, 0x46, 0x21, 0x46, 0x21, 0x46, 0x21, 0x46, 0x21, 0x46, 0x21, 0x46, 0x21, 0x46, 0x21,
  0x46, 0x21, 0x46, 0x21, 0x46, 0x21, 0x46, 0x21, 0x46, 0x21, 0x46, 0x21, 0x46, 0x21, 0x46, 0x21,
  0x46, 0x21, 0x46, 0x21, 0x46, 0x21, 0x46, 0x21, 0x46, 0x21, 0x46, 0x21, 0x46, 0x21, 0x46, 0x21,
  0x46, 0x21, 0x46, 0x21, 0x46, 0x21, 0x46, 0x21, 0x46, 0x21, 0x46, 0x21, 0x46, 0x21, 0x46, 0x21,
  0x46, 0x21, 0x46, 0x21, 0x46, 0x21, 0x46, 0x21, 0x46, 0x21, 0x46, 0x21, 0x46, 0x21, 0x46, 0x21,
  0x46, 0x21, 0x46, 0x21, 0x46, 0x21, 0x46, 0x21, 0x46, 0x21, 0x46, 0x21, 0x46, 0x21, 0x46, 0x21,
  0x46, 0x21, 0x46, 0x21, 0x46, 0x21, 0x46, 0x21, 0x46, 0x21, 0x46, 0x21, 0x46, 0x21, 0x46, 0x21,
  0x46, 0x21, 0x46, 0x21, 0x46, 0x21, 0x46, 0x21, 0x46, 0x21, 0x46, 0x21, 0x46, 0x21, 0x46, 0x21,
  0x46, 0x21, 0x46, 0x21, 0x46, 0x21, 0x46, 0x21, 0x46, 0x21, 0x46, 0x21, 0x46, 0x21, 0x46, 0x21,
  0x46, 0x21, 0x46, 0x21, 0x46, 0x21, 0x46, 0x21, 0x46, 0x21, 0x46, 0x21, 0x46, 0x21, 0x46, 0x21,
  0x46, 0x21, 0x46, 0x21, 0x46, 0x21, 0x46, 0x21, 0x46, 0x21, 0x46, 0x21, 0x46, 0x21, 0x46, 0x21,
  0x46, 0x21, 0x46, 0x21, 0x46, 0x21, 0x46, 0x21, 0x46, 0x21, 0x46, 0x21, 0x46, 0x21, 0x46, 0x21,
  0x46, 0x21, 0x46, 0x21, 0x46, 0x21, 0x46, 0x21, 0x46, 0x21, 0x46, 0x21, 0x46, 0x21, 0x46, 0x21,
  0x46, 0x21, 0x46, 0x21, 0x46, 0x21, 0x46, 0x21, 0x46, 0x21, 0x46, 0x21, 0x46, 0x21, 0x46, 0x21,
  0x46, 0x21, 0x46, 0x21, 0x46, 0x21, 0x46, 0x21, 0x46, 0x21, 0x46, 0x21, 0x46, 0x21, 0x46, 0x21,
  0x46, 0x21, 0x46, 0x21, 0x46, 0x21, 0x46, 0x21, 0x46, 0x21, 0x46, 0x21, 0x46, 0x21, 0x46, 0x21,
  0x46, 0x21, 0x46, 0x21, 0x46, 0x21, 0x46, 0x21, 0x46, 0x21, 0x46, 0x21, 0x46, 0x21, 0x46, 0x21,
  0x46, 0x21, 0x46, 0x21, 0x46, 0x21, 0x46, 0x21, 0x46, 0x21, 0x46, 0x21, 0x46, 0x21, 0x46, 0x21,
  0x46, 0x21, 0x46, 0x21, 0x46, 0x21, 0x46, 0x21, 0x46, 0x21, 0x46, 0x21, 0x46, 0x21, 0x46, 0x21,
  0x46, 0x21, 0x46, 0x21, 0x46, 0x21, 0x46, 0x21, 0x46, 0x21, 0x46, 0x21, 0x46, 0x21, 0x46, 0x21,
  0x46, 0x21, 0x46, 0x21, 0x46, 0x21, 0x46, 0x21, 0x46, 0x21, 0x46, 0x21, 0x46, 0x21, 0x46, 0x21,
  0x46, 0x21, 0x46, 0x21, 0x46, 0x21, 0x46, 0x21, 0x46, 0x21, 0x46, 0x21, 0x46, 0x21, 0x46, 0x21,
  0x46, 0x21, 0x46, 0x21, 0x46, 0x21, 0x46, 0x21, 0x46, 0x21, 0x46, 0x21, 0x46, 0x21, 0x46, 0x21,
  0x46, 0x21, 0x46, 0x21, 0x46, 0x21, 0x46, 0x21, 0x46, 0x21, 0x46, 0x21, 0x46, 0x21, 0x46, 0x21,
  0x46, 0x21, 0x46, 0x21, 0x46, 0x21, 0x46, 0x21, 0x46, 0x21, 0x46, 0x21, 0x46, 0x21, 0x46, 0x21,
  0x46, 0x21, 0x46, 0x21, 0x46, 0x21, 0x46, 0x21, 0x46, 0x21, 0x46, 0x21, 0x46, 0x21, 0x46, 0x21,
  0x46, 0x21, 0x46, 0x21, 0x46, 0x21, 0x46, 0x21, 0x46, 0x21, 0x46, 0x21, 0x46, 0x21, 0x46, 0x21,
  0x46, 0x21, 0x46, 0x21, 0x46, 0x21, 0x46, 0x21, 0x46, 0x21, 0x46, 0x21, 0x46, 0x21, 0x46, 0x21,
  0x46, 0x21, 0x46, 0x21, 0x46, 0x21, 0x46, 0x21, 0x46, 0x21, 0x46, 0x21, 0x46, 0x21, 0x46, 0x21,
  0x46, 0x21, 0x46, 0x21, 0x46, 0x21, 0x46, 0x21, 0x46, 0x21, 0x46, 0x21, 0x46, 0x21, 0x46, 0x21,
  0x46, 0x21, 0x46, 0x21, 0x46, 0x21, 0x46, 0x21, 0x46, 0x21, 0x46, 0x21, 0x46, 0x21, 0x46, 0x21,
  0x46, 0x21, 0x46, 0x21, 0x46, 0x21, 0x46, 0x21, 0x46, 0x21, 0x46, 0x21, 0x46, 0x21, 0x46, 0x21,
  0x46, 0x21, 0x46, 0x21, 0x46, 0x21, 0x46, 0x21, 0x46, 0x21, 0x46, 0x21, 0x46, 0x21, 0x46, 0x21,
  0x46, 0x21, 0x46, 0x21, 0x46, 0x21, 0x46, 0x21, 0x46, 0x21, 0x46, 0x21, 0x46, 0x21, 0x46, 0x21,
  0x46, 0x21, 0x46, 0x21, 0x46, 0x21, 0x46, 0x21, 0x46, 0x21, 0x46, 0x21, 0x46, 0x21, 0x46, 0x21,
  0x46, 0x21, 0x46, 0x21, 0x46, 0x21, 0x46, 0x21, 0x46, 0x21, 0x46, 0x21, 0x46, 0x21, 0x46, 0x21,
  0x46, 0x21, 0x46, 0x21, 0x46, 0x21, 0x46, 0x21, 0x46, 0x21, 0x46, 0x21, 0x46, 0x21, 0x46, 0x21,
  0x46, 0x21, 0x46, 0x21, 0x46, 0x21, 0x46, 0x21, 0x46, 0x21, 0x46, 0x21, 0x46, 0x21, 0x46, 0x21,
  0x46, 0x21, 0x46, 0x21, 0x46, 0x21, 0x46, 0x21, 0x46, 0x21, 0x46, 0x21, 0x46, 0x21, 0x46, 0x21,
  0x46, 0x21, 0x46, 0x21, 0x46, 0x21, 0x46, 0x21, 0x46, 0x21, 0x46, 0x21, 0x46, 0x21, 0x46, 0x21,
  0x46, 0x21, 0x46, 0x21, 0x46, 0x21, 0x46, 0x21, 0x46, 0x21, 0x46, 0x21, 0x46, 0x21, 0x46, 0x21,
  0x46, 0x21, 0x46, 0x21, 0x46, 0x21, 0x46, 0x21, 0x46, 0x21, 0x46, 0x21, 0x46, 0x21, 0x46, 0x21,
  0x46, 0x21, 0x46, 0x21, 0x46, 0x21, 0x46, 0x21, 0x46, 0x21, 0x46, 0x21, 0x46, 0x21, 0x46, 0x21,
  0x46, 0x21, 0x46, 0x21, 0x46, 0x21, 0x46, 0x21, 0x46, 0x21, 0x46, 0x21, 0x46, 0x21, 0x46, 0x21,
  0x46, 0x21, 0x46, 0x21, 0x46, 0x21, 0x46, 0x21, 0x46, 0x21, 0x46, 0x21, 0x46, 0x21, 0x46, 0x21,
  0x46, 0x21, 0x46, 0x21, 0x46, 0x21, 0x46, 0x21, 0x46, 0x21, 0x46, 0x21, 0x46, 0x21, 0x46, 0x21,
  0x46, 0x21, 0x46, 0x21, 0x46, 0x21, 0x46, 0x21, 0x46, 0x21, 0x46, 0x21, 0x46, 0x21, 0x46, 0x21,
  0x46, 0x21, 0x46, 0x21, 0x46, 0x21, 0x46, 0x21, 0x46, 0x21, 0x46, 0x21, 0x46, 0x21, 0x46, 0x21,
  0x46, 0x21, 0x46, 0x21, 0x46, 0x21, 0x46, 0x21, 0x46, 0x21, 0x46, 0x21, 0x46, 0x21, 0x46, 0x21,
  0x46, 0x21, 0x46, 0x21, 0x46, 0x21, 0x46, 0x21, 0x46, 0x21, 0x46, 0x21, 0x46, 0x21, 0x46, 0x21,
  0x46, 0x21, 0x46, 0x21, 0x46, 0x21, 0x46, 0x21, 0x46, 0x21, 0x46, 0x21, 0x46, 0x21, 0x46, 0x21,
  0x46, 0x21, 0x46, 0x21, 0x46, 0x21, 0x46, 0x21, 0x46, 0x21, 0x46, 0x21, 0x46, 0x21, 0x46, 0x21,
  0x46, 0x21, 0x46, 0x21, 0x46, 0x21, 0x46, 0x21, 0x46, 0x21, 0x46, 0x21, 0x46, 0x21, 0x46, 0x21,
  0x46, 0x21, 0x46, 0x21, 0x46, 0x21, 0x46, 0x21, 0x46, 0x21, 0x46, 0x21, 0x46, 0x21, 0x46, 0x21,
  0x46, 0x21, 0x46, 0x21, 0x46, 0x21, 0x46, 0x21, 0x46, 0x21, 0x46, 0x21, 0x46, 0x21, 0x46, 0x21,
  0x46, 0x21, 0x46, 0x21, 0x46, 0x21, 0x46, 0x21, 0x46, 0x21, 0x46, 0x21, 0x46, 0x21, 0x46, 0x21,
  0x46, 0x21, 0x46, 0x21, 0x46, 0x21, 0x46, 0x21, 0x46, 0x21, 0x46, 0x21, 0x46, 0x21, 0x46, 0x21,
  0x46, 0x21, 0x46, 0x21, 0x46, 0x21, 0x46, 0x21, 0x46, 0x21, 0x46, 0x21, 0x46, 0x21, 0x46, 0x21,
  0x46, 0x21, 0x46, 0x21, 0x46, 0x21, 0x46, 0x21, 0x46, 0x21, 0x46, 0x21, 0x46, 0x21, 0x46, 0x21,
  0x46, 0x21, 0x46, 0x21, 0x46, 0x21, 0x46, 0x21, 0x46, 0x21, 0x46, 0x21, 0x46, 0x21, 0x46, 0x21,
  0x46, 0x21, 0x46, 0x21, 0x46, 0x21, 0x46, 0x21, 0x46, 0x21, 0x46, 0x21, 0x46, 0x21, 0x46, 0x21,
  0x46, 0x21, 0x46, 0x21, 0x46, 0x21, 0x46, 0x21, 0x46, 0x21, 0x46, 0x21, 0x46, 0x21, 0x46, 0x21,
  0x46, 0x21, 0x46, 0x21, 0x46, 0x21, 0x46, 0x21, 0x46, 0x21, 0x46, 0x21, 0x46, 0x21, 0x46, 0x21,
  0x46, 0x21, 0x46, 0x21, 0x46, 0x21, 0x46, 0x21, 0x46, 0x21, 0x46, 0x21, 0x46, 0x21, 0x46, 0x21,
  0x46, 0x21, 0x46, 0x21, 0x46, 0x21, 0x46, 0x21, 0x46, 0x21, 0x46, 0x21, 0x46, 0x21, 0x46, 0x21,
  0x46, 0x21, 0x46, 0x21, 0x46, 0x21, 0x46, 0x21, 0x46, 0x21, 0x46, 0x21, 0x46, 0x21, 0x46, 0x21,
  0x46, 0x21, 0x46, 0x21, 0x46, 0x21, 0x46, 0x21, 0x46, 0x21, 0x46, 0x21, 0x46, 0x21, 0x46, 0x21,
  0x46, 0x21, 0x46, 0x21, 0x46, 0x21, 0x46, 0x21, 0x46, 0x21, 0x46, 0x21, 0x46, 0x21, 0x46, 0x21,
  0x46, 0x21, 0x46, 0x21, 0x46, 0x21, 0x46, 0x21, 0x46, 0x21, 0x46, 0x21, 0x46, 0x21, 0x46, 0x21,
  0x46, 0x21, 0x46, 0x21, 0x46, 0x21, 0x46, 0x21, 0x46, 0x21, 0x46, 0x21, 0x46, 0x21, 0x46, 0x21,
  0x46, 0x21, 0x46, 0x21, 0x46, 0x21, 0x46, 0x21, 0x46, 0x21, 0x46, 0x21, 0x46, 0x21, 0x46, 0x21,
  0x46, 0x21, 0x46, 0x21, 0x46, 0x21, 0x46, 0x21, 0x46, 0x21, 0x46, 0x21, 0x46, 0x21, 0x46, 0x21,
  0x46, 0x21, 0x46, 0x21, 0x46, 0x21, 0x46, 0x21, 0x46, 0x21, 0x46, 0x21, 0x46, 0x21, 0x46, 0x21,
  0x46, 0x21, 0x46, 0x21, 0x46, 0x21, 0x46, 0x21, 0x46, 0x21, 0x46, 0x21, 0x46, 0x21, 0x46, 0x21,
  0x46, 0x21, 0x46, 0x21, 0x46, 0x21, 0x46, 0x21, 0x46, 0x21, 0x46, 0x21, 0x46, 0x21, 0x46, 0x21,
  0x46, 0x21, 0x46, 0x21, 0x46, 0x21, 0x46, 0x21, 0x46, 0x21, 0x46, 0x21, 0x46, 0x21, 0x46, 0x21,
  0x46, 0x21, 0x46, 0x21, 0x46, 0x21, 0x46, 0x21, 0x46, 0x21, 0x46, 0x21, 0x46, 0x21, 0x46, 0x21,
  0x46, 0x21, 0x46, 0x21, 0x46, 0x21, 0x46, 0x21, 0x46, 0x21, 0x46, 0x21, 0x46, 0x21, 0x46, 0x21,
  0x46, 0x21, 0x46, 0x21, 0x46, 0x21, 0x46, 0x21, 0x46, 0x21, 0x46, 0x21, 0x46, 0x21, 0x46, 0x21,
  0x46, 0x21, 0x46, 0x21, 0x46, 0x21, 0x46, 0x21, 0x46, 0x21, 0x46, 0x21, 0x46, 0x21, 0x46, 0x21,
  0x46, 0x21, 0x46, 0x21, 0x46, 0x21, 0x46, 0x21, 0x46, 0x21, 0x46, 0x21, 0x46, 0x21, 0x46, 0x21,
  0x46, 0x21, 0x46, 0x21, 0x46, 0x21, 0x46, 0x21, 0x46, 0x21, 0x46, 0x21, 0x46, 0x21, 0x46, 0x21,
  0x46, 0x21, 0x46, 0x21, 0x46, 0x21, 0x46, 0x21, 0x46, 0x21, 0x46, 0x21, 0x46, 0x21, 0x46, 0x21,
  0x46, 0x21, 0x46, 0x21, 0x46, 0x21, 0x46, 0x21, 0x46, 0x21, 0x46, 0x21, 0x46, 0x21, 0x46, 0x21,
  0x46, 0x21, 0x46, 0x21, 0x46, 0x21, 0x46, 0x21, 0x46, 0x21, 0x46, 0x21, 0x46, 0x21, 0x46, 0x21,
  0x46, 0x21, 0x46, 0x21, 0x46, 0x21, 0x46, 0x21, 0x46, 0x21, 0x46, 0x21, 0x46, 0x21, 0x46, 0x21,
  0x46, 0x21, 0x46, 0x21, 0x46, 0x21, 0x46, 0x21, 0x46, 0x21, 0x46, 0x21, 0x46, 0x21, 0x46, 0x21,
  0x46, 0x21, 0x46, 0x21, 0x46, 0x21, 0x46, 0x21, 0x46, 0x21, 0x46, 0x21, 0x46, 0x21, 0x46, 0x21,
  0x46, 0x21, 0x46, 0x21, 0x46, 0x21, 0x46, 0x21, 0x46, 0x21, 0x46, 0x21, 0x46, 0x21, 0x46, 0x21,
  0x46, 0x21, 0x46, 0x21, 0x46, 0x21, 0x46, 0x21, 0x46, 0x21, 0x46, 0x21, 0x46, 0x21, 0x46, 0x21,
  0x46, 0x21, 0x46, 0x21, 0x46, 0x21, 0x46, 0x21, 0x46, 0x21, 0x46, 0x21, 0x46, 0x21, 0x46, 0x21,
  0x46, 0x21, 0x46, 0x21, 0x46, 0x21, 0x46, 0x21, 0x46, 0x21, 0x46, 0x21, 0x46, 0x21, 0x46, 0x21,
  0x46, 0x21, 0x46, 0x21, 0x46, 0x21, 0x46, 0x21, 0x46, 0x21, 0x46, 0x21, 0x46, 0x21, 0x46, 0x21,
  0x46, 0x21, 0x46, 0x21, 0x46, 0x21, 0x46, 0x21, 0x46, 0x21, 0x46, 0x21, 0x46, 0x21, 0x46, 0x21,
  0x46, 0x21, 0x46, 0x21, 0x46, 0x21, 0x46, 0x21, 0x46, 0x21, 0x46, 0x21, 0x46, 0x21, 0x46, 0x21,
  0x46, 0x21, 0x46, 0x21, 0x46, 0x21, 0x46, 0x21, 0x46, 0x21, 0x46, 0x21, 0x46, 0x21, 0x46, 0x21,
  0x46, 0x21, 0x46, 0x21, 0x46, 0x21, 0x46, 0x21, 0x46, 0x21, 0x46, 0x21, 0x46, 0x21, 0x46, 0x21,
  0x46, 0x21, 0x46, 0x21, 0x46, 0x21, 0x46, 0x21, 0x46, 0x21, 0x46, 0x21, 0x46, 0x21, 0x46, 0x21,
  0x46, 0x21, 0x46, 0x21, 0x46, 0x21, 0x46, 0x21, 0x46, 0x21, 0x46, 0x21, 0x46, 0x21, 0x46, 0x21,
  0x46, 0x21, 0x46, 0x21, 0x46, 0x21, 0x46, 0x21, 0x46, 0x21, 0x46, 0x21, 0x46, 0x21, 0x46, 0x21,
  0x46, 0x21, 0x46, 0x21, 0x46, 0x21, 0x46, 0x21, 0x46, 0x21, 0x46, 0x21, 0x46, 0x21, 0x46, 0x21,
  0x46, 0x21, 0x46, 0x21, 0x46, 0x21, 0x46, 0x21, 0x46, 0x21, 0x46, 0x21, 0x46, 0x21, 0x46, 0x21,
  0x46, 0x21, 0x46, 0x21, 0x46, 0x21, 0x46, 0x21, 0x46, 0x21, 0x46, 0x21, 0x46, 0x21, 0x46, 0x21,
  0x46, 0x21, 0x46, 0x21, 0x46, 0x21, 0x46, 0x21, 0x46, 0x21, 0x46, 0x21, 0x46, 0x21, 0x46, 0x21,
  0x46, 0x21, 0x46, 0x21, 0x46, 0x21, 0x46, 0x21, 0x46, 0x21, 0x46, 0x21, 0x46, 0x21, 0x46, 0x21,
  0x46, 0x21, 0x46, 0x21, 0x46, 0x21, 0x46, 0x21, 0x46, 0x21, 0x46, 0x21, 0x46, 0x21, 0x46, 0x21,
  0x46, 0x21, 0x46, 0x21, 0x46, 0x21, 0x46, 0x21, 0x46, 0x21, 0x46, 0x21, 0x46, 0x21, 0x46, 0x21,
  0x46, 0x21, 0x46, 0x21, 0x46, 0x21, 0x46, 0x21, 0x46, 0x21, 0x46, 0x21, 0x46, 0x21, 0x46, 0x21,
  0x46, 0x21, 0x46, 0x21, 0x46, 0x21, 0x46, 0x21, 0x46, 0x21, 0x46, 0x21, 0x46, 0x21, 0x46, 0x21,
  0x46, 0x21, 0x46, 0x21, 0x46, 0x21, 0x46, 0x21, 0x46, 0x21, 0x46, 0x21, 0x46, 0x21, 0x46, 0x21,
  0x46, 0x21, 0x46, 0x21, 0x46, 0x21, 0x46, 0x21, 0x46, 0x21, 0x46, 0x21, 0x46, 0x21, 0x46, 0x21,
  0x46, 0x21, 0x46, 0x21, 0x46, 0x21, 0x46, 0x21, 0x46, 0x21, 0x46, 0x21, 0x46, 0x21, 0x46, 0x21,
  0x46, 0x21, 0x46, 0x21, 0x46, 0x21, 0x46, 0x21, 0x46, 0x21, 0x46, 0x21, 0x46, 0x21, 0x46, 0x21,
  0x46, 0x21, 0x46, 0x21, 0x46, 0x21, 0x46, 0x21, 0x46, 0x21, 0x46, 0x21, 0x46, 0x21, 0x46, 0x21,
  0x46, 0x21, 0x46, 0x21, 0x46, 0x21, 0x46, 0x21, 0x46, 0x21, 0x46, 0x21, 0x46, 0x21, 0x46, 0x21,
  0x46, 0x21, 0x46, 0x21, 0x46, 0x21, 0x46, 0x21, 0x46, 0x21, 0x46, 0x21, 0x46, 0x21, 0x46, 0x21,
  0x46, 0x21, 0x46, 0x21, 0x46, 0x21, 0x46, 0x21, 0x46, 0x21, 0x46, 0x21, 0x46, 0x21, 0x46, 0x21,
  0x46, 0x21, 0x46, 0x21, 0x46, 0x21, 0x46, 0x21, 0x46, 0x21, 0x46, 0x21, 0x46, 0x21, 0x46, 0x21,
  0x46, 0x21, 0x46, 0x21, 0x46, 0x21, 0x46, 0x21, 0x46, 0x21, 0x46, 0x21, 0x46, 0x21, 0x46, 0x21,
  0x46, 0x21, 0x46, 0x21, 0x46, 0x21, 0x46, 0x21, 0x46, 0x21, 0x46, 0x21, 0x46, 0x21, 0x46, 0x21,
  0x46, 0x21, 0x46, 0x21, 0x46, 0x21, 0x46, 0x21, 0x46, 0x21, 0x46, 0x21, 0x46, 0x21, 0x46, 0x21,
  0x46, 0x21, 0x46, 0x21, 0x46, 0x21, 0x46, 0x21, 0x46, 0x21, 0x46, 0x21, 0x46, 0x21, 0x46, 0x21,
  0x46, 0x21, 0x46, 0x21, 0x46, 0x21, 0x46, 0x21, 0x46, 0x21, 0x46, 0x21, 0x46, 0x21, 0x46, 0x21,
  0x46, 0x21, 0x46, 0x21, 0x46, 0x21, 0x46, 0x21, 0x46, 0x21, 0x46, 0x21, 0x46, 0x21, 0x46, 0x21,
  0x46, 0x21, 0x46, 0x21, 0x46, 0x21, 0x46, 0x21, 0x46, 0x21, 0x46, 0x21, 0x46, 0x21, 0x46, 0x21,
  0x46, 0x21, 0x46, 0x21, 0x46, 0x21, 0x46, 0x21, 0x46, 0x21, 0x46, 0x21, 0x46, 0x21, 0x46, 0x21,
  0x46, 0x21, 0x46, 0x21, 0x46, 0x21, 0x46, 0x21, 0x46, 0x21, 0x46, 0x21, 0x46, 0x21, 0x46, 0x21,
  0x46, 0x21, 0x46, 0x21, 0x46, 0x21, 0x46, 0x21, 0x46, 0x21, 0x46, 0x21, 0x46, 0x21, 0x46, 0x21,
  0x46, 0x21, 0x46, 0x21, 0x46, 0x21, 0x46, 0x21, 0x46, 0x21, 0x46, 0x21, 0x46, 0x21, 0x46, 0x21,
  0x46, 0x21, 0x46, 0x21, 0x46, 0x21, 0x46, 0x21, 0x46, 0x21, 0x46, 0x21, 0x46, 0x21, 0x46, 0x21,
  0x46, 0x21, 0x46, 0x21, 0x46, 0x21, 0x46, 0x21, 0x46, 0x21, 0x46, 0x21, 0x46, 0x21, 0x46, 0x21,
  0x46, 0x21, 0x46, 0x21, 0x46, 0x21, 0x46, 0x21, 0x46, 0x21, 0x46, 0x21, 0x46, 0x21, 0x46, 0x21,
  0x46, 0x21, 0x46, 0x21, 0x46, 0x21, 0x46, 0x21, 0x46, 0x21, 0x46, 0x21, 0x46, 0x21, 0x46, 0x21,
  0x46, 0x21, 0x46, 0x21, 0x46, 0x21, 0x46, 0x21, 0x46, 0x21, 0x46, 0x21, 0x46, 0x21, 0x46, 0x21,
  0x46, 0x21, 0x46, 0x21, 0x46, 0x21, 0x46, 0x21, 0x46, 0x21, 0x46, 0x21, 0x46, 0x21, 0x46, 0x21,
  0x46, 0x21, 0x46, 0x21, 0x46, 0x21, 0x46, 0x21, 0x46, 0x21, 0x46, 0x21, 0x46, 0x21, 0x46, 0x21,
  0x46, 0x21, 0x46, 0x21, 0x46, 0x21, 0x46, 0x21, 0x46, 0x21, 0x46, 0x21, 0x46, 0x21, 0x46, 0x21,
  0x46, 0x21, 0x46, 0x21, 0x46, 0x21, 0x46, 0x21, 0x46, 0x21, 0x46, 0x21, 0x46, 0x21, 0x46, 0x21,
  0x46, 0x21, 0x46, 0x21, 0x46, 0x21, 0x46, 0x21, 0x46, 0x21, 0x46, 0x21, 0x46, 0x21, 0x46, 0x21,
  0x46, 0x21, 0x46, 0x21, 0x46, 0x21, 0x46, 0x21, 0x46, 0x21, 0x46, 0x21, 0x46, 0x21, 0x46, 0x21,
  0x46, 0x21, 0x46, 0x21, 0x46, 0x21, 0x46, 0x21, 0x46, 0x21, 0x46, 0x21, 0x46, 0x21, 0x46, 0x21,
  0x46, 0x21, 0x46, 0x21, 0x46, 0x21, 0x46, 0x21, 0x46, 0x21, 0x46, 0x21, 0x46, 0x21, 0x46, 0x21,
  0x46, 0x21, 0x46, 0x21, 0x46, 0x21, 0x46, 0x21, 0x46, 0x21, 0x46, 0x21, 0x46, 0x21, 0x46, 0x21,
  0x46, 0x21, 0x46, 0x21, 0x46, 0x21, 0x46, 0x21, 0x46, 0x21, 0x46, 0x21, 0x46, 0x21, 0x46, 0x21,
  0x46, 0x21, 0x46, 0x21, 0x46, 0x21, 0x46, 0x21, 0x46, 0x21, 0x46, 0x21, 0x46, 0x21, 0x46, 0x21,
  0x46, 0x21, 0x46, 0x21, 0x46, 0x21, 0x46, 0x21, 0x46, 0x21, 0x46, 0x21, 0x46, 0x21, 0x46, 0x21,
  0x46, 0x21, 0x46, 0x21, 0x46, 0x21, 0x46, 0x21, 0x46, 0x21, 0x46, 0x21, 0x46, 0x21, 0x46, 0x21,
  0x46, 0x21, 0x46, 0x21, 0x46, 0x21, 0x46, 0x21, 0x46, 0x21, 0x46, 0x21, 0x46, 0x21, 0x46, 0x21,
  0x46, 0x21, 0x46, 0x21, 0x46, 0x21, 0x46, 0x21, 0x46, 0x21, 0x46, 0x21, 0x46, 0x21, 0x46, 0x21,
  0x46, 0x21, 0x46, 0x21, 0x46, 0x21, 0x46, 0x21, 0x46, 0x21, 0x46, 0x21, 0x46, 0x21, 0x46, 0x21,
  0x46, 0x21, 0x46, 0x21, 0x46, 0x21, 0x46, 0x21, 0x46, 0x21, 0x46, 0x21, 0x46, 0x21, 0x46, 0x21,
  0x46, 0x21, 0x46, 0x21, 0x46, 0x21, 0x46, 0x21, 0x46, 0x21, 0x46, 0x21, 0x46, 0x21, 0x46, 0x21,
  0x46, 0x21, 0x46, 0x21, 0x46, 0x21, 0x46, 0x21, 0x46, 0x21, 0x46, 0x21, 0x46, 0x21, 0x46, 0x21,
  0x46, 0x21, 0x46, 0x21, 0x46, 0x21, 0x46, 0x21, 0x46, 0x21, 0x46, 0x21, 0x46, 0x21, 0x46, 0x21,
  0x46, 0x21, 0x46, 0x21, 0x46, 0x21, 0x46, 0x21, 0x46, 0x21, 0x46, 0x21, 0x46, 0x21, 0x46, 0x21,
  0x46, 0x21, 0x46, 0x21, 0x46, 0x21, 0x46, 0x21, 0x46, 0x21, 0x46, 0x21, 0x46, 0x21, 0x46, 0x21,
  0x46, 0x21, 0x46, 0x21, 0x46, 0x21, 0x46, 0x21, 0x46, 0x21, 0x46, 0x21, 0x46, 0x21, 0x46, 0x21,
  0x46, 0x21, 0x46, 0x21, 0x46, 0x21, 0x46, 0x21, 0x46, 0x21, 0x46, 0x21, 0x46, 0x21, 0x46, 0x21,
  0x46, 0x21, 0x46, 0x21, 0x46, 0x21, 0x46, 0x21, 0x46, 0x21, 0x46, 0x21, 0x46, 0x21, 0x46, 0x21,
  0x46, 0x21, 0x46, 0x21, 0x46, 0x21, 0x46, 0x21, 0x46, 0x21, 0x46, 0x21, 0x46, 0x21, 0x46, 0x21,
  0x46, 0x21, 0x46, 0x21, 0x46, 0x21, 0x46, 0x21, 0x46, 0x21, 0x46, 0x21, 0x46, 0x21, 0x46, 0x21,
  0x46, 0x21, 0x46, 0x21, 0x46, 0x21, 0x46, 0x21, 0x46, 0x21, 0x46, 0x21, 0x46, 0x21, 0x46, 0x21,
  0x46, 0x21, 0x46, 0x21, 0x46, 0x21, 0x46, 0x21, 0x46, 0x21, 0x46, 0x21, 0x46, 0x21, 0x46, 0x21,
  0x46, 0x21, 0x46, 0x21, 0x46, 0x21, 0x46, 0x21, 0x46, 0x21, 0x46, 0x21, 0x46, 0x21, 0x46, 0x21,
  0x46, 0x21, 0x46, 0x21, 0x46, 0x21, 0x46, 0x21, 0x46, 0x21, 0x46, 0x21, 0x46, 0x21, 0x46, 0x21,
  0x46, 0x21, 0x46, 0x21, 0x46, 0x21, 0x46, 0x21, 0x46, 0x21, 0x46, 0x21, 0x46, 0x21, 0x46, 0x21,
  0x46, 0x21, 0x46, 0x21, 0x46, 0x21, 0x46, 0x21, 0x46, 0x21, 0x46, 0x21, 0x46, 0x21, 0x46, 0x21,
  0x46, 0x21, 0x46, 0x21, 0x46, 0x21, 0x46, 0x21, 0x46, 0x21, 0x46, 0x21, 0x46, 0x21, 0x46, 0x21,
  0x46, 0x21, 0x46, 0x21, 0x46, 0x21, 0x46, 0x21, 0x46, 0x21, 0x46, 0x21, 0x46, 0x21, 0x46, 0x21,
  0x46, 0x21, 0x46, 0x21, 0x46, 0x21, 0x46, 0x21, 0x46, 0x21, 0x46, 0x21, 0x46, 0x21, 0x46, 0x21,
  0x46, 0x21, 0x46, 0x21, 0x46, 0x21, 0x46, 0x21, 0x46, 0x21, 0x46, 0x21, 0x46, 0x21, 0x46, 0x21,
  0x46, 0x21, 0x46, 0x21, 0x46, 0x21, 0x46, 0x21, 0x46, 0x21, 0x46, 0x21, 0x46, 0x21, 0x46, 0x21,
  0x46, 0x21, 0x46, 0x21, 0x46, 0x21, 0x46, 0x21, 0x46, 0x21, 0x46, 0x21, 0x46, 0x21, 0x46, 0x21,
  0x46, 0x21, 0x46, 0x21, 0x46, 0x21, 0x46, 0x21, 0x46, 0x21, 0x46, 0x21, 0x46, 0x21, 0x46, 0x21,
  0x46, 0x21, 0x46, 0x21, 0x46, 0x21, 0x46, 0x21, 0x46, 0x21, 0x46, 0x21, 0x46, 0x21, 0x46, 0x21,
  0x46, 0x21, 0x46, 0x21, 0x46, 0x21, 0x46, 0x21, 0x46, 0x21, 0x46, 0x21, 0x46, 0x21, 0x46, 0x21,
  0x46, 0x21, 0x46, 0x21, 0x46, 0x21, 0x46, 0x21, 0x46, 0x21, 0x46, 0x21, 0x46, 0x21, 0x46, 0x21,
  0x46, 0x21, 0x46, 0x21, 0x46, 0x21, 0x46, 0x21, 0x46, 0x21, 0x46, 0x21, 0x46, 0x21, 0x46, 0x21,
  0x46, 0x21, 0x46, 0x21, 0x46, 0x21, 0x46, 0x21, 0x46, 0x21, 0x46, 0x21, 0x46, 0x21, 0x46, 0x21,
  0x46, 0x21, 0x46, 0x21, 0x46, 0x21, 0x46, 0x21, 0x46, 0x21, 0x46, 0x21, 0x46, 0x21, 0x46, 0x21,
  0x46, 0x21, 0x46, 0x21, 0x46, 0x21, 0x46, 0x21, 0x46, 0x21, 0x46, 0x21, 0x46, 0x21, 0x46, 0x21,
  0x46, 0x21, 0x46, 0x21, 0x46, 0x21, 0x46, 0x21, 0x46, 0x21, 0x46, 0x21, 0x46, 0x21, 0x46, 0x21,
  0x46, 0x21, 0x46, 0x21, 0x46, 0x21, 0x46, 0x21, 0x46, 0x21, 0x46, 0x21, 0x46, 0x21, 0x46, 0x21,
  0x46, 0x21, 0x46, 0x21, 0x46, 0x21, 0x46, 0x21, 0x46, 0x21, 0x46, 0x21, 0x46, 0x21, 0x46, 0x21,
  0x46, 0x21, 0x46, 0x21, 0x46, 0x21, 0x46, 0x21, 0x46, 0x21, 0x46, 0x21, 0x46, 0x21, 0x46, 0x21,
  0x46, 0x21, 0x46, 0x21, 0x46, 0x21, 0x46, 0x21, 0x46, 0x21, 0x46, 0x21, 0x46, 0x21, 0x46, 0x21,
  0x46, 0x21, 0x46, 0x21, 0x46, 0x21, 0x46, 0x21, 0x46, 0x21, 0x46, 0x21, 0x46, 0x21, 0x46, 0x21,
  0x46, 0x21, 0x46, 0x21, 0x46, 0x21, 0x46, 0x21, 0x46, 0x21, 0x46, 0x21, 0x46, 0x21, 0x46, 0x21,
  0x46, 0x21, 0x46, 0x21, 0x46, 0x21, 0x46, 0x21, 0x46, 0x21, 0x46, 0x21, 0x46, 0x21, 0x46, 0x21,
  0x46, 0x21, 0x46, 0x21, 0x46, 0x21, 0x46, 0x21, 0x46, 0x21, 0x46, 0x21, 0x46, 0x21, 0x46, 0x21,
  0x46, 0x21, 0x46, 0x21, 0x46, 0x21, 0x46, 0x21, 0x46, 0x21, 0x46, 0x21, 0x46, 0x21, 0x46, 0x21,
  0x46, 0x21, 0x46, 0x21, 0x46, 0x21, 0x46, 0x21, 0x46, 0x21, 0x46, 0x21, 0x46, 0x21, 0x46, 0x21,
  0x46, 0x21, 0x46, 0x21, 0x46, 0x21, 0x46, 0x21, 0x46, 0x21, 0x46, 0x21, 0x46, 0x21, 0x46, 0x21,
  0x46, 0x21, 0x46, 0x21, 0x46, 0x21, 0x46, 0x21, 0x46, 0x21, 0x46, 0x21, 0x46, 0x21, 0x46, 0x21,
  0x46, 0x21, 0x46, 0x21, 0x46, 0x21, 0x46, 0x21, 0x46, 0x21, 0x46, 0x21, 0x46, 0x21, 0x46, 0x21,
  0x46, 0x21, 0x46, 0x21, 0x46, 0x21, 0x46, 0x21, 0x46, 0x21, 0x46, 0x21, 0x46, 0x21, 0x46, 0x21,
  0x46, 0x21, 0x46, 0x21, 0x46, 0x21, 0x46, 0x21, 0x46, 0x21, 0x46, 0x21, 0x46, 0x21, 0x46, 0x21,
  0x46, 0x21, 0x46, 0x21, 0x46, 0x21, 0x46, 0x21, 0x46, 0x21, 0x46, 0x21, 0x46, 0x21, 0x46, 0x21,
  0x46, 0x21, 0x46, 0x21, 0x46, 0x21, 0x46, 0x21, 0x46, 0x21, 0x46, 0x21, 0x46, 0x21, 0x46, 0x21,
  0x46, 0x21, 0x46, 0x21, 0x46, 0x21, 0x46, 0x21, 0x46, 0x21, 0x46, 0x21, 0x46, 0x21, 0x46, 0x21,
  0x46, 0x21, 0x46, 0x21, 0x46, 0x21, 0x46, 0x21, 0x46, 0x21, 0x46, 0x21, 0x46, 0x21, 0x46, 0x21,
  0x46, 0x21, 0x46, 0x21, 0x46, 0x21, 0x46, 0x21, 0x46, 0x21, 0x46, 0x21, 0x46, 0x21, 0x46, 0x21,
  0x46, 0x21, 0x46, 0x21, 0x46, 0x21, 0x46, 0x21, 0x46, 0x21, 0x46, 0x21, 0x46, 0x21, 0x46, 0x21,
  0x46, 0x21, 0x46, 0x21, 0x46, 0x21, 0x46, 0x21, 0x46, 0x21, 0x46, 0x21, 0x46, 0x21, 0x46, 0x21,
  0x46, 0x21, 0x46, 0x21, 0x46, 0x21, 0x46, 0x21, 0x46, 0x21, 0x46, 0x21, 0x46, 0x21, 0x46, 0x21,
  0x46, 0x21, 0x46, 0x21, 0x46, 0x21, 0x46, 0x21, 0x46, 0x21, 0x46, 0x21, 0x46, 0x21, 0x46, 0x21,
  0x46, 0x21, 0x46, 0x21, 0x46, 0x21, 0x46, 0x21, 0x46, 0x21, 0x46, 0x21, 0x46, 0x21, 0x46, 0x21,
  0x46, 0x21, 0x46, 0x21, 0x46, 0x21, 0x46, 0x21, 0x46, 0x21, 0x46, 0x21, 0x46, 0x21, 0x46, 0x21,
  0x46, 0x21, 0x46, 0x21, 0x46, 0x21, 0x46, 0x21, 0x46, 0x21, 0x46, 0x21, 0x46, 0x21, 0x46, 0x21,
  0x46, 0x21, 0x46, 0x21, 0x46, 0x21, 0x46, 0x21, 0x46, 0x21, 0x46, 0x21, 0x46, 0x21, 0x46, 0x21,
  0x46, 0x21, 0x46, 0x21, 0x46, 0x21, 0x46, 0x21, 0x46, 0x21, 0x46, 0x21, 0x46, 0x21, 0x46, 0x21,
  0x46, 0x21, 0x46, 0x21, 0x46, 0x21, 0x46, 0x21, 0x46, 0x21, 0x46, 0x21, 0x46, 0x21, 0x46, 0x21,
  0x46, 0x21, 0x46, 0x21, 0x46, 0x21, 0x46, 0x21, 0x46, 0x21, 0x46, 0x21, 0x46, 0x21, 0x46, 0x21,
  0x46, 0x21, 0x46, 0x21, 0x46, 0x21, 0x46, 0x21, 0x46, 0x21, 0x46, 0x21, 0x46, 0x21, 0x46, 0x21,
  0x46, 0x21, 0x46, 0x21, 0x46, 0x21, 0x46, 0x21, 0x46, 0x21, 0x46, 0x21, 0x46, 0x21, 0x46, 0x21,
  0x46, 0x21, 0x46, 0x21, 0x46, 0x21, 0x46, 0x21, 0x46, 0x21, 0x46, 0x21, 0x46, 0x21, 0x46, 0x21,
  0x46, 0x21, 0x46, 0x21, 0x46, 0x21, 0x46, 0x21, 0x46, 0x21, 0x46, 0x21, 0x46, 0x21, 0x46, 0x21,
  0x46, 0x21, 0x46, 0x21, 0x46, 0x21, 0x46, 0x21, 0x46, 0x21, 0x46, 0x21, 0x46, 0x21, 0x46, 0x21,
  0x46, 0x21, 0x46, 0x21, 0x46, 0x21, 0x46, 0x21, 0x46, 0x21, 0x46, 0x21, 0x46, 0x21, 0x46, 0x21,
  0x46, 0x21, 0x46, 0x21, 0x46, 0x21, 0x46, 0x21, 0x46, 0x21, 0x46, 0x21, 0x46, 0x21, 0x46, 0x21,
  0x46, 0x21, 0x46, 0x21, 0x46, 0x21, 0x46, 0x21, 0x46, 0x21, 0x46, 0x21, 0x46, 0x21, 0x46, 0x21,
  0x46, 0x21, 0x46, 0x21, 0x46, 0x21, 0x46, 0x21, 0x46, 0x21, 0x46, 0x21, 0x46, 0x21, 0x46, 0x21,
  0x46, 0x21, 0x46, 0x21, 0x46, 0x21, 0x46, 0x21, 0x46, 0x21, 0x46, 0x21, 0x46, 0x21, 0x46, 0x21,
  0x46, 0x21, 0x46, 0x21, 0x46, 0x21, 0x46, 0x21, 0x46, 0x21, 0x46, 0x21, 0x46, 0x21, 0x46, 0x21,
  0x46, 0x21, 0x46, 0x21, 0x46, 0x21, 0x46, 0x21, 0x46, 0x21, 0x46, 0x21, 0x46, 0x21, 0x46, 0x21,
  0x46, 0x21, 0x46, 0x21, 0x46, 0x21, 0x46, 0x21, 0x46, 0x21, 0x46, 0x21, 0x46, 0x21, 0x46, 0x21,
  0x46, 0x21, 0x46, 0x21, 0x46, 0x21, 0x46, 0x21, 0x46, 0x21, 0x46, 0x21, 0x46, 0x21, 0x46, 0x21,
  0x46, 0x21, 0x46, 0x21, 0x46, 0x21, 0x46, 0x21, 0x46, 0x21, 0x46, 0x21, 0x46, 0x21, 0x46, 0x21,
  0x46, 0x21, 0x46, 0x21, 0x46, 0x21, 0x46, 0x21, 0x46, 0x21, 0x46, 0x21, 0x46, 0x21, 0x46, 0x21,
  0x46, 0x21, 0x46, 0x21, 0x46, 0x21, 0x46, 0x21, 0x46, 0x21, 0x46, 0x21, 0x46, 0x21, 0x46, 0x21,
  0x46, 0x21, 0x46, 0x21, 0x46, 0x21, 0x46, 0x21, 0x46, 0x21, 0x46, 0x21, 0x46, 0x21, 0x46, 0x21,
  0x46, 0x21, 0x46, 0x21, 0x46, 0x21, 0x46, 0x21, 0x46, 0x21, 0x46, 0x21, 0x46, 0x21, 0x46, 0x21,
  0x46, 0x21, 0x46, 0x21, 0x46, 0x21, 0x46, 0x21, 0x46, 0x21, 0x46, 0x21, 0x46, 0x21, 0x46, 0x21,
  0x46, 0x21, 0x46, 0x21, 0x46, 0x21, 0x46, 0x21, 0x46, 0x21, 0x46, 0x21, 0x46, 0x21, 0x46, 0x21,
  0x46, 0x21, 0x46, 0x21, 0x46, 0x21, 0x46, 0x21, 0x46, 0x21, 0x46, 0x21, 0x46, 0x21, 0x46, 0x21,
  0x46, 0x21, 0x46, 0x21, 0x46, 0x21, 0x46, 0x21, 0x46, 0x21, 0x46, 0x21, 0x46, 0x21, 0x46, 0x21,
  0x46, 0x21, 0x46, 0x21, 0x46, 0x21, 0x46, 0x21, 0x46, 0x21, 0x46, 0x21, 0x46, 0x21, 0x46, 0x21,
  0x46, 0x21, 0x46, 0x21, 0x46, 0x21, 0x46, 0x21, 0x46, 0x21, 0x46, 0x21, 0x46, 0x21, 0x46, 0x21,
  0x46, 0x21, 0x46, 0x21, 0x46, 0x21, 0x46, 0x21, 0x46, 0x21, 0x46, 0x21, 0x46, 0x21, 0x46, 0x21,
  0x46, 0x21, 0x46, 0x21, 0x46, 0x21, 0x46, 0x21, 0x46, 0x21, 0x46, 0x21, 0x46, 0x21, 0x46, 0x21,
  0x46, 0x21, 0x46, 0x21, 0x46, 0x21, 0x46, 0x21, 0x46, 0x21, 0x46, 0x21, 0x46, 0x21, 0x46, 0x21,
  0x46, 0x21, 0x46, 0x21, 0x46, 0x21, 0x46, 0x21, 0x46, 0x21, 0x46, 0x21, 0x46, 0x21, 0x46, 0x21,
  0x46, 0x21, 0x46, 0x21, 0x46, 0x21, 0x46, 0x21, 0x46, 0x21, 0x46, 0x21, 0x46, 0x21, 0x46, 0x21,
  0x46, 0x21, 0x46, 0x21, 0x46, 0x21, 0x46, 0x21, 0x46, 0x21, 0x46, 0x21, 0x46, 0x21, 0x46, 0x21,
  0x46, 0x21, 0x46, 0x21, 0x46, 0x21, 0x46, 0x21, 0x46, 0x21, 0x46, 0x21, 0x46, 0x21, 0x46, 0x21,
  0x46, 0x21, 0x46, 0x21, 0x46, 0x21, 0x46, 0x21, 0x46, 0x21, 0x46, 0x21, 0x46, 0x21, 0x46, 0x21,
  0x46, 0x21, 0x46, 0x21, 0x46, 0x21, 0x46, 0x21, 0x46, 0x21, 0x46, 0x21, 0x46, 0x21, 0x46, 0x21,
  0x46, 0x21, 0x46, 0x21, 0x46, 0x21, 0x46, 0x21, 0x46, 0x21, 0x46, 0x21, 0x46, 0x21, 0x46, 0x21,
  0x46, 0x21, 0x46, 0x21, 0x46, 0x21, 0x46, 0x21, 0x46, 0x21, 0x46, 0x21, 0x46, 0x21, 0x46, 0x21,
  0x46, 0x21, 0x46, 0x21, 0x46, 0x21, 0x46, 0x21, 0x46, 0x21, 0x46, 0x21, 0x46, 0x21, 0x46, 0x21,
  0x46, 0x21, 0x46, 0x21, 0x46, 0x21, 0x46, 0x21, 0x46, 0x21, 0x46, 0x21, 0x46, 0x21, 0x46, 0x21,
  0x46, 0x21, 0x46, 0x21, 0x46, 0x21, 0x46, 0x21, 0x46, 0x21, 0x46, 0x21, 0x46, 0x21, 0x46, 0x21,
  0x46, 0x21, 0x46, 0x21, 0x46, 0x21, 0x46, 0x21, 0x46, 0x21, 0x46, 0x21, 0x46, 0x21, 0x46, 0x21,
  0x46, 0x21, 0x46, 0x21, 0x46, 0x21, 0x46, 0x21, 0x46, 0x21, 0x46, 0x21, 0x46, 0x21, 0x46, 0x21,
  0x46, 0x21, 0x46, 0x21, 0x46, 0x21, 0x46, 0x21, 0x46, 0x21, 0x46, 0x21, 0x46, 0x21, 0x46, 0x21,
  0x46, 0x21, 0x46, 0x21, 0x46, 0x21, 0x46, 0x21, 0x46, 0x21, 0x46, 0x21, 0x46, 0x21, 0x46, 0x21,
  0x46, 0x21, 0x46, 0x21, 0x46, 0x21, 0x46, 0x21, 0x46, 0x21, 0x46, 0x21, 0x46, 0x21, 0x46, 0x21,
  0x46, 0x21, 0x46, 0x21, 0x46, 0x21, 0x46, 0x21, 0x46, 0x21, 0x46, 0x21, 0x46, 0x21, 0x46, 0x21,
  0x46, 0x21, 0x46, 0x21, 0x46, 0x21, 0x46, 0x21, 0x46, 0x21, 0x46, 0x21, 0x46, 0x21, 0x46, 0x21,
  0x46, 0x21, 0x46, 0x21, 0x46, 0x21, 0x46, 0x21, 0x46, 0x21, 0x46, 0x21, 0x46, 0x21, 0x46, 0x21,
  0x46, 0x21, 0x46, 0x21, 0x46, 0x21, 0x46, 0x21, 0x46, 0x21, 0x46, 0x21, 0x46, 0x21, 0x46, 0x21,
  0x46, 0x21, 0x46, 0x21, 0x46, 0x21, 0x46, 0x21, 0x46, 0x21, 0x46, 0x21, 0x46, 0x21, 0x46, 0x21,
  0x46, 0x21, 0x46, 0x21, 0x46, 0x21, 0x46, 0x21, 0x46, 0x21, 0x46, 0x21, 0x46, 0x21, 0x46, 0x21,
  0x46, 0x21, 0x46, 0x21, 0x46, 0x21, 0x46, 0x21, 0x46, 0x21, 0x46, 0x21, 0x46, 0x21, 0x46, 0x21,
  0x46, 0x21, 0x46, 0x21, 0x46, 0x21, 0x46, 0x21, 0x46, 0x21, 0x46, 0x21, 0x46, 0x21, 0x46, 0x21,
  0x46, 0x21, 0x46, 0x21, 0x46, 0x21, 0x46, 0x21, 0x46, 0x21, 0x46, 0x21, 0x46, 0x21, 0x46, 0x21,
  0x46, 0x21, 0x46, 0x21, 0x46, 0x21, 0x46, 0x21, 0x46, 0x21, 0x46, 0x21, 0x46, 0x21, 0x46, 0x21,
  0x46, 0x21, 0x46, 0x21, 0x46, 0x21, 0x46, 0x21, 0x46, 0x21, 0x46, 0x21, 0x46, 0x21, 0x46, 0x21,
  0x46, 0x21, 0x46, 0x21, 0x46, 0x21, 0x46, 0x21, 0x46, 0x21, 0x46, 0x21, 0x46, 0x21, 0x46, 0x21,
  0x46, 0x21, 0x46, 0x21, 0x46, 0x21, 0x46, 0x21, 0x46, 0x21, 0x46, 0x21, 0x46, 0x21, 0x46, 0x21,
  0x46, 0x21, 0x46, 0x21, 0x46, 0x21, 0x46, 0x21, 0x46, 0x21, 0x46, 0x21, 0x46, 0x21, 0x46, 0x21,
  0x46, 0x21, 0x46, 0x21, 0x46, 0x21, 0x46, 0x21, 0x46, 0x21, 0x46, 0x21, 0x46, 0x21, 0x46, 0x21,
  0x46, 0x21, 0x46, 0x21, 0x46, 0x21, 0x46, 0x21, 0x46, 0x21, 0x46, 0x21, 0x46, 0x21, 0x46, 0x21,
  0x46, 0x21, 0x46, 0x21, 0x46, 0x21, 0x46, 0x21, 0x46, 0x21, 0x46, 0x21, 0x46, 0x21, 0x46, 0x21,
  0x46, 0x21, 0x46, 0x21, 0x46, 0x21, 0x46, 0x21, 0x46, 0x21, 0x46, 0x21, 0x46, 0x21, 0x46, 0x21,
  0x46, 0x21, 0x46, 0x21, 0x46, 0x21, 0x46, 0x21, 0x46, 0x21, 0x46, 0x21, 0x46, 0x21, 0x46, 0x21,
  0x46, 0x21, 0x46, 0x21, 0x46, 0x21, 0x46, 0x21, 0x46, 0x21, 0x46, 0x21, 0x46, 0x21, 0x46, 0x21,
  0x46, 0x21, 0x46, 0x21, 0x46, 0x21, 0x46, 0x21, 0x46, 0x21, 0x46, 0x21, 0x46, 0x21, 0x46, 0x21,
  0x46, 0x21, 0x46, 0x21, 0x46, 0x21, 0x46, 0x21, 0x46, 0x21, 0x46, 0x21, 0x46, 0x21, 0x46, 0x21,
  0x46, 0x21, 0x46, 0x21, 0x46, 0x21, 0x46, 0x21, 0x46, 0x21, 0x46, 0x21, 0x46, 0x21, 0x46, 0x21,
  0x46, 0x21, 0x46, 0x21, 0x46, 0x21, 0x46, 0x21, 0x46, 0x21, 0x46, 0x21, 0x46, 0x21, 0x46, 0x21,
  0x46, 0x21, 0x46, 0x21, 0x46, 0x21, 0x46, 0x21, 0x46, 0x21, 0x46, 0x21, 0x46, 0x21, 0x46, 0x21,
  0x46, 0x21, 0x46, 0x21, 0x46, 0x21, 0x46, 0x21, 0x46, 0x21, 0x46, 0x21, 0x46, 0x21, 0x46, 0x21,
  0x46, 0x21, 0x46, 0x21, 0x46, 0x21, 0x46, 0x21, 0x46, 0x21, 0x46, 0x21, 0x46, 0x21, 0x46, 0x21,
  0x46, 0x21, 0x46, 0x21, 0x46, 0x21, 0x46, 0x21, 0x46, 0x21, 0x46, 0x21, 0x46, 0x21, 0x46, 0x21,
  0x46, 0x21, 0x46, 0x21, 0x46, 0x21, 0x46, 0x21, 0x46, 0x21, 0x46, 0x21, 0x46, 0x21, 0x46, 0x21,
  0x46, 0x21, 0x46, 0x21, 0x46, 0x21, 0x46, 0x21, 0x46, 0x21, 0x46, 0x21, 0x46, 0x21, 0x46, 0x21,
  0x46, 0x21, 0x46, 0x21, 0x46, 0x21, 0x46, 0x21, 0x46, 0x21, 0x46, 0x21, 0x46, 0x21, 0x46, 0x21,
  0x46, 0x21, 0x46, 0x21, 0x46, 0x21, 0x46, 0x21, 0x46, 0x21, 0x46, 0x21, 0x46, 0x21, 0x46, 0x21,
  0x46, 0x21, 0x46, 0x21, 0x46, 0x21, 0x46, 0x21, 0x46, 0x21, 0x46, 0x21, 0x46, 0x21, 0x46, 0x21,
  0x46, 0x21, 0x46, 0x21, 0x46, 0x21, 0x46, 0x21, 0x46, 0x21, 0x46, 0x21, 0x46, 0x21, 0x46, 0x21,
  0x46, 0x21, 0x46, 0x21, 0x46, 0x21, 0x46, 0x21, 0x46, 0x21, 0x46, 0x21, 0x46, 0x21, 0x46, 0x21,
  0x46, 0x21, 0x46, 0x21, 0x46, 0x21, 0x46, 0x21, 0x46, 0x21, 0x46, 0x21, 0x46, 0x21, 0x46, 0x21,
  0x46, 0x21, 0x46, 0x21, 0x46, 0x21, 0x46, 0x21, 0x46, 0x21, 0x46, 0x21, 0x46, 0x21, 0x46, 0x21,
  0x46, 0x21, 0x46, 0x21, 0x46, 0x21, 0x46, 0x21, 0x46, 0x21, 0x46, 0x21, 0x46, 0x21, 0x46, 0x21,
  0x46, 0x21, 0x46, 0x21, 0x46, 0x21, 0x46, 0x21, 0x46, 0x21, 0x46, 0x21, 0x46, 0x21, 0x46, 0x21,
  0x46, 0x21, 0x46, 0x21, 0x46, 0x21, 0x46, 0x21, 0x46, 0x21, 0x46, 0x21, 0x46, 0x21, 0x46, 0x21,
  0x46, 0x21, 0x46, 0x21, 0x46, 0x21, 0x46, 0x21, 0x46, 0x21, 0x46, 0x21, 0x46, 0x21, 0x46, 0x21,
  0x46, 0x21, 0x46, 0x21, 0x46, 0x21, 0x46, 0x21, 0x46, 0x21, 0x46, 0x21, 0x46, 0x21, 0x46, 0x21,
  0x46, 0x21, 0x46, 0x21, 0x46, 0x21, 0x46, 0x21, 0x46, 0x21, 0x46, 0x21, 0x46, 0x21, 0x46, 0x21,
  0x46, 0x21, 0x46, 0x21, 0x46, 0x21, 0x46, 0x21, 0x46, 0x21, 0x46, 0x21, 0x46, 0x21, 0x46, 0x21,
  0x46, 0x21, 0x46, 0x21, 0x46, 0x21, 0x46, 0x21, 0x46, 0x21, 0x46, 0x21, 0x46, 0x21, 0x46, 0x21,
  0x46, 0x21, 0x46, 0x21, 0x46, 0x21, 0x46, 0x21, 0x46, 0x21, 0x46, 0x21, 0x46, 0x21, 0x46, 0x21,
  0x46, 0x21, 0x46, 0x21, 0x46, 0x21, 0x46, 0x21, 0x46, 0x21, 0x46, 0x21, 0x46, 0x21, 0x46, 0x21,
  0x46, 0x21, 0x46, 0x21, 0x46, 0x21, 0x46, 0x21, 0x46, 0x21, 0x46, 0x21, 0x46, 0x21, 0x46, 0x21,
  0x46, 0x21, 0x46, 0x21, 0x46, 0x21, 0x46, 0x21, 0x46, 0x21, 0x46, 0x21, 0x46, 0x21, 0x46, 0x21,
  0x46, 0x21, 0x46, 0x21, 0x46, 0x21, 0x46, 0x21, 0x46, 0x21, 0x46, 0x21, 0x46, 0x21, 0x46, 0x21,
  0x46, 0x21, 0x46, 0x21, 0x46, 0x21, 0x46, 0x21, 0x46, 0x21, 0x46, 0x21, 0x46, 0x21, 0x46, 0x21,
  0x46, 0x21, 0x46, 0x21, 0x46, 0x21, 0x46, 0x21, 0x46, 0x21, 0x46, 0x21, 0x46, 0x21, 0x46, 0x21,
  0x46, 0x21, 0x46, 0x21, 0x46, 0x21, 0x46, 0x21, 0x46, 0x21, 0x46, 0x21, 0x46, 0x21, 0x46, 0x21,
  0x46, 0x21, 0x46, 0x21, 0x46, 0x21, 0x46, 0x21, 0x46, 0x21, 0x46, 0x21, 0x46, 0x21, 0x46, 0x21,
  0x46, 0x21, 0x46, 0x21, 0x46, 0x21, 0x46, 0x21, 0x46, 0x21, 0x46, 0x21, 0x46, 0x21, 0x46, 0x21,
  0x46, 0x21, 0x46, 0x21, 0x46, 0x21, 0x46, 0x21, 0x46, 0x21, 0x46, 0x21, 0x46, 0x21, 0x46, 0x21,
  0x46, 0x21, 0x46, 0x21, 0x46, 0x21, 0x46, 0x21, 0x46, 0x21, 0x46, 0x21, 0x46, 0x21, 0x46, 0x21,
  0x46, 0x21, 0x46, 0x21, 0x46, 0x21, 0x46, 0x21, 0x46, 0x21, 0x46, 0x21, 0x46, 0x21, 0x46, 0x21,
  0x46, 0x21, 0x46, 0x21, 0x46, 0x21, 0x46, 0x21, 0x46, 0x21, 0x46, 0x21, 0x46, 0x21, 0x46, 0x21,
  0x46, 0x21, 0x46, 0x21, 0x46, 0x21, 0x46, 0x21, 0x46, 0x21, 0x46, 0x21, 0x46, 0x21, 0x46, 0x21,
  0x46, 0x21, 0x46, 0x21, 0x46, 0x21, 0x46, 0x21, 0x46, 0x21, 0x46, 0x21, 0x46, 0x21, 0x46, 0x21,
  0x46, 0x21, 0x46, 0x21, 0x46, 0x21, 0x46, 0x21, 0x46, 0x21, 0x46, 0x21, 0x46, 0x21, 0x46, 0x21,
  0x46, 0x21, 0x46, 0x21, 0x46, 0x21, 0x46, 0x21, 0x46, 0x21, 0x46, 0x21, 0x46, 0x21, 0x46, 0x21,
  0x46, 0x21, 0x46, 0x21, 0x46, 0x21, 0x46, 0x21, 0x46, 0x21, 0x46, 0x21, 0x46, 0x21, 0x46, 0x21,
  0x46, 0x21, 0x46, 0x21, 0x46, 0x21, 0x46, 0x21, 0x46, 0x21, 0x46, 0x21, 0x46, 0x21, 0x46, 0x21,
  0x46, 0x21, 0x46, 0x21, 0x46, 0x21, 0x46, 0x21, 0x46, 0x21, 0x46, 0x21, 0x46, 0x21, 0x46, 0x21,
  0x46, 0x21, 0x46, 0x21, 0x46, 0x21, 0x46, 0x21, 0x46, 0x21, 0x46, 0x21, 0x46, 0x21, 0x46, 0x21,
  0x46, 0x21, 0x46, 0x21, 0x46, 0x21, 0x46, 0x21, 0x46, 0x21, 0x46, 0x21, 0x46, 0x21, 0x46, 0x21,
  0x46, 0x21, 0x46, 0x21, 0x46, 0x21, 0x46, 0x21, 0x46, 0x21, 0x46, 0x21, 0x46, 0x21, 0x46, 0x21,
  0x46, 0x21, 0x46, 0x21, 0x46, 0x21, 0x46, 0x21, 0x46, 0x21, 0x46, 0x21, 0x46, 0x21, 0x46, 0x21,
  0x46, 0x21, 0x46, 0x21, 0x46, 0x21, 0x46, 0x21, 0x46, 0x21, 0x46, 0x21, 0x46, 0x21, 0x46, 0x21,
  0x46, 0x21, 0x46, 0x21, 0x46, 0x21, 0x46, 0x21, 0x46, 0x21, 0x46, 0x21, 0x46, 0x21, 0x46, 0x21,
  0x46, 0x21, 0x46, 0x21, 0x46, 0x21, 0x46, 0x21, 0x46, 0x21, 0x46, 0x21, 0x46, 0x21, 0x46, 0x21,
  0x46, 0x21, 0x46, 0x21, 0x46, 0x21, 0x46, 0x21, 0x46, 0x21, 0x46, 0x21, 0x46, 0x21, 0x46, 0x21,
  0x46, 0x21, 0x46, 0x21, 0x46, 0x21, 0x46, 0x21, 0x46, 0x21, 0x46, 0x21, 0x46, 0x21, 0x46, 0x21,
  0x46, 0x21, 0x46, 0x21, 0x46, 0x21, 0x46, 0x21, 0x46, 0x21, 0x46, 0x21, 0x46, 0x21, 0x46, 0x21,
  0x46, 0x21, 0x46, 0x21, 0x46, 0x21, 0x46, 0x21, 0x46, 0x21, 0x46, 0x21, 0x46, 0x21, 0x46, 0x21,
  0x46, 0x21, 0x46, 0x21, 0x46, 0x21, 0x46, 0x21, 0x46, 0x21, 0x46, 0x21, 0x46, 0x21, 0x46, 0x21,
  0x46, 0x21, 0x46, 0x21, 0x46, 0x21, 0x46, 0x21, 0x46, 0x21, 0x46, 0x21, 0x46, 0x21, 0x46, 0x21,
  0x46, 0x21, 0x46, 0x21, 0x46, 0x21, 0x46, 0x21, 0x46, 0x21, 0x46, 0x21, 0x46, 0x21, 0x46, 0x21,
  0x46, 0x21, 0x46, 0x21, 0x46, 0x21, 0x46, 0x21, 0x46, 0x21, 0x46, 0x21, 0x46, 0x21, 0x46, 0x21,
  0x46, 0x21, 0x46, 0x21, 0x46, 0x21, 0x46, 0x21, 0x46, 0x21, 0x46, 0x21, 0x46, 0x21, 0x46, 0x21,
  0x46, 0x21, 0x46, 0x21, 0x46, 0x21, 0x46, 0x21, 0x46, 0x21, 0x46, 0x21, 0x46, 0x21, 0x46, 0x21,
  0x46, 0x21, 0x46, 0x21, 0x46, 0x21, 0x46, 0x21, 0x46, 0x21, 0x46, 0x21, 0x46, 0x21, 0x46, 0x21,
  0x46, 0x21, 0x46, 0x21, 0x46, 0x21, 0x46, 0x21, 0x46, 0x21, 0x46, 0x21, 0x46, 0x21, 0x46, 0x21,
  0x46, 0x21, 0x46, 0x21, 0x46, 0x21, 0x46, 0x21, 0x46, 0x21, 0x46, 0x21, 0x46, 0x21, 0x46, 0x21,
  0x46, 0x21, 0x46, 0x21, 0x46, 0x21, 0x46, 0x21, 0x46, 0x21, 0x46, 0x21, 0x46, 0x21, 0x46, 0x21,
  0x46, 0x21, 0x46, 0x21, 0x46, 0x21, 0x46, 0x21, 0x46, 0x21, 0x46, 0x21, 0x46, 0x21, 0x46, 0x21,
  0x46, 0x21, 0x46, 0x21, 0x46, 0x21, 0x46, 0x21, 0x46, 0x21, 0x46, 0x21, 0x46, 0x21, 0x46, 0x21,
  0x46, 0x21, 0x46, 0x21, 0x46, 0x21, 0x46, 0x21, 0x46, 0x21, 0x46, 0x21, 0x46, 0x21, 0x46, 0x21,
  0x46, 0x21, 0x46, 0x21, 0x46, 0x21, 0x46, 0x21, 0x46, 0x21, 0x46, 0x21, 0x46, 0x21, 0x46, 0x21,
  0x46, 0x21, 0x46, 0x21, 0x46, 0x21, 0x46, 0x21, 0x46, 0x21, 0x46, 0x21, 0x46, 0x21, 0x46, 0x21,
  0x46, 0x21, 0x46, 0x21, 0x46, 0x21, 0x46, 0x21, 0x46, 0x21, 0x46, 0x21, 0x46, 0x21, 0x46, 0x21,
  0x46, 0x21, 0x46, 0x21, 0x46, 0x21, 0x46, 0x21, 0x46, 0x21, 0x46, 0x21, 0x46, 0x21, 0x46, 0x21,
  0x46, 0x21, 0x46, 0x21, 0x46, 0x21, 0x46, 0x21, 0x46, 0x21, 0x46, 0x21, 0x46, 0x21, 0x46, 0x21,
  0x46, 0x21, 0x46, 0x21, 0x46, 0x21, 0x46, 0x21, 0x46, 0x21, 0x46, 0x21, 0x46, 0x21, 0x46, 0x21,
  0x46, 0x21, 0x46, 0x21, 0x46, 0x21, 0x46, 0x21, 0x46, 0x21, 0x46, 0x21, 0x46, 0x21, 0x46, 0x21,
  0x46, 0x21, 0x46, 0x21, 0x46, 0x21, 0x46, 0x21, 0x46, 0x21, 0x46, 0x21, 0x46, 0x21, 0x46, 0x21,
  0x46, 0x21, 0x46, 0x21, 0x46, 0x21, 0x46, 0x21, 0x46, 0x21, 0x46, 0x21, 0x46, 0x21, 0x46, 0x21,
  0x46, 0x21, 0x46, 0x21, 0x46, 0x21, 0x46, 0x21, 0x46, 0x21, 0x46, 0x21, 0x46, 0x21, 0x46, 0x21,
  0x46, 0x21, 0x46, 0x21, 0x46, 0x21, 0x46, 0x21, 0x46, 0x21, 0x46, 0x21, 0x46, 0x21, 0x46, 0x21,
  0x46, 0x21, 0x46, 0x21, 0x46, 0x21, 0x46, 0x21, 0x46, 0x21, 0x46, 0x21, 0x46, 0x21, 0x46, 0x21,
  0x46, 0x21, 0x46, 0x21, 0x46, 0x21, 0x46, 0x21, 0x46, 0x21, 0x46, 0x21, 0x46, 0x21, 0x46, 0x21,
  0x46, 0x21, 0x46, 0x21, 0x46, 0x21, 0x46, 0x21, 0x46, 0x21, 0x46, 0x21, 0x46, 0x21, 0x46, 0x21,
  0x46, 0x21, 0x46, 0x21, 0x46, 0x21, 0x46, 0x21, 0x46, 0x21, 0x46, 0x21, 0x46, 0x21, 0x46, 0x21,
  0x46, 0x21, 0x46, 0x21, 0x46, 0x21, 0x46, 0x21, 0x46, 0x21, 0x46, 0x21, 0x46, 0x21, 0x46, 0x21,
  0x46, 0x21, 0x46, 0x21, 0x46, 0x21, 0x46, 0x21, 0x46, 0x21, 0x46, 0x21, 0x46, 0x21, 0x46, 0x21,
  0x46, 0x21, 0x46, 0x21, 0x46, 0x21, 0x46, 0x21, 0x46, 0x21, 0x46, 0x21, 0x46, 0x21, 0x46, 0x21,
  0x46, 0x21, 0x46, 0x21, 0x46, 0x21, 0x46, 0x21, 0x46, 0x21, 0x46, 0x21, 0x46, 0x21, 0x46, 0x21,
  0x46, 0x21, 0x46, 0x21, 0x46, 0x21, 0x46, 0x21, 0x46, 0x21, 0x46, 0x21, 0x46, 0x21, 0x46, 0x21,
  0x46, 0x21, 0x46, 0x21, 0x46, 0x21, 0x46, 0x21, 0x46, 0x21, 0x46, 0x21, 0x46, 0x21, 0x46, 0x21,
  0x46, 0x21, 0x46, 0x21, 0x46, 0x21, 0x46, 0x21, 0x46, 0x21, 0x46, 0x21, 0x46, 0x21, 0x46, 0x21,
  0x46, 0x21, 0x46, 0x21, 0x46, 0x21, 0x46, 0x21, 0x46, 0x21, 0x46, 0x21, 0x46, 0x21, 0x46, 0x21,
  0x46, 0x21, 0x46, 0x21, 0x46, 0x21, 0x46, 0x21, 0x46, 0x21, 0x46, 0x21, 0x46, 0x21, 0x46, 0x21,
  0x46, 0x21, 0x46, 0x21, 0x46, 0x21, 0x46, 0x21, 0x46, 0x21, 0x46, 0x21, 0x46, 0x21, 0x46, 0x21,
  0x46, 0x21, 0x46, 0x21, 0x46, 0x21, 0x46, 0x21, 0x46, 0x21, 0x46, 0x21, 0x46, 0x21, 0x46, 0x21,
  0x46, 0x21, 0x46, 0x21, 0x46, 0x21, 0x46, 0x21, 0x46, 0x21, 0x46, 0x21, 0x46, 0x21, 0x46, 0x21,
  0x46, 0x21, 0x46, 0x21, 0x46, 0x21, 0x46, 0x21, 0x46, 0x21, 0x46, 0x21, 0x46, 0x21, 0x46, 0x21,
  0x46, 0x21, 0x46, 0x21, 0x46, 0x21, 0x46, 0x21, 0x46, 0x21, 0x46, 0x21, 0x46, 0x21, 0x46, 0x21,
  0x46, 0x21, 0x46, 0x21, 0x46, 0x21, 0x46, 0x21, 0x46, 0x21, 0x46, 0x21, 0x46, 0x21, 0x46, 0x21,
  0x46, 0x21, 0x46, 0x21, 0x46, 0x21, 0x46, 0x21, 0x46, 0x21, 0x46, 0x21, 0x46, 0x21, 0x46, 0x21,
  0x46, 0x21, 0x46, 0x21, 0x46, 0x21, 0x46, 0x21, 0x46, 0x21, 0x46, 0x21, 0x46, 0x21, 0x46, 0x21,
  0x46, 0x21, 0x46, 0x21, 0x46, 0x21, 0x46, 0x21, 0x46, 0x21, 0x46, 0x21, 0x46, 0x21, 0x46, 0x21,
  0x46, 0x21, 0x46, 0x21, 0x46, 0x21, 0x46, 0x21, 0x46, 0x21, 0x46, 0x21, 0x46, 0x21, 0x46, 0x21,
  0x46, 0x21, 0x46, 0x21, 0x46, 0x21, 0x46, 0x21, 0x46, 0x21, 0x46, 0x21, 0x46, 0x21, 0x46, 0x21,
  0x46, 0x21, 0x46, 0x21, 0x46, 0x21, 0x46, 0x21, 0x46, 0x21, 0x46, 0x21, 0x46, 0x21, 0x46, 0x21,
  0x46, 0x21, 0x46, 0x21, 0x46, 0x21, 0x46, 0x21, 0x46, 0x21, 0x46, 0x21, 0x46, 0x21, 0x46, 0x21,
  0x46, 0x21, 0x46, 0x21, 0x46, 0x21, 0x46, 0x21, 0x46, 0x21, 0x46, 0x21, 0x46, 0x21, 0x46, 0x21,
  0x46, 0x21, 0x46, 0x21, 0x46, 0x21, 0x46, 0x21, 0x46, 0x21, 0x46, 0x21, 0x46, 0x21, 0x46, 0x21,
  0x46, 0x21, 0x46, 0x21, 0x46, 0x21, 0x46, 0x21, 0x46, 0x21, 0x46, 0x21, 0x46, 0x21, 0x46, 0x21,
  0x46, 0x21, 0x46, 0x21, 0x46, 0x21, 0x46, 0x21, 0x46, 0x21, 0x46, 0x21, 0x46, 0x21, 0x46, 0x21,
  0x46, 0x21, 0x46, 0x21, 0x46, 0x21, 0x46, 0x21, 0x46, 0x21, 0x46, 0x21, 0x46, 0x21, 0x46, 0x21,
  0x46, 0x21, 0x46, 0x21, 0x46, 0x21, 0x46, 0x21, 0x46, 0x21, 0x46, 0x21, 0x46, 0x21, 0x46, 0x21,
  0x46, 0x21, 0x46, 0x21, 0x46, 0x21, 0x46, 0x21, 0x46, 0x21, 0x46, 0x21, 0x46, 0x21, 0x46, 0x21,
  0x46, 0x21, 0x46, 0x21, 0x46, 0x21, 0x46, 0x21, 0x46, 0x21, 0x46, 0x21, 0x46, 0x21, 0x46, 0x21,
  0x46, 0x21, 0x46, 0x21, 0x46, 0x21, 0x46, 0x21, 0x46, 0x21, 0x46, 0x21, 0x46, 0x21, 0x46, 0x21,
  0x46, 0x21, 0x46, 0x21, 0x46, 0x21, 0x46, 0x21, 0x46, 0x21, 0x46, 0x21, 0x46, 0x21, 0x46, 0x21,
  0x46, 0x21, 0x46, 0x21, 0x46, 0x21, 0x46, 0x21, 0x46, 0x21, 0x46, 0x21, 0x46, 0x21, 0x46, 0x21,
  0x46, 0x21, 0x46, 0x21, 0x46, 0x21, 0x46, 0x21, 0x46, 0x21, 0x46, 0x21, 0x46, 0x21, 0x46, 0x21,
  0x46, 0x21, 0x46, 0x21, 0x46, 0x21, 0x46, 0x21, 0x46, 0x21, 0x46, 0x21, 0x46, 0x21, 0x46, 0x21,
  0x46, 0x21, 0x46, 0x21, 0x46, 0x21, 0x46, 0x21, 0x46, 0x21, 0x46, 0x21, 0x46, 0x21, 0x46, 0x21,
  0x46, 0x21, 0x46, 0x21, 0x46, 0x21, 0x46, 0x21, 0x46, 0x21, 0x46, 0x21, 0x46, 0x21, 0x46, 0x21,
  0x46, 0x21, 0x46, 0x21, 0x46, 0x21, 0x46, 0x21, 0x46, 0x21, 0x46, 0x21, 0x46, 0x21, 0x46, 0x21,
  0x46, 0x21, 0x46, 0x21, 0x46, 0x21, 0x46, 0x21, 0x46, 0x21, 0x46, 0x21, 0x46, 0x21, 0x46, 0x21,
  0x46, 0x21, 0x46, 0x21, 0x46, 0x21, 0x46, 0x21, 0x46, 0x21, 0x46, 0x21, 0x46, 0x21, 0x46, 0x21,
  0x46, 0x21, 0x46, 0x21, 0x46, 0x21, 0x46, 0x21, 0x46, 0x21, 0x46, 0x21, 0x46, 0x21, 0x46, 0x21,
  0x46, 0x21, 0x46, 0x21, 0x46, 0x21, 0x46, 0x21, 0x46, 0x21, 0x46, 0x21, 0x46, 0x21, 0x46, 0x21,
  0x46, 0x21, 0x46, 0x21, 0x46, 0x21, 0x46, 0x21, 0x46, 0x21, 0x46, 0x21, 0x46, 0x21, 0x46, 0x21,
  0x46, 0x21, 0x46, 0x21, 0x46, 0x21, 0x46, 0x21, 0x46, 0x21, 0x46, 0x21, 0x46, 0x21, 0x46, 0x21,
  0x46, 0x21, 0x46, 0x21, 0x46, 0x21, 0x46, 0x21, 0x46, 0x21, 0x46, 0x21, 0x46, 0x21, 0x46, 0x21,
  0x46, 0x21, 0x46, 0x21, 0x46, 0x21, 0x46, 0x21, 0x46, 0x21, 0x46, 0x21, 0x46, 0x21, 0x46, 0x21,
  0x46, 0x21, 0x46, 0x21, 0x46, 0x21, 0x46, 0x21, 0x46, 0x21, 0x46, 0x21, 0x46, 0x21, 0x46, 0x21,
  0x46, 0x21, 0x46, 0x21, 0x46, 0x21, 0x46, 0x21, 0x46, 0x21, 0x46, 0x21, 0x46, 0x21, 0x46, 0x21,
  0x46, 0x21, 0x46, 0x21, 0x46, 0x21, 0x46, 0x21, 0x46, 0x21, 0x46, 0x21, 0x46, 0x21, 0x46, 0x21,
  0x46, 0x21, 0x46, 0x21, 0x46, 0x21, 0x46, 0x21, 0x46, 0x21, 0x46, 0x21, 0x46, 0x21, 0x46, 0x21,
  0x46, 0x21, 0x46, 0x21, 0x46, 0x21, 0x46, 0x21, 0x46, 0x21, 0x46, 0x21, 0x46, 0x21, 0x46, 0x21,
  0x46, 0x21, 0x46, 0x21, 0x46, 0x21, 0x46, 0x21, 0x46, 0x21, 0x46, 0x21, 0x46, 0x21, 0x46, 0x21,
  0x46, 0x21, 0x46, 0x21, 0x46, 0x21, 0x46, 0x21, 0x46, 0x21, 0x46, 0x21, 0x46, 0x21, 0x46, 0x21,
  0x46, 0x21, 0x46, 0x21, 0x46, 0x21, 0x46, 0x21, 0x46, 0x21, 0x46, 0x21, 0x46, 0x21, 0x46, 0x21,
  0x46, 0x21, 0x46, 0x21, 0x46, 0x21, 0x46, 0x21, 0x46, 0x21, 0x46, 0x21, 0x46, 0x21, 0x46, 0x21,
  0x46, 0x21, 0x46, 0x21, 0x46, 0x21, 0x46, 0x21, 0x46, 0x21, 0x46, 0x21, 0x46, 0x21, 0x46, 0x21,
  0x46, 0x21, 0x46, 0x21, 0x46, 0x21, 0x46, 0x21, 0x46, 0x21, 0x46, 0x21, 0x46, 0x21, 0x46, 0x21,
  0x46, 0x21, 0x46, 0x21, 0x46, 0x21, 0x46, 0x21, 0x46, 0x21, 0x46, 0x21, 0x46, 0x21, 0x46, 0x21,
  0x46, 0x21, 0x46, 0x21, 0x46, 0x21, 0x46, 0x21, 0x46, 0x21, 0x46, 0x21, 0x46, 0x21, 0x46, 0x21,
  0x46, 0x21, 0x46, 0x21, 0x46, 0x21, 0x46, 0x21, 0x46, 0x21, 0x46, 0x21, 0x46, 0x21, 0x46, 0x21,
  0x46, 0x21, 0x46, 0x21, 0x46, 0x21, 0x46, 0x21, 0x46, 0x21, 0x46, 0x21, 0x46, 0x21, 0x46, 0x21,
  0x46, 0x21, 0x46, 0x21, 0x46, 0x21, 0x46, 0x21, 0x46, 0x21, 0x46, 0x21, 0x46, 0x21, 0x46, 0x21,
  0x46, 0x21, 0x46, 0x21, 0x46, 0x21, 0x46, 0x21, 0x46, 0x21, 0x46, 0x21, 0x46, 0x21, 0x46, 0x21,
  0x46, 0x21, 0x46, 0x21, 0x46, 0x21, 0x46, 0x21, 0x46, 0x21, 0x46, 0x21, 0x46, 0x21, 0x46, 0x21,
  0x46, 0x21, 0x46, 0x21, 0x46, 0x21, 0x46, 0x21, 0x46, 0x21, 0x46, 0x21, 0x46, 0x21, 0x46, 0x21,
  0x46, 0x21, 0x46, 0x21, 0x46, 0x21, 0x46, 0x21, 0x46, 0x21, 0x46, 0x21, 0x46, 0x21, 0x46, 0x21,
  0x46, 0x21, 0x46, 0x21, 0x46, 0x21, 0x46, 0x21, 0x46, 0x21, 0x46, 0x21, 0x46, 0x21, 0x46, 0x21,
  0x46, 0x21, 0x46, 0x21, 0x46, 0x21, 0x46, 0x21, 0x46, 0x21, 0x46, 0x21, 0x46, 0x21, 0x46, 0x21,
  0x46, 0x21, 0x46, 0x21, 0x46, 0x21, 0x46, 0x21, 0x46, 0x21, 0x46, 0x21, 0x46, 0x21, 0x46, 0x21,
  0x46, 0x21, 0x46, 0x21, 0x46, 0x21, 0x46, 0x21, 0x46, 0x21, 0x46, 0x21, 0x46, 0x21, 0x46, 0x21,
  0x46, 0x21, 0x46, 0x21, 0x46, 0x21, 0x46, 0x21, 0x46, 0x21, 0x46, 0x21, 0x46, 0x21, 0x46, 0x21,
  0x46, 0x21, 0x46, 0x21, 0x46, 0x21, 0x46, 0x21, 0x46, 0x21, 0x46, 0x21, 0x46, 0x21, 0x46, 0x21,
  0x46, 0x21, 0x46, 0x21, 0x46, 0x21, 0x46, 0x21, 0x46, 0x21, 0x46, 0x21, 0x46, 0x21, 0x46, 0x21,
  0x46, 0x21, 0x46, 0x21, 0x46, 0x21, 0x46, 0x21, 0x46, 0x21, 0x46, 0x21, 0x46, 0x21, 0x46, 0x21,
  0x46, 0x21, 0x46, 0x21, 0x46, 0x21, 0x46, 0x21, 0x46, 0x21, 0x46, 0x21, 0x46, 0x21, 0x46, 0x21,
  0x46, 0x21, 0x46, 0x21, 0x46, 0x21, 0x46, 0x21, 0x46, 0x21, 0x46, 0x21, 0x46, 0x21, 0x46, 0x21,
  0x46, 0x21, 0x46, 0x21, 0x46, 0x21, 0x46, 0x21, 0x46, 0x21, 0x46, 0x21, 0x46, 0x21, 0x46, 0x21,
  0x46, 0x21, 0x46, 0x21, 0x46, 0x21, 0x46, 0x21, 0x46, 0x21, 0x46, 0x21, 0x46, 0x21, 0x46, 0x21,
  0x46, 0x21, 0x46, 0x21, 0x46, 0x21, 0x46, 0x21, 0x46, 0x21, 0x46, 0x21, 0x46, 0x21, 0x46, 0x21,
  0x46, 0x21, 0x46, 0x21, 0x46, 0x21, 0x46, 0x21, 0x46, 0x21, 0x46, 0x21, 0x46, 0x21, 0x46, 0x21,
  0x46, 0x21, 0x46, 0x21, 0x46, 0x21, 0x46, 0x21, 0x46, 0x21, 0x46, 0x21, 0x46, 0x21, 0x46, 0x21,
  0x46, 0x21, 0x46, 0x21, 0x46, 0x21, 0x46, 0x21, 0x46, 0x21, 0x46, 0x21, 0x46, 0x21, 0x46, 0x21,
  0x46, 0x21, 0x46, 0x21, 0x46, 0x21, 0x46, 0x21, 0x46, 0x21, 0x46, 0x21, 0x46, 0x21, 0x46, 0x21,
  0x46, 0x21, 0x46, 0x21, 0x46, 0x21, 0x46, 0x21, 0x46, 0x21, 0x46, 0x21, 0x46, 0x21, 0x46, 0x21,
  0x46, 0x21, 0x46, 0x21, 0x46, 0x21, 0x46, 0x21, 0x46, 0x21, 0x46, 0x21, 0x46, 0x21, 0x46, 0x21,
  0x46, 0x21, 0x46, 0x21, 0x46, 0x21, 0x46, 0x21, 0x46, 0x21, 0x46, 0x21, 0x46, 0x21, 0x46, 0x21,
  0x46, 0x21, 0x46, 0x21, 0x46, 0x21, 0x46, 0x21, 0x46, 0x21, 0x46, 0x21, 0x46, 0x21, 0x46, 0x21,
  0x46, 0x21, 0x46, 0x21, 0x46, 0x21, 0x46, 0x21, 0x46, 0x21, 0x46, 0x21, 0x46, 0x21, 0x46, 0x21,
  0x46, 0x21, 0x46, 0x21, 0x46, 0x21, 0x46, 0x21, 0x46, 0x21, 0x46, 0x21, 0x46, 0x21, 0x46, 0x21,
  0x46, 0x21, 0x46, 0x21, 0x46, 0x21, 0x46, 0x21, 0x46, 0x21, 0x46, 0x21, 0x46, 0x21, 0x46, 0x21,
  0x46, 0x21, 0x46, 0x21, 0x46, 0x21, 0x46, 0x21, 0x46, 0x21, 0x46, 0x21, 0x46, 0x21, 0x46, 0x21,
  0x46, 0x21, 0x46, 0x21, 0x46, 0x21, 0x46, 0x21, 0x46, 0x21, 0x46, 0x21, 0x46, 0x21, 0x46, 0x21,
  0x46, 0x21, 0x46, 0x21, 0x46, 0x21, 0x46, 0x21, 0x46, 0x21, 0x46, 0x21, 0x46, 0x21, 0x46, 0x21,
  0x46, 0x21, 0x46, 0x21, 0x46, 0x21, 0x46, 0x21, 0x46, 0x21, 0x46, 0x21, 0x46, 0x21, 0x46, 0x21,
  0x46, 0x21, 0x46, 0x21, 0x46, 0x21, 0x46, 0x21, 0x46, 0x21, 0x46, 0x21, 0x46, 0x21, 0x46, 0x21,
  0x46, 0x21, 0x46, 0x21, 0x46, 0x21, 0x46, 0x21, 0x46, 0x21, 0x46, 0x21, 0x46, 0x21, 0x46, 0x21,
  0x46, 0x21, 0x46, 0x21, 0x46, 0x21, 0x46, 0x21, 0x46, 0x21, 0x46, 0x21, 0x46, 0x21, 0x46, 0x21,
  0x46, 0x21, 0x46, 0x21, 0x46, 0x21, 0x46, 0x21, 0x46, 0x21, 0x46, 0x21, 0x46, 0x21, 0x46, 0x21,
  0x46, 0x21, 0x46, 0x21, 0x46, 0x21, 0x46, 0x21, 0x46, 0x21, 0x46, 0x21, 0x46, 0x21, 0x46, 0x21,
  0x46, 0x21, 0x46, 0x21, 0x46, 0x21, 0x46, 0x21, 0x46, 0x21, 0x46, 0x21, 0x46, 0x21, 0x46, 0x21,
  0x46, 0x21, 0x46, 0x21, 0x46, 0x21, 0x46, 0x21, 0x46, 0x21, 0x46, 0x21, 0x46, 0x21, 0x46, 0x21,
  0x46, 0x21, 0x46, 0x21, 0x46, 0x21, 0x46, 0x21, 0x46, 0x21, 0x46, 0x21, 0x46, 0x21, 0x46, 0x21,
  0x46, 0x21, 0x46, 0x21, 0x46, 0x21, 0x46, 0x21, 0x46, 0x21, 0x46, 0x21, 0x46, 0x21, 0x46, 0x21,
  0x46, 0x21, 0x46, 0x21, 0x46, 0x21, 0x46, 0x21, 0x46, 0x21, 0x46, 0x21, 0x46, 0x21, 0x46, 0x21,
  0x46, 0x21, 0x46, 0x21, 0x46, 0x21, 0x46, 0x21, 0x46, 0x21, 0x46, 0x21, 0x46, 0x21, 0x46, 0x21,
  0x46, 0x21, 0x46, 0x21, 0x46, 0x21, 0x46, 0x21, 0x46, 0x21, 0x46, 0x21, 0x46, 0x21, 0x46, 0x21,
  0x46, 0x21, 0x46, 0x21, 0x46, 0x21, 0x46, 0x21, 0x46, 0x21, 0x46, 0x21, 0x46, 0x21, 0x46, 0x21,
  0x46, 0x21, 0x46, 0x21, 0x46, 0x21, 0x46, 0x21, 0x46, 0x21, 0x46, 0x21, 0x46, 0x21, 0x46, 0x21,
  0x46, 0x21, 0x46, 0x21, 0x46, 0x21, 0x46, 0x21, 0x46, 0x21, 0x46, 0x21, 0x46, 0x21, 0x46, 0x21,
  0x46, 0x21, 0x46, 0x21, 0x46, 0x21, 0x46, 0x21, 0x46, 0x21, 0x46, 0x21, 0x46, 0x21, 0x46, 0x21,
  0x46, 0x21, 0x46, 0x21, 0x46, 0x21, 0x46, 0x21, 0x46, 0x21, 0x46, 0x21, 0x46, 0x21, 0x46, 0x21,
  0x46, 0x21, 0x46, 0x21, 0x46, 0x21, 0x46, 0x21, 0x46, 0x21, 0x46, 0x21, 0x46, 0x21, 0x46, 0x21,
  0x46, 0x21, 0x46, 0x21, 0x46, 0x21, 0x46, 0x21, 0x46, 0x21, 0x46, 0x21, 0x46, 0x21, 0x46, 0x21,
  0x46, 0x21, 0x46, 0x21, 0x46, 0x21, 0x46, 0x21, 0x46, 0x21, 0x46, 0x21, 0x46, 0x21, 0x46, 0x21,
  0x46, 0x21, 0x46, 0x21, 0x46, 0x21, 0x46, 0x21, 0x46, 0x21, 0x46, 0x21, 0x46, 0x21, 0x46, 0x21,
  0x46, 0x21, 0x46, 0x21, 0x46, 0x21, 0x46, 0x21, 0x46, 0x21, 0x46, 0x21, 0x46, 0x21, 0x46, 0x21,
  0x46, 0x21, 0x46, 0x21, 0x46, 0x21, 0x46, 0x21, 0x46, 0x21, 0x46, 0x21, 0x46, 0x21, 0x46, 0x21,
  0x46, 0x21, 0x46, 0x21, 0x46, 0x21, 0x46, 0x21, 0x46, 0x21, 0x46, 0x21, 0x46, 0x21, 0x46, 0x21,
  0x46, 0x21, 0x46, 0x21, 0x46, 0x21, 0x46, 0x21, 0x46, 0x21, 0x46, 0x21, 0x46, 0x21, 0x46, 0x21,
  0x46, 0x21, 0x46, 0x21, 0x46, 0x21, 0x46, 0x21, 0x46, 0x21, 0x46, 0x21, 0x46, 0x21, 0x46, 0x21,
  0x46, 0x21, 0x46, 0x21, 0x46, 0x21, 0x46, 0x21, 0x46, 0x21, 0x46, 0x21, 0x46, 0x21, 0x46, 0x21,
  0x46, 0x21, 0x46, 0x21, 0x46, 0x21, 0x46, 0x21, 0x46, 0x21, 0x46, 0x21, 0x46, 0x21, 0x46, 0x21,
  0x46, 0x21, 0x46, 0x21, 0x46, 0x21, 0x46, 0x21, 0x46, 0x21, 0x46, 0x21, 0x46, 0x21, 0x46, 0x21,
  0x46, 0x21, 0x46, 0x21, 0x46, 0x21, 0x46, 0x21, 0x46, 0x21, 0x46, 0x21, 0x46, 0x21, 0x46, 0x21,
  0x46, 0x21, 0x46, 0x21, 0x46, 0x21, 0x46, 0x21, 0x46, 0x21, 0x46, 0x21, 0x46, 0x21, 0x46, 0x21,
  0x46, 0x21, 0x46, 0x21, 0x46, 0x21, 0x46, 0x21, 0x46, 0x21, 0x46, 0x21, 0x46, 0x21, 0x46, 0x21,
  0x46, 0x21, 0x46, 0x21, 0x46, 0x21, 0x46, 0x21, 0x46, 0x21, 0x46, 0x21, 0x46, 0x21, 0x46, 0x21,
  0x46, 0x21, 0x46, 0x21, 0x46, 0x21, 0x46, 0x21, 0x46, 0x21, 0x46, 0x21, 0x46, 0x21, 0x46, 0x21,
  0x46, 0x21, 0x46, 0x21, 0x46, 0x21, 0x46, 0x21, 0x46, 0x21, 0x46, 0x21, 0x46, 0x21, 0x46, 0x21,
  0x46, 0x21, 0x46, 0x21, 0x46, 0x21, 0x46, 0x21, 0x46, 0x21, 0x46, 0x21, 0x46, 0x21, 0x46, 0x21,
  0x46, 0x21, 0x46, 0x21, 0x46, 0x21, 0x46, 0x21, 0x46, 0x21, 0x46, 0x21, 0x46, 0x21, 0x46, 0x21,
  0x46, 0x21, 0x46, 0x21, 0x46, 0x21, 0x46, 0x21, 0x46, 0x21, 0x46, 0x21, 0x46, 0x21, 0x46, 0x21,
  0x46, 0x21, 0x46, 0x21, 0x46, 0x21, 0x46, 0x21, 0x46, 0x21, 0x46, 0x21, 0x46, 0x21, 0x46, 0x21,
  0x46, 0x21, 0x46, 0x21, 0x46, 0x21, 0x46, 0x21, 0x46, 0x21, 0x46, 0x21, 0x46, 0x21, 0x46, 0x21,
  0x46, 0x21, 0x46, 0x21, 0x46, 0x21, 0x46, 0x21, 0x46, 0x21, 0x46, 0x21, 0x46, 0x21, 0x46, 0x21,
  0x46, 0x21, 0x46, 0x21, 0x46, 0x21, 0x46, 0x21, 0x46, 0x21, 0x46, 0x21, 0x46, 0x21, 0x46, 0x21,
  0x46, 0x21, 0x46, 0x21, 0x46, 0x21, 0x46, 0x21, 0x46, 0x21, 0x46, 0x21, 0x46, 0x21, 0x46, 0x21,
  0x46, 0x21, 0x46, 0x21, 0x46, 0x21, 0x46, 0x21, 0x46, 0x21, 0x46, 0x21, 0x46, 0x21, 0x46, 0x21,
  0x46, 0x21, 0x46, 0x21, 0x46, 0x21, 0x46, 0x21, 0x46, 0x21, 0x46, 0x21, 0x46, 0x21, 0x46, 0x21,
  0x46, 0x21, 0x46, 0x21, 0x46, 0x21, 0x46, 0x21, 0x46, 0x21, 0x46, 0x21, 0x46, 0x21, 0x46, 0x21,
  0x46, 0x21, 0x46, 0x21, 0x46, 0x21, 0x46, 0x21, 0x46, 0x21, 0x46, 0x21, 0x46, 0x21, 0x46, 0x21,
  0x46, 0x21, 0x46, 0x21, 0x46, 0x21, 0x46, 0x21, 0x46, 0x21, 0x46, 0x21, 0x46, 0x21, 0x46, 0x21,
  0x46, 0x21, 0x46, 0x21, 0x46, 0x21, 0x46, 0x21, 0x46, 0x21, 0x46, 0x21, 0x46, 0x21, 0x46, 0x21,
  0x46, 0x21, 0x46, 0x21, 0x46, 0x21, 0x46, 0x21, 0x46, 0x21, 0x46, 0x21, 0x46, 0x21, 0x46, 0x21,
  0x46, 0x21, 0x46, 0x21, 0x46, 0x21, 0x46, 0x21, 0x46, 0x21, 0x46, 0x21, 0x46, 0x21, 0x46, 0x21,
  0x46, 0x21, 0x46, 0x21, 0x46, 0x21, 0x46, 0x21, 0x46, 0x21, 0x46, 0x21, 0x46, 0x21, 0x46, 0x21,
  0x46, 0x21, 0x46, 0x21, 0x46, 0x21, 0x46, 0x21, 0x46, 0x21, 0x46, 0x21, 0x46, 0x21, 0x46, 0x21,
  0x46, 0x21, 0x46, 0x21, 0x46, 0x21, 0x46, 0x21, 0x46, 0x21, 0x46, 0x21, 0x46, 0x21, 0x46, 0x21,
  0x46, 0x21, 0x46, 0x21, 0x46, 0x21, 0x46, 0x21, 0x46, 0x21, 0x46, 0x21, 0x46, 0x21, 0x46, 0x21,
  0x46, 0x21, 0x46, 0x21, 0x46, 0x21, 0x46, 0x21, 0x46, 0x21, 0x46, 0x21, 0x46, 0x21, 0x46, 0x21,
  0x46, 0x21, 0x46, 0x21, 0x46, 0x21, 0x46, 0x21, 0x46, 0x21, 0x46, 0x21, 0x46, 0x21, 0x46, 0x21,
  0x46, 0x21, 0x46, 0x21, 0x46, 0x21, 0x46, 0x21, 0x46, 0x21, 0x46, 0x21, 0x46, 0x21, 0x46, 0x21,
  0x46, 0x21, 0x46, 0x21, 0x46, 0x21, 0x46, 0x21, 0x46, 0x21, 0x46, 0x21, 0x46, 0x21, 0x46, 0x21,
  0x46, 0x21, 0x46, 0x21, 0x46, 0x21, 0x46, 0x21, 0x46, 0x21, 0x46, 0x21, 0x46, 0x21, 0x46, 0x21,
  0x46, 0x21, 0x46, 0x21, 0x46, 0x21, 0x46, 0x21, 0x46, 0x21, 0x46, 0x21, 0x46, 0x21, 0x46, 0x21,
  0x46, 0x21, 0x46, 0x21, 0x46, 0x21, 0x46, 0x21, 0x46, 0x21, 0x46, 0x21, 0x46, 0x21, 0x46, 0x21,
  0x46, 0x21, 0x46, 0x21, 0x46, 0x21, 0x46, 0x21, 0x46, 0x21, 0x46, 0x21, 0x46, 0x21, 0x46, 0x21,
  0x46, 0x21, 0x46, 0x21, 0x46, 0x21, 0x46, 0x21, 0x46, 0x21, 0x46, 0x21, 0x46, 0x21, 0x46, 0x21,
  0x46, 0x21, 0x46, 0x21, 0x46, 0x21, 0x46, 0x21, 0x46, 0x21, 0x46, 0x21, 0x46, 0x21, 0x46, 0x21,
  0x46, 0x21, 0x46, 0x21, 0x46, 0x21, 0x46, 0x21, 0x46, 0x21, 0x46, 0x21, 0x46, 0x21, 0x46, 0x21,
  0x46, 0x21, 0x46, 0x21, 0x46, 0x21, 0x46, 0x21, 0x46, 0x21, 0x46, 0x21, 0x46, 0x21, 0x46, 0x21,
  0x46, 0x21, 0x46, 0x21, 0x46, 0x21, 0x46, 0x21, 0x46, 0x21, 0x46, 0x21, 0x46, 0x21, 0x46, 0x21,
  0x46, 0x21, 0x46, 0x21, 0x46, 0x21, 0x46, 0x21, 0x46, 0x21, 0x46, 0x21, 0x46, 0x21, 0x46, 0x21,
  0x46, 0x21, 0x46, 0x21, 0x46, 0x21, 0x46, 0x21, 0x46, 0x21, 0x46, 0x21, 0x46, 0x21, 0x46, 0x21,
  0x46, 0x21, 0x46, 0x21, 0x46, 0x21, 0x46, 0x21, 0x46, 0x21, 0x46, 0x21, 0x46, 0x21, 0x46, 0x21,
  0x46, 0x21, 0x46, 0x21, 0x46, 0x21, 0x46, 0x21, 0x46, 0x21, 0x46, 0x21, 0x46, 0x21, 0x46, 0x21,
  0x46, 0x21, 0x46, 0x21, 0x46, 0x21, 0x46, 0x21, 0x46, 0x21, 0x46, 0x21, 0x46, 0x21, 0x46, 0x21,
  0x46, 0x21, 0x46, 0x21, 0x46, 0x21, 0x46, 0x21, 0x46, 0x21, 0x46, 0x21, 0x46, 0x21, 0x46, 0x21,
  0x46, 0x21, 0x46, 0x21, 0x46, 0x21, 0x46, 0x21, 0x46, 0x21, 0x46, 0x21, 0x46, 0x21, 0x46, 0x21,
  0x46, 0x21, 0x46, 0x21, 0x46, 0x21, 0x46, 0x21, 0x46, 0x21, 0x46, 0x21, 0x46, 0x21, 0x46, 0x21,
  0x46, 0x21, 0x46, 0x21, 0x46, 0x21, 0x46, 0x21, 0x46, 0x21, 0x46, 0x21, 0x46, 0x21, 0x46, 0x21,
  0x46, 0x21, 0x46, 0x21, 0x46, 0x21, 0x46, 0x21, 0x46, 0x21, 0x46, 0x21, 0x46, 0x21, 0x46, 0x21,
  0x46, 0x21, 0x46, 0x21, 0x46, 0x21, 0x46, 0x21, 0x46, 0x21, 0x46, 0x21, 0x46, 0x21, 0x46, 0x21,
  0x46, 0x21, 0x46, 0x21, 0x46, 0x21, 0x46, 0x21, 0x46, 0x21, 0x46, 0x21, 0x46, 0x21, 0x46, 0x21,
  0x46, 0x21, 0x46, 0x21, 0x46, 0x21, 0x46, 0x21, 0x46, 0x21, 0x46, 0x21, 0x46, 0x21, 0x46, 0x21,
  0x46, 0x21, 0x46, 0x21, 0x46, 0x21, 0x46, 0x21, 0x46, 0x21, 0x46, 0x21, 0x46, 0x21, 0x46, 0x21,
  0x46, 0x21, 0x46, 0x21, 0x46, 0x21, 0x46, 0x21, 0x46, 0x21, 0x46, 0x21, 0x46, 0x21, 0x46, 0x21,
  0x46, 0x21, 0x46, 0x21, 0x46, 0x21, 0x46, 0x21, 0x46, 0x21, 0x46, 0x21, 0x46, 0x21, 0x46, 0x21,
  0x46, 0x21, 0x46, 0x21, 0x46, 0x21, 0x46, 0x21, 0x46, 0x21, 0x46, 0x21, 0x46, 0x21, 0x46, 0x21,
  0x46, 0x21, 0x46, 0x21, 0x46, 0x21, 0x46, 0x21, 0x46, 0x21, 0x46, 0x21, 0x46, 0x21, 0x46, 0x21,
  0x46, 0x21, 0x46, 0x21, 0x46, 0x21, 0x46, 0x21, 0x46, 0x21, 0x46, 0x21, 0x46, 0x21, 0x46, 0x21,
  0x46, 0x21, 0x46, 0x21, 0x46, 0x21, 0x46, 0x21, 0x46, 0x21, 0x46, 0x21, 0x46, 0x21, 0x46, 0x21,
  0x46, 0x21, 0x46, 0x21, 0x46, 0x21, 0x46, 0x21, 0x46, 0x21, 0x46, 0x21, 0x46, 0x21, 0x46, 0x21,
  0x46, 0x21, 0x46, 0x21, 0x46, 0x21, 0x46, 0x21, 0x46, 0x21, 0x46, 0x21, 0x46, 0x21, 0x46, 0x21,
  0x46, 0x21, 0x46, 0x21, 0x46, 0x21, 0x46, 0x21, 0x46, 0x21, 0x46, 0x21, 0x46, 0x21, 0x46, 0x21,
  0x46, 0x21, 0x46, 0x21, 0x46, 0x21, 0x46, 0x21, 0x46, 0x21, 0x46, 0x21, 0x46, 0x21, 0x46, 0x21,
  0x46, 0x21, 0x46, 0x21, 0x46, 0x21, 0x46, 0x21, 0x46, 0x21, 0x46, 0x21, 0x46, 0x21, 0x46, 0x21,
  0x46, 0x21, 0x46, 0x21, 0x46, 0x21, 0x46, 0x21, 0x46, 0x21, 0x46, 0x21, 0x46, 0x21, 0x46, 0x21,
  0x46, 0x21, 0x46, 0x21, 0x46, 0x21, 0x46, 0x21, 0x46, 0x21, 0x46, 0x21, 0x46, 0x21, 0x46, 0x21,
  0x46, 0x21, 0x46, 0x21, 0x46, 0x21, 0x46, 0x21, 0x46, 0x21, 0x46, 0x21, 0x46, 0x21, 0x46, 0x21,
  0x46, 0x21, 0x46, 0x21, 0x46, 0x21, 0x46, 0x21, 0x46, 0x21, 0x46, 0x21, 0x46, 0x21, 0x46, 0x21,
  0x46, 0x21, 0x46, 0x21, 0x46, 0x21, 0x46, 0x21, 0x46, 0x21, 0x46, 0x21, 0x46, 0x21, 0x46, 0x21,
  0x46, 0x21, 0x46, 0x21, 0x46, 0x21, 0x46, 0x21, 0x46, 0x21, 0x46, 0x21, 0x46, 0x21, 0x46, 0x21,
  0x46, 0x21, 0x46, 0x21, 0x46, 0x21, 0x46, 0x21, 0x46, 0x21, 0x46, 0x21, 0x46, 0x21, 0x46, 0x21,
  0x46, 0x21, 0x46, 0x21, 0x46, 0x21, 0x46, 0x21, 0x46, 0x21, 0x46, 0x21, 0x46, 0x21, 0x46, 0x21,
  0x46, 0x21, 0x46, 0x21, 0x46, 0x21, 0x46, 0x21, 0x46, 0x21, 0x46, 0x21, 0x46, 0x21, 0x46, 0x21,
  0x46, 0x21, 0x46, 0x21, 0x46, 0x21, 0x46, 0x21, 0x46, 0x21, 0x46, 0x21, 0x46, 0x21, 0x46, 0x21,
  0x46, 0x21, 0x46, 0x21, 0x46, 0x21, 0x46, 0x21, 0x46, 0x21, 0x46, 0x21, 0x46, 0x21, 0x46, 0x21,
  0x46, 0x21, 0x46, 0x21, 0x46, 0x21, 0x46, 0x21, 0x46, 0x21, 0x46, 0x21, 0x46, 0x21, 0x46, 0x21,
  0x46, 0x21, 0x46, 0x21, 0x46, 0x21, 0x46, 0x21, 0x46, 0x21, 0x46, 0x21, 0x46, 0x21, 0x46, 0x21,
  0x46, 0x21, 0x46, 0x21, 0x46, 0x21, 0x46, 0x21, 0x46, 0x21, 0x46, 0x21, 0x46, 0x21, 0x46, 0x21,
  0x46, 0x21, 0x46, 0x21, 0x46, 0x21, 0x46, 0x21, 0x46, 0x21, 0x46, 0x21, 0x46, 0x21, 0x46, 0x21,
  0x46, 0x21, 0x46, 0x21, 0x46, 0x21, 0x46, 0x21, 0x46, 0x21, 0x46, 0x21, 0x46, 0x21, 0x46, 0x21,
  0x46, 0x21, 0x46, 0x21, 0x46, 0x21, 0x46, 0x21, 0x46, 0x21, 0x46, 0x21, 0x46, 0x21, 0x46, 0x21,
  0x46, 0x21, 0x46, 0x21, 0x46, 0x21, 0x46, 0x21, 0x46, 0x21, 0x46, 0x21, 0x46, 0x21, 0x46, 0x21,
  0x46, 0x21, 0x46, 0x21, 0x46, 0x21, 0x46, 0x21, 0x46, 0x21, 0x46, 0x21, 0x46, 0x21, 0x46, 0x21,
  0x46, 0x21, 0x46, 0x21, 0x46, 0x21, 0x46, 0x21, 0x46, 0x21, 0x46, 0x21, 0x46, 0x21, 0x46, 0x21,
  0x46, 0x21, 0x46, 0x21, 0x46, 0x21, 0x46, 0x21, 0x46, 0x21, 0x46, 0x21, 0x46, 0x21, 0x46, 0x21,
  0x46, 0x21, 0x46, 0x21, 0x46, 0x21, 0x46, 0x21, 0x46, 0x21, 0x46, 0x21, 0x46, 0x21, 0x46, 0x21,
  0x46, 0x21, 0x46, 0x21, 0x46, 0x21, 0x46, 0x21, 0x46, 0x21, 0x46, 0x21, 0x46, 0x21, 0x46, 0x21,
  0x46, 0x21, 0x46, 0x21, 0x46, 0x21, 0x46, 0x21, 0x46, 0x21, 0x46, 0x21, 0x46, 0x21, 0x46, 0x21,
  0x46, 0x21, 0x46, 0x21, 0x46, 0x21, 0x46, 0x21, 0x46, 0x21, 0x46, 0x21, 0x46, 0x21, 0x46, 0x21,
  0x46, 0x21, 0x46, 0x21, 0x46, 0x21, 0x46, 0x21, 0x46, 0x21, 0x46, 0x21, 0x46, 0x21, 0x46, 0x21,
  0x46, 0x21, 0x46, 0x21, 0x46, 0x21, 0x46, 0x21, 0x46, 0x21, 0x46, 0x21, 0x46, 0x21, 0x46, 0x21,
  0x46, 0x21, 0x46, 0x21, 0x46, 0x21, 0x46, 0x21, 0x46, 0x21, 0x46, 0x21, 0x46, 0x21, 0x46, 0x21,
  0x46, 0x21, 0x46, 0x21, 0x46, 0x21, 0x46, 0x21, 0x46, 0x21, 0x46, 0x21, 0x46, 0x21, 0x46, 0x21,
  0x46, 0x21, 0x46, 0x21, 0x46, 0x21, 0x46, 0x21, 0x46, 0x21, 0x46, 0x21, 0x46, 0x21, 0x46, 0x21,
  0x46, 0x21, 0x46, 0x21, 0x46, 0x21, 0x46, 0x21, 0x46, 0x21, 0x46, 0x21, 0x46, 0x21, 0x46, 0x21,
  0x46, 0x21, 0x46, 0x21, 0x46, 0x21, 0x46, 0x21, 0x46, 0x21, 0x46, 0x21, 0x46, 0x21, 0x46, 0x21,
  0x46, 0x21, 0x46, 0x21, 0x46, 0x21, 0x46, 0x21, 0x46, 0x21, 0x46, 0x21, 0x46, 0x21, 0x46, 0x21,
  0x46, 0x21, 0x46, 0x21, 0x46, 0x21, 0x46, 0x21, 0x46, 0x21, 0x46, 0x21, 0x46, 0x21, 0x46, 0x21,
  0x46, 0x21, 0x46, 0x21, 0x46, 0x21, 0x46, 0x21, 0x46, 0x21, 0x46, 0x21, 0x46, 0x21, 0x46, 0x21,
  0x46, 0x21, 0x46, 0x21, 0x46, 0x21, 0x46, 0x21, 0x46, 0x21, 0x46, 0x21, 0x46, 0x21, 0x46, 0x21,
  0x46, 0x21, 0x46, 0x21, 0x46, 0x21, 0x46, 0x21, 0x46, 0x21, 0x46, 0x21, 0x46, 0x21, 0x46, 0x21,
  0x46, 0x21, 0x46, 0x21, 0x46, 0x21, 0x46, 0x21, 0x46, 0x21, 0x46, 0x21, 0x46, 0x21, 0x46, 0x21,
  0x46, 0x21, 0x46, 0x21, 0x46, 0x21, 0x46, 0x21, 0x46, 0x21, 0x46, 0x21, 0x46, 0x21, 0x46, 0x21,
  0x46, 0x21, 0x46, 0x21, 0x46, 0x21, 0x46, 0x21, 0x46, 0x21, 0x46, 0x21, 0x46, 0x21, 0x46, 0x21,
  0x46, 0x21, 0x46, 0x21, 0x46, 0x21, 0x46, 0x21, 0x46, 0x21, 0x46, 0x21, 0x46, 0x21, 0x46, 0x21,
  0x46, 0x21, 0x46, 0x21, 0x46, 0x21, 0x46, 0x21, 0x46, 0x21, 0x46, 0x21, 0x46, 0x21, 0x46, 0x21,
  0x46, 0x21, 0x46, 0x21, 0x46, 0x21, 0x46, 0x21, 0x46, 0x21, 0x46, 0x21, 0x46, 0x21, 0x46, 0x21,
  0x46, 0x21, 0x46, 0x21, 0x46, 0x21, 0x46, 0x21, 0x46, 0x21, 0x46, 0x21, 0x46, 0x21, 0x46, 0x21,
  0x46, 0x21, 0x46, 0x21, 0x46, 0x21, 0x46, 0x21, 0x46, 0x21, 0x46, 0x21, 0x46, 0x21, 0x46, 0x21,
  0x46, 0x21, 0x46, 0x21, 0x46, 0x21, 0x46, 0x21, 0x46, 0x21, 0x46, 0x21, 0x46, 0x21, 0x46, 0x21,
  0x46, 0x21, 0x46, 0x21, 0x46, 0x21, 0x46, 0x21, 0x46, 0x21, 0x46, 0x21, 0x46, 0x21, 0x46, 0x21,
  0x46, 0x21, 0x46, 0x21, 0x46, 0x21, 0x46, 0x21, 0x46, 0x21, 0x46, 0x21, 0x46, 0x21, 0x46, 0x21,
  0x46, 0x21, 0x46, 0x21, 0x46, 0x21, 0x46, 0x21, 0x46, 0x21, 0x46, 0x21, 0x46, 0x21, 0x46, 0x21,
  0x46, 0x21, 0x46, 0x21, 0x46, 0x21, 0x46, 0x21, 0x46, 0x21, 0x46, 0x21, 0x46, 0x21, 0x46, 0x21,
  0x46, 0x21, 0x46, 0x21, 0x46, 0x21, 0x46, 0x21, 0x46, 0x21, 0x46, 0x21, 0x46, 0x21, 0x46, 0x21,
  0x46, 0x21, 0x46, 0x21, 0x46, 0x21, 0x46, 0x21, 0x46, 0x21, 0x46, 0x21, 0x46, 0x21, 0x46, 0x21,
  0x46, 0x21, 0x46, 0x21, 0x46, 0x21, 0x46, 0x21, 0x46, 0x21, 0x46, 0x21, 0x46, 0x21, 0x46, 0x21,
  0x46, 0x21, 0x46, 0x21, 0x46, 0x21, 0x46, 0x21, 0x46, 0x21, 0x46, 0x21, 0x46, 0x21, 0x46, 0x21,
  0x46, 0x21, 0x46, 0x21, 0x46, 0x21, 0x46, 0x21, 0x46, 0x21, 0x46, 0x21, 0x46, 0x21, 0x46, 0x21,
  0x46, 0x21, 0x46, 0x21, 0x46, 0x21, 0x46, 0x21, 0x46, 0x21, 0x46, 0x21, 0x46, 0x21, 0x46, 0x21,
  0x46, 0x21, 0x46, 0x21, 0x46, 0x21, 0x46, 0x21, 0x46, 0x21, 0x46, 0x21, 0x46, 0x21, 0x46, 0x21,
  0x46, 0x21, 0x46, 0x21, 0x46, 0x21, 0x46, 0x21, 0x46, 0x21, 0x46, 0x21, 0x46, 0x21, 0x46, 0x21,
  0x46, 0x21, 0x46, 0x21, 0x46, 0x21, 0x46, 0x21, 0x46, 0x21, 0x46, 0x21, 0x46, 0x21, 0x46, 0x21,
  0x46, 0x21, 0x46, 0x21, 0x46, 0x21, 0x46, 0x21, 0x46, 0x21, 0x46, 0x21, 0x46, 0x21, 0x46, 0x21,
  0x46, 0x21, 0x46, 0x21, 0x46, 0x21, 0x46, 0x21, 0x46, 0x21, 0x46, 0x21, 0x46, 0x21, 0x46, 0x21,
  0x46, 0x21, 0x46, 0x21, 0x46, 0x21, 0x46, 0x21, 0x46, 0x21, 0x46, 0x21, 0x46, 0x21, 0x46, 0x21,
  0x46, 0x21, 0x46, 0x21, 0x46, 0x21, 0x46, 0x21, 0x46, 0x21, 0x46, 0x21, 0x46, 0x21, 0x46, 0x21,
  0x46, 0x21, 0x46, 0x21, 0x46, 0x21, 0x46, 0x21, 0x46, 0x21, 0x46, 0x21, 0x46, 0x21, 0x46, 0x21,
  0x46, 0x21, 0x46, 0x21, 0x46, 0x21, 0x46, 0x21, 0x46, 0x21, 0x46, 0x21, 0x46, 0x21, 0x46, 0x21,
  0x46, 0x21, 0x46, 0x21, 0x46, 0x21, 0x46, 0x21, 0x46, 0x21, 0x46, 0x21, 0x46, 0x21, 0x46, 0x21,
  0x46, 0x21, 0x46, 0x21, 0x46, 0x21, 0x46, 0x21, 0x46, 0x21, 0x46, 0x21, 0x46, 0x21, 0x46, 0x21,
  0x46, 0x21, 0x46, 0x21, 0x46, 0x21, 0x46, 0x21, 0x46, 0x21, 0x46, 0x21, 0x46, 0x21, 0x46, 0x21,
  0x46, 0x21, 0x46, 0x21, 0x46, 0x21, 0x46, 0x21, 0x46, 0x21, 0x46, 0x21, 0x46, 0x21, 0x46, 0x21,
  0x46, 0x21, 0x46, 0x21, 0x46, 0x21, 0x46, 0x21, 0x46, 0x21, 0x46, 0x21, 0x46, 0x21, 0x46, 0x21,
  0x46, 0x21, 0x46, 0x21, 0x46, 0x21, 0x46, 0x21, 0x46, 0x21, 0x46, 0x21, 0x46, 0x21, 0x46, 0x21,
  0x46, 0x21, 0x46, 0x21, 0x46, 0x21, 0x46, 0x21, 0x46, 0x21, 0x46, 0x21, 0x46, 0x21, 0x46, 0x21,
  0x46, 0x21, 0x46, 0x21, 0x46, 0x21, 0x46, 0x21, 0x46, 0x21, 0x46, 0x21, 0x46, 0x21, 0x46, 0x21,
  0x46, 0x21, 0x46, 0x21, 0x46, 0x21, 0x46, 0x21, 0x46, 0x21, 0x46, 0x21, 0x46, 0x21, 0x46, 0x21,
  0x46, 0x21, 0x46, 0x21, 0x46, 0x21, 0x46, 0x21, 0x46, 0x21, 0x46, 0x21, 0x46, 0x21, 0x46, 0x21,
  0x46, 0x21, 0x46, 0x21, 0x46, 0x21, 0x46, 0x21, 0x46, 0x21, 0x46, 0x21, 0x46, 0x21, 0x46, 0x21,
  0x46, 0x21, 0x46, 0x21, 0x46, 0x21, 0x46, 0x21, 0x46, 0x21, 0x46, 0x21, 0x46, 0x21, 0x46, 0x21,
  0x46, 0x21, 0x46, 0x21, 0x46, 0x21, 0x46, 0x21, 0x46, 0x21, 0x46, 0x21, 0x46, 0x21, 0x46, 0x21,
  0x46, 0x21, 0x46, 0x21, 0x46, 0x21, 0x46, 0x21, 0x46, 0x21, 0x46, 0x21, 0x46, 0x21, 0x46, 0x21,
  0x46, 0x21, 0x46, 0x21, 0x46, 0x21, 0x46, 0x21, 0x46, 0x21, 0x46, 0x21, 0x46, 0x21, 0x46, 0x21,
  0x46, 0x21, 0x46, 0x21, 0x46, 0x21, 0x46, 0x21, 0x46, 0x21, 0x46, 0x21, 0x46, 0x21, 0x46, 0x21,
  0x46, 0x21, 0x46, 0x21, 0x46, 0x21, 0x46, 0x21, 0x46, 0x21, 0x46, 0x21, 0x46, 0x21, 0x46, 0x21,
  0x46, 0x21, 0x46, 0x21, 0x46, 0x21, 0x46, 0x21, 0x46, 0x21, 0x46, 0x21, 0x46, 0x21, 0x46, 0x21,
  0x46, 0x21, 0x46, 0x21, 0x46, 0x21, 0x46, 0x21, 0x46, 0x21, 0x46, 0x21, 0x46, 0x21, 0x46, 0x21,
  0x46, 0x21, 0x46, 0x21, 0x46, 0x21, 0x46, 0x21, 0x46, 0x21, 0x46, 0x21, 0x46, 0x21, 0x46, 0x21,
  0x46, 0x21, 0x46, 0x21, 0x46, 0x21, 0x46, 0x21, 0x46, 0x21, 0x46, 0x21, 0x46, 0x21, 0x46, 0x21,
  0x46, 0x21, 0x46, 0x21, 0x46, 0x21, 0x46, 0x21, 0x46, 0x21, 0x46, 0x21, 0x46, 0x21, 0x46, 0x21,
  0x46, 0x21, 0x46, 0x21, 0x46, 0x21, 0x46, 0x21, 0x46, 0x21, 0x46, 0x21, 0x46, 0x21, 0x46, 0x21,
  0x46, 0x21, 0x46, 0x21, 0x46, 0x21, 0x46, 0x21, 0x46, 0x21, 0x46, 0x21, 0x46, 0x21, 0x46, 0x21,
  0x46, 0x21, 0x46, 0x21, 0x46, 0x21, 0x46, 0x21, 0x46, 0x21, 0x46, 0x21, 0x46, 0x21, 0x46, 0x21,
  0x46, 0x21, 0x46, 0x21, 0x46, 0x21, 0x46, 0x21, 0x46, 0x21, 0x46, 0x21, 0x46, 0x21, 0x46, 0x21,
  0x46, 0x21, 0x46, 0x21, 0x46, 0x21, 0x46, 0x21, 0x46, 0x21, 0x46, 0x21, 0x46, 0x21, 0x46, 0x21,
  0x46, 0x21, 0x46, 0x21, 0x46, 0x21, 0x46, 0x21, 0x46, 0x21, 0x46, 0x21, 0x46, 0x21, 0x46, 0x21,
  0x46, 0x21, 0x46, 0x21, 0x46, 0x21, 0x46, 0x21, 0x46, 0x21, 0x46, 0x21, 0x46, 0x21, 0x46, 0x21,
  0x46, 0x21, 0x46, 0x21, 0x46, 0x21, 0x46, 0x21, 0x46, 0x21, 0x46, 0x21, 0x46, 0x21, 0x46, 0x21,
  0x46, 0x21, 0x46, 0x21, 0x46, 0x21, 0x46, 0x21, 0x46, 0x21, 0x46, 0x21, 0x46, 0x21, 0x46, 0x21,
  0x46, 0x21, 0x46, 0x21, 0x46, 0x21, 0x46, 0x21, 0x46, 0x21, 0x46, 0x21, 0x46, 0x21, 0x46, 0x21,
  0x46, 0x21, 0x46, 0x21, 0x46, 0x21, 0x46, 0x21, 0x46, 0x21, 0x46, 0x21, 0x46, 0x21, 0x46, 0x21,
  0x46, 0x21, 0x46, 0x21, 0x46, 0x21, 0x46, 0x21, 0x46, 0x21, 0x46, 0x21, 0x46, 0x21, 0x46, 0x21,
  0x46, 0x21, 0x46, 0x21, 0x46, 0x21, 0x46, 0x21, 0x46, 0x21, 0x46, 0x21, 0x46, 0x21, 0x46, 0x21,
  0x46, 0x21, 0x46, 0x21, 0x46, 0x21, 0x46, 0x21, 0x46, 0x21, 0x46, 0x21, 0x46, 0x21, 0x46, 0x21,
  0x46, 0x21, 0x46, 0x21, 0x46, 0x21, 0x46, 0x21, 0x46, 0x21, 0x46, 0x21, 0x46, 0x21, 0x46, 0x21,
  0x46, 0x21, 0x46, 0x21, 0x46, 0x21, 0x46, 0x21, 0x46, 0x21, 0x46, 0x21, 0x46, 0x21, 0x46, 0x21,
  0x46, 0x21, 0x46, 0x21, 0x46, 0x21, 0x46, 0x21, 0x46, 0x21, 0x46, 0x21, 0x46, 0x21, 0x46, 0x21,
  0x46, 0x21, 0x46, 0x21, 0x46, 0x21, 0x46, 0x21, 0x46, 0x21, 0x46, 0x21, 0x46, 0x21, 0x46, 0x21,
  0x46, 0x21, 0x46, 0x21, 0x46, 0x21, 0x46, 0x21, 0x46, 0x21, 0x46, 0x21, 0x46, 0x21, 0x46, 0x21,
  0x46, 0x21, 0x46, 0x21, 0x46, 0x21, 0x46, 0x21, 0x46, 0x21, 0x46, 0x21, 0x46, 0x21, 0x46, 0x21,
  0x46, 0x21, 0x46, 0x21, 0x46, 0x21, 0x46, 0x21, 0x46, 0x21, 0x46, 0x21, 0x46, 0x21, 0x46, 0x21,
  0x46, 0x21, 0x46, 0x21, 0x46, 0x21, 0x46, 0x21, 0x46, 0x21, 0x46, 0x21, 0x46, 0x21, 0x46, 0x21,
  0x46, 0x21, 0x46, 0x21, 0x46, 0x21, 0x46, 0x21, 0x46, 0x21, 0x46, 0x21, 0x46, 0x21, 0x46, 0x21,
  0x46, 0x21, 0x46, 0x21, 0x46, 0x21, 0x46, 0x21, 0x46, 0x21, 0x46, 0x21, 0x46, 0x21, 0x46, 0x21,
  0x46, 0x21, 0x46, 0x21, 0x46, 0x21, 0x46, 0x21, 0x46, 0x21, 0x46, 0x21, 0x46, 0x21, 0x46, 0x21,
  0x46, 0x21, 0x46, 0x21, 0x46, 0x21, 0x46, 0x21, 0x46, 0x21, 0x46, 0x21, 0x46, 0x21, 0x46, 0x21,
  0x46, 0x21, 0x46, 0x21, 0x46, 0x21, 0x46, 0x21, 0x46, 0x21, 0x46, 0x21, 0x46, 0x21, 0x46, 0x21,
  0x46, 0x21, 0x46, 0x21, 0x46, 0x21, 0x46, 0x21, 0x46, 0x21, 0x46, 0x21, 0x46, 0x21, 0x46, 0x21,
  0x46, 0x21, 0x46, 0x21, 0x46, 0x21, 0x46, 0x21, 0x46, 0x21, 0x46, 0x21, 0x46, 0x21, 0x46, 0x21,
  0x46, 0x21, 0x46, 0x21, 0x46, 0x21, 0x46, 0x21, 0x46, 0x21, 0x46, 0x21, 0x46, 0x21, 0x46, 0x21,
  0x46, 0x21, 0x46, 0x21, 0x46, 0x21, 0x46, 0x21, 0x46, 0x21, 0x46, 0x21, 0x46, 0x21, 0x46, 0x21,
  0x46, 0x21, 0x46, 0x21, 0x46, 0x21, 0x46, 0x21, 0x46, 0x21, 0x46, 0x21, 0x46, 0x21, 0x46, 0x21,
  0x46, 0x21, 0x46, 0x21, 0x46, 0x21, 0x46, 0x21, 0x46, 0x21, 0x46, 0x21, 0x46, 0x21, 0x46, 0x21,
  0x46, 0x21, 0x46, 0x21, 0x46, 0x21, 0x46, 0x21, 0x46, 0x21, 0x46, 0x21, 0x46, 0x21, 0x46, 0x21,
  0x46, 0x21, 0x46, 0x21, 0x46, 0x21, 0x46, 0x21, 0x46, 0x21, 0x46, 0x21, 0x46, 0x21, 0x46, 0x21,
  0x46, 0x21, 0x46, 0x21, 0x46, 0x21, 0x46, 0x21, 0x46, 0x21, 0x46, 0x21, 0x46, 0x21, 0x46, 0x21,
  0x46, 0x21, 0x46, 0x21, 0x46, 0x21, 0x46, 0x21, 0x46, 0x21, 0x46, 0x21, 0x46, 0x21, 0x46, 0x21,
  0x46, 0x21, 0x46, 0x21, 0x46, 0x21, 0x46, 0x21, 0x46, 0x21, 0x46, 0x21, 0x46, 0x21, 0x46, 0x21,
  0x46, 0x21, 0x46, 0x21, 0x46, 0x21, 0x46, 0x21, 0x46, 0x21, 0x46, 0x21, 0x46, 0x21, 0x46, 0x21,
  0x46, 0x21, 0x46, 0x21, 0x46, 0x21, 0x46, 0x21, 0x46, 0x21, 0x46, 0x21, 0x46, 0x21, 0x46, 0x21,
  0x46, 0x21, 0x46, 0x21, 0x46, 0x21, 0x46, 0x21, 0x46, 0x21, 0x46, 0x21, 0x46, 0x21, 0x46, 0x21,
  0x46, 0x21, 0x46, 0x21, 0x46, 0x21, 0x46, 0x21, 0x46, 0x21, 0x46, 0x21, 0x46, 0x21, 0x46, 0x21,
  0x46, 0x21, 0x46, 0x21, 0x46, 0x21, 0x46, 0x21, 0x46, 0x21, 0x46, 0x21, 0x46, 0x21, 0x46, 0x21,
  0x46, 0x21, 0x46, 0x21, 0x46, 0x21, 0x46, 0x21, 0x46, 0x21, 0x46, 0x21, 0x46, 0x21, 0x46, 0x21,
  0x46, 0x21, 0x46, 0x21, 0x46, 0x21, 0x46, 0x21, 0x46, 0x21, 0x46, 0x21, 0x46, 0x21, 0x46, 0x21,
  0x46, 0x21, 0x46, 0x21, 0x46, 0x21, 0x46, 0x21, 0x46, 0x21, 0x46, 0x21, 0x46, 0x21, 0x46, 0x21,
  0x46, 0x21, 0x46, 0x21, 0x46, 0x21, 0x46, 0x21, 0x46, 0x21, 0x46, 0x21, 0x46, 0x21, 0x46, 0x21,
  0x46, 0x21, 0x46, 0x21, 0x46, 0x21, 0x46, 0x21, 0x46, 0x21, 0x46, 0x21, 0x46, 0x21, 0x46, 0x21,
  0x46, 0x21, 0x46, 0x21, 0x46, 0x21, 0x46, 0x21, 0x46, 0x21, 0x46, 0x21, 0x46, 0x21, 0x46, 0x21,
  0x46, 0x21, 0x46, 0x21, 0x46, 0x21, 0x46, 0x21, 0x46, 0x21, 0x46, 0x21, 0x46, 0x21, 0x46, 0x21,
  0x46, 0x21, 0x46, 0x21, 0x46, 0x21, 0x46, 0x21, 0x46, 0x21, 0x46, 0x21, 0x46, 0x21, 0x46, 0x21,
  0x46, 0x21, 0x46, 0x21, 0x46, 0x21, 0x46, 0x21, 0x46, 0x21, 0x46, 0x21, 0x46, 0x21, 0x46, 0x21,
  0x46, 0x21, 0x46, 0x21, 0x46, 0x21, 0x46, 0x21, 0x46, 0x21, 0x46, 0x21, 0x46, 0x21, 0x46, 0x21,
  0x46, 0x21, 0x46, 0x21, 0x46, 0x21, 0x46, 0x21, 0x46, 0x21, 0x46, 0x21, 0x46, 0x21, 0x46, 0x21,
  0x46, 0x21, 0x46, 0x21, 0x46, 0x21, 0x46, 0x21, 0x46, 0x21, 0x46, 0x21, 0x46, 0x21, 0x46, 0x21,
  0x46, 0x21, 0x46, 0x21, 0x46, 0x21, 0x46, 0x21, 0x46, 0x21, 0x46, 0x21, 0x46, 0x21, 0x46, 0x21,
  0x46, 0x21, 0x46, 0x21, 0x46, 0x21, 0x46, 0x21, 0x46, 0x21, 0x46, 0x21, 0x46, 0x21, 0x46, 0x21,
  0x46, 0x21, 0x46, 0x21, 0x46, 0x21, 0x46, 0x21, 0x46, 0x21, 0x46, 0x21, 0x46, 0x21, 0x46, 0x21,
  0x46, 0x21, 0x46, 0x21, 0x46, 0x21, 0x46, 0x21, 0x46, 0x21, 0x46, 0x21, 0x46, 0x21, 0x46, 0x21,
  0x46, 0x21, 0x46, 0x21, 0x46, 0x21, 0x46, 0x21, 0x46, 0x21, 0x46, 0x21, 0x46, 0x21, 0x46, 0x21,
  0x46, 0x21, 0x46, 0x21, 0x46, 0x21, 0x46, 0x21, 0x46, 0x21, 0x46, 0x21, 0x46, 0x21, 0x46, 0x21,
  0x46, 0x21, 0x46, 0x21, 0x46, 0x21, 0x46, 0x21, 0x46, 0x21, 0x46, 0x21, 0x46, 0x21, 0x46, 0x21,
  0x46, 0x21, 0x46, 0x21, 0x46, 0x21, 0x46, 0x21, 0x46, 0x21, 0x46, 0x21, 0x46, 0x21, 0x46, 0x21,
  0x46, 0x21, 0x46, 0x21, 0x46, 0x21, 0x46, 0x21, 0x46, 0x21, 0x46, 0x21, 0x46, 0x21, 0x46, 0x21,
  0x46, 0x21, 0x46, 0x21, 0x46, 0x21, 0x46, 0x21, 0x46, 0x21, 0x46, 0x21, 0x46, 0x21, 0x46, 0x21,
  0x46, 0x21, 0x46, 0x21, 0x46, 0x21, 0x46, 0x21, 0x46, 0x21, 0x46, 0x21, 0x46, 0x21, 0x46, 0x21,
  0x46, 0x21, 0x46, 0x21, 0x46, 0x21, 0x46, 0x21, 0x46, 0x21, 0x46, 0x21, 0x46, 0x21, 0x46, 0x21,
  0x46, 0x21, 0x46, 0x21, 0x46, 0x21, 0x46, 0x21, 0x46, 0x21, 0x46, 0x21, 0x46, 0x21, 0x46, 0x21,
  0x46, 0x21, 0x46, 0x21, 0x46, 0x21, 0x46, 0x21, 0x46, 0x21, 0x46, 0x21, 0x46, 0x21, 0x46, 0x21,
  0x46, 0x21, 0x46, 0x21, 0x46, 0x21, 0x46, 0x21, 0x46, 0x21, 0x46, 0x21, 0x46, 0x21, 0x46, 0x21,
  0x46, 0x21, 0x46, 0x21, 0x46, 0x21, 0x46, 0x21, 0x46, 0x21, 0x46, 0x21, 0x46, 0x21, 0x46, 0x21,
  0x46, 0x21, 0x46, 0x21, 0x46, 0x21, 0x46, 0x21, 0x46, 0x21, 0x46, 0x21, 0x46, 0x21, 0x46, 0x21,
  0x46, 0x21, 0x46, 0x21, 0x46, 0x21, 0x46, 0x21, 0x46, 0x21, 0x46, 0x21, 0x46, 0x21, 0x46, 0x21,
  0x46, 0x21, 0x46, 0x21, 0x46, 0x21, 0x46, 0x21, 0x46, 0x21, 0x46, 0x21, 0x46, 0x21, 0x46, 0x21,
  0x46, 0x21, 0x46, 0x21, 0x46, 0x21, 0x46, 0x21, 0x46, 0x21, 0x46, 0x21, 0x46, 0x21, 0x46, 0x21,
  0x46, 0x21, 0x46, 0x21, 0x46, 0x21, 0x46, 0x21, 0x46, 0x21, 0x46, 0x21, 0x46, 0x21, 0x46, 0x21,
  0x46, 0x21, 0x46, 0x21, 0x46, 0x21, 0x46, 0x21, 0x46, 0x21, 0x46, 0x21, 0x46, 0x21, 0x46, 0x21,
  0x46, 0x21, 0x46, 0x21, 0x46, 0x21, 0x46, 0x21, 0x46, 0x21, 0x46, 0x21, 0x46, 0x21, 0x46, 0x21,
  0x46, 0x21, 0x46, 0x21, 0x46, 0x21, 0x46, 0x21, 0x46, 0x21, 0x46, 0x21, 0x46, 0x21, 0x46, 0x21,
  0x46, 0x21, 0x46, 0x21, 0x46, 0x21, 0x46, 0x21, 0x46, 0x21, 0x46, 0x21, 0x46, 0x21, 0x46, 0x21,
  0x46, 0x21, 0x46, 0x21, 0x46, 0x21, 0x46, 0x21, 0x46, 0x21, 0x46, 0x21, 0x46, 0x21, 0x46, 0x21,
  0x46, 0x21, 0x46, 0x21, 0x46, 0x21, 0x46, 0x21, 0x46, 0x21, 0x46, 0x21, 0x46, 0x21, 0x46, 0x21,
  0x46, 0x21, 0x46, 0x21, 0x46, 0x21, 0x46, 0x21, 0x46, 0x21, 0x46, 0x21, 0x46, 0x21, 0x46, 0x21,
  0x46, 0x21, 0x46, 0x21, 0x46, 0x21, 0x46, 0x21, 0x46, 0x21, 0x46, 0x21, 0x46, 0x21, 0x46, 0x21,
  0x46, 0x21, 0x46, 0x21, 0x46, 0x21, 0x46, 0x21, 0x46, 0x21, 0x46, 0x21, 0x46, 0x21, 0x46, 0x21,
  0x46, 0x21, 0x46, 0x21, 0x46, 0x21, 0x46, 0x21, 0x46, 0x21, 0x46, 0x21, 0x46, 0x21, 0x46, 0x21,
  0x46, 0x21, 0x46, 0x21, 0x46, 0x21, 0x46, 0x21, 0x46, 0x21, 0x46, 0x21, 0x46, 0x21, 0x46, 0x21,
  0x46, 0x21, 0x46, 0x21, 0x46, 0x21, 0x46, 0x21, 0x46, 0x21, 0x46, 0x21, 0x46, 0x21, 0x46, 0x21,
  0x46, 0x21, 0x46, 0x21, 0x46, 0x21, 0x46, 0x21, 0x46, 0x21, 0x46, 0x21, 0x46, 0x21, 0x46, 0x21,
  0x46, 0x21, 0x46, 0x21, 0x46, 0x21, 0x46, 0x21, 0x46, 0x21, 0x46, 0x21, 0x46, 0x21, 0x46, 0x21,
  0x46, 0x21, 0x46, 0x21, 0x46, 0x21, 0x46, 0x21, 0x46, 0x21, 0x46, 0x21, 0x46, 0x21, 0x46, 0x21,
  0x46, 0x21, 0x46, 0x21, 0x46, 0x21, 0x46, 0x21, 0x46, 0x21, 0x46, 0x21, 0x46, 0x21, 0x46, 0x21,
  0x46, 0x21, 0x46, 0x21, 0x46, 0x21, 0x46, 0x21, 0x46, 0x21, 0x46, 0x21, 0x46, 0x21, 0x46, 0x21,
  0x46, 0x21, 0x46, 0x21, 0x46, 0x21, 0x46, 0x21, 0x46, 0x21, 0x46, 0x21, 0x46, 0x21, 0x46, 0x21,
  0x46, 0x21, 0x46, 0x21, 0x46, 0x21, 0x46, 0x21, 0x46, 0x21, 0x46, 0x21, 0x46, 0x21, 0x46, 0x21,
  0x46, 0x21, 0x46, 0x21, 0x46, 0x21, 0x46, 0x21, 0x46, 0x21, 0x46, 0x21, 0x46, 0x21, 0x46, 0x21,
  0x46, 0x21, 0x46, 0x21, 0x46, 0x21, 0x46, 0x21, 0x46, 0x21, 0x46, 0x21, 0x46, 0x21, 0x46, 0x21,
  0x46, 0x21, 0x46, 0x21, 0x46, 0x21, 0x46, 0x21, 0x46, 0x21, 0x46, 0x21, 0x46, 0x21, 0x46, 0x21,
  0x46, 0x21, 0x46, 0x21, 0x46, 0x21, 0x46, 0x21, 0x46, 0x21, 0x46, 0x21, 0x46, 0x21, 0x46, 0x21,
  0x46, 0x21, 0x46, 0x21, 0x46, 0x21, 0x46, 0x21, 0x46, 0x21, 0x46, 0x21, 0x46, 0x21, 0x46, 0x21,
  0x46, 0x21, 0x46, 0x21, 0x46, 0x21, 0x46, 0x21, 0x46, 0x21, 0x46, 0x21, 0x46, 0x21, 0x46, 0x21,
  0x46, 0x21, 0x46, 0x21, 0x46, 0x21, 0x46, 0x21, 0x46, 0x21, 0x46, 0x21, 0x46, 0x21, 0x46, 0x21,
  0x46, 0x21, 0x46, 0x21, 0x46, 0x21, 0x46, 0x21, 0x46, 0x21, 0x46, 0x21, 0x46, 0x21, 0x46, 0x21,
  0x46, 0x21, 0x46, 0x21, 0x46, 0x21, 0x46, 0x21, 0x46, 0x21, 0x46, 0x21, 0x46, 0x21, 0x46, 0x21,
  0x46, 0x21, 0x46, 0x21, 0x46, 0x21, 0x46, 0x21, 0x46, 0x21, 0x46, 0x21, 0x46, 0x21, 0x46, 0x21,
  0x46, 0x21, 0x46, 0x21, 0x46, 0x21, 0x46, 0x21, 0x46, 0x21, 0x46, 0x21, 0x46, 0x21, 0x46, 0x21,
  0x46, 0x21, 0x46, 0x21, 0x46, 0x21, 0x46, 0x21, 0x46, 0x21, 0x46, 0x21, 0x46, 0x21, 0x46, 0x21,
  0x46, 0x21, 0x46, 0x21, 0x46, 0x21, 0x46, 0x21, 0x46, 0x21, 0x46, 0x21, 0x46, 0x21, 0x46, 0x21,
  0x46, 0x21, 0x46, 0x21, 0x46, 0x21, 0x46, 0x21, 0x46, 0x21, 0x46, 0x21, 0x46, 0x21, 0x46, 0x21,
  0x46, 0x21, 0x46, 0x21, 0x46, 0x21, 0x46, 0x21, 0x46, 0x21, 0x46, 0x21, 0x46, 0x21, 0x46, 0x21,
  0x46, 0x21, 0x46, 0x21, 0x46, 0x21, 0x46, 0x21, 0x46, 0x21, 0x46, 0x21, 0x46, 0x21, 0x46, 0x21,
  0x46, 0x21, 0x46, 0x21, 0x46, 0x21, 0x46, 0x21, 0x46, 0x21, 0x46, 0x21, 0x46, 0x21, 0x46, 0x21,
  0x46, 0x21, 0x46, 0x21, 0x46, 0x21, 0x46, 0x21, 0x46, 0x21, 0x46, 0x21, 0x46, 0x21, 0x46, 0x21,
  0x46, 0x21, 0x46, 0x21, 0x46, 0x21, 0x46, 0x21, 0x46, 0x21, 0x46, 0x21, 0x46, 0x21, 0x46, 0x21,
  0x46, 0x21, 0x46, 0x21, 0x46, 0x21, 0x46, 0x21, 0x46, 0x21, 0x46, 0x21, 0x46, 0x21, 0x46, 0x21,
  0x46, 0x21, 0x46, 0x21, 0x46, 0x21, 0x46, 0x21, 0x46, 0x21, 0x46, 0x21, 0x46, 0x21, 0x46, 0x21,
  0x46, 0x21, 0x46, 0x21, 0x46, 0x21, 0x46, 0x21, 0x46, 0x21, 0x46, 0x21, 0x46, 0x21, 0x46, 0x21,
  0x46, 0x21, 0x46, 0x21, 0x46, 0x21, 0x46, 0x21, 0x46, 0x21, 0x46, 0x21, 0x46, 0x21, 0x46, 0x21,
  0x46, 0x21, 0x46, 0x21, 0x46, 0x21, 0x46, 0x21, 0x46, 0x21, 0x46, 0x21, 0x46, 0x21, 0x46, 0x21,
  0x46, 0x21, 0x46, 0x21, 0x46, 0x21, 0x46, 0x21, 0x46, 0x21, 0x46, 0x21, 0x46, 0x21, 0x46, 0x21,
  0x46, 0x21, 0x46, 0x21, 0x46, 0x21, 0x46, 0x21, 0x46, 0x21, 0x46, 0x21, 0x46, 0x21, 0x46, 0x21,
  0x46, 0x21, 0x46, 0x21, 0x46, 0x21, 0x46, 0x21, 0x46, 0x21, 0x46, 0x21, 0x46, 0x21, 0x46, 0x21,
  0x46, 0x21, 0x46, 0x21, 0x46, 0x21, 0x46, 0x21, 0x46, 0x21, 0x46, 0x21, 0x46, 0x21, 0x46, 0x21,
  0x46, 0x21, 0x46, 0x21, 0x46, 0x21, 0x46, 0x21, 0x46, 0x21, 0x46, 0x21, 0x46, 0x21, 0x46, 0x21,
  0x46, 0x21, 0x46, 0x21, 0x46, 0x21, 0x46, 0x21, 0x46, 0x21, 0x46, 0x21, 0x46, 0x21, 0x46, 0x21,
  0x46, 0x21, 0x46, 0x21, 0x46, 0x21, 0x46, 0x21, 0x46, 0x21, 0x46, 0x21, 0x46, 0x21, 0x46, 0x21,
  0x46, 0x21, 0x46, 0x21, 0x46, 0x21, 0x46, 0x21, 0x46, 0x21, 0x46, 0x21, 0x46, 0x21, 0x46, 0x21,
  0x46, 0x21, 0x46, 0x21, 0x46, 0x21, 0x46, 0x21, 0x46, 0x21, 0x46, 0x21, 0x46, 0x21, 0x46, 0x21,
  0x46, 0x21, 0x46, 0x21, 0x46, 0x21, 0x46, 0x21, 0x46, 0x21, 0x46, 0x21, 0x46, 0x21, 0x46, 0x21,
  0x46, 0x21, 0x46, 0x21, 0x46, 0x21, 0x46, 0x21, 0x46, 0x21, 0x46, 0x21, 0x46, 0x21, 0x46, 0x21,
  0x46, 0x21, 0x46, 0x21, 0x46, 0x21, 0x46, 0x21, 0x46, 0x21, 0x46, 0x21, 0x46, 0x21, 0x46, 0x21,
  0x46, 0x21, 0x46, 0x21, 0x46, 0x21, 0x46, 0x21, 0x46, 0x21, 0x46, 0x21, 0x46, 0x21, 0x46, 0x21,
  0x46, 0x21, 0x46, 0x21, 0x46, 0x21, 0x46, 0x21, 0x46, 0x21, 0x46, 0x21, 0x46, 0x21, 0x46, 0x21,
  0x46, 0x21, 0x46, 0x21, 0x46, 0x21, 0x46, 0x21, 0x46, 0x21, 0x46, 0x21, 0x46, 0x21, 0x46, 0x21,
  0x46, 0x21, 0x46, 0x21, 0x46, 0x21, 0x46, 0x21, 0x46, 0x21, 0x46, 0x21, 0x46, 0x21, 0x46, 0x21,
  0x46, 0x21, 0x46, 0x21, 0x46, 0x21, 0x46, 0x21, 0x46, 0x21, 0x46, 0x21, 0x46, 0x21, 0x46, 0x21,
  0x46, 0x21, 0x46, 0x21, 0x46, 0x21, 0x46, 0x21, 0x46, 0x21, 0x46, 0x21, 0x46, 0x21, 0x46, 0x21,
  0x46, 0x21, 0x46, 0x21, 0x46, 0x21, 0x46, 0x21, 0x46, 0x21, 0x46, 0x21, 0x46, 0x21, 0x46, 0x21,
  0x46, 0x21, 0x46, 0x21, 0x46, 0x21, 0x46, 0x21, 0x46, 0x21, 0x46, 0x21, 0x46, 0x21, 0x46, 0x21,
  0x46, 0x21, 0x46, 0x21, 0x46, 0x21, 0x46, 0x21, 0x46, 0x21, 0x46, 0x21, 0x46, 0x21, 0x46, 0x21,
  0x46, 0x21, 0x46, 0x21, 0x46, 0x21, 0x46, 0x21, 0x46, 0x21, 0x46, 0x21, 0x46, 0x21, 0x46, 0x21,
  0x46, 0x21, 0x46, 0x21, 0x46, 0x21, 0x46, 0x21, 0x46, 0x21, 0x46, 0x21, 0x46, 0x21, 0x46, 0x21,
  0x46, 0x21, 0x46, 0x21, 0x46, 0x21, 0x46, 0x21, 0x46, 0x21, 0x46, 0x21, 0x46, 0x21, 0x46, 0x21,
  0x46, 0x21, 0x46, 0x21, 0x46, 0x21, 0x46, 0x21, 0x46, 0x21, 0x46, 0x21, 0x46, 0x21, 0x46, 0x21,
  0x46, 0x21, 0x46, 0x21, 0x46, 0x21, 0x46, 0x21, 0x46, 0x21, 0x46, 0x21, 0x46, 0x21, 0x46, 0x21,
  0x46, 0x21, 0x46, 0x21, 0x46, 0x21, 0x46, 0x21, 0x46, 0x21, 0x46, 0x21, 0x46, 0x21, 0x46, 0x21,
  0x46, 0x21, 0x46, 0x21, 0x46, 0x21, 0x46, 0x21, 0x46, 0x21, 0x46, 0x21, 0x46, 0x21, 0x46, 0x21,
  0x46, 0x21, 0x46, 0x21, 0x46, 0x21, 0x46, 0x21, 0x46, 0x21, 0x46, 0x21, 0x46, 0x21, 0x46, 0x21,
  0x46, 0x21, 0x46, 0x21, 0x46, 0x21, 0x46, 0x21, 0x46, 0x21, 0x46, 0x21, 0x46, 0x21, 0x46, 0x21,
  0x46, 0x21, 0x46, 0x21, 0x46, 0x21, 0x46, 0x21, 0x46, 0x21, 0x46, 0x21, 0x46, 0x21, 0x46, 0x21,
  0x46, 0x21, 0x46, 0x21, 0x46, 0x21, 0x46, 0x21, 0x46, 0x21, 0x46, 0x21, 0x46, 0x21, 0x46, 0x21,
  0x46, 0x21, 0x46, 0x21, 0x46, 0x21, 0x46, 0x21, 0x46, 0x21, 0x46, 0x21, 0x46, 0x21, 0x46, 0x21,
  0x46, 0x21, 0x46, 0x21, 0x46, 0x21, 0x46, 0x21, 0x46, 0x21, 0x46, 0x21, 0x46, 0x21, 0x46, 0x21,
  0x46, 0x21, 0x46, 0x21, 0x46, 0x21, 0x46, 0x21, 0x46, 0x21, 0x46, 0x21, 0x46, 0x21, 0x46, 0x21,
  0x46, 0x21, 0x46, 0x21, 0x46, 0x21, 0x46, 0x21, 0x46, 0x21, 0x46, 0x21, 0x46, 0x21, 0x46, 0x21,
  0x46, 0x21, 0x46, 0x21, 0x46, 0x21, 0x46, 0x21, 0x46, 0x21, 0x46, 0x21, 0x46, 0x21, 0x46, 0x21,
  0x46, 0x21, 0x46, 0x21, 0x46, 0x21, 0x46, 0x21, 0x46, 0x21, 0x46, 0x21, 0x46, 0x21, 0x46, 0x21,
  0x46, 0x21, 0x46, 0x21, 0x46, 0x21, 0x46, 0x21, 0x46, 0x21, 0x46, 0x21, 0x46, 0x21, 0x46, 0x21,
  0x46, 0x21, 0x46, 0x21, 0x46, 0x21, 0x46, 0x21, 0x46, 0x21, 0x46, 0x21, 0x46, 0x21, 0x46, 0x21,
  0x46, 0x21, 0x46, 0x21, 0x46, 0x21, 0x46, 0x21, 0x46, 0x21, 0x46, 0x21, 0x46, 0x21, 0x46, 0x21,
  0x46, 0x21, 0x46, 0x21, 0x46, 0x21, 0x46, 0x21, 0x46, 0x21, 0x46, 0x21, 0x46, 0x21, 0x46, 0x21,
  0x46, 0x21, 0x46, 0x21, 0x46, 0x21, 0x46, 0x21, 0x46, 0x21, 0x46, 0x21, 0x46, 0x21, 0x46, 0x21,
  0x46, 0x21, 0x46, 0x21, 0x46, 0x21, 0x46, 0x21, 0x46, 0x21, 0x46, 0x21, 0x46, 0x21, 0x46, 0x21,
  0x46, 0x21, 0x46, 0x21, 0x46, 0x21, 0x46, 0x21, 0x46, 0x21, 0x46, 0x21, 0x46, 0x21, 0x46, 0x21,
  0x46, 0x21, 0x46, 0x21, 0x46, 0x21, 0x46, 0x21, 0x46, 0x21, 0x46, 0x21, 0x46, 0x21, 0x46, 0x21,
  0x46, 0x21, 0x46, 0x21, 0x46, 0x21, 0x46, 0x21, 0x46, 0x21, 0x46, 0x21, 0x46, 0x21, 0x46, 0x21,
  0x46, 0x21, 0x46, 0x21, 0x46, 0x21, 0x46, 0x21, 0x46, 0x21, 0x46, 0x21, 0x46, 0x21, 0x46, 0x21,
  0x46, 0x21, 0x46, 0x21, 0x46, 0x21, 0x46, 0x21, 0x46, 0x21, 0x46, 0x21, 0x46, 0x21, 0x46, 0x21,
  0x46, 0x21, 0x46, 0x21, 0x46, 0x21, 0x46, 0x21, 0x46, 0x21, 0x46, 0x21, 0x46, 0x21, 0x46, 0x21,
  0x46, 0x21, 0x46, 0x21, 0x46, 0x21, 0x46, 0x21, 0x46, 0x21, 0x46, 0x21, 0x46, 0x21, 0x46, 0x21,
  0x46, 0x21, 0x46, 0x21, 0x46, 0x21, 0x46, 0x21, 0x46, 0x21, 0x46, 0x21, 0x46, 0x21, 0x46, 0x21,
  0x46, 0x21, 0x46, 0x21, 0x46, 0x21, 0x46, 0x21, 0x46, 0x21, 0x46, 0x21, 0x46, 0x21, 0x46, 0x21,
  0x46, 0x21, 0x46, 0x21, 0x46, 0x21, 0x46, 0x21, 0x46, 0x21, 0x46, 0x21, 0x46, 0x21, 0x46, 0x21,
  0x46, 0x21, 0x46, 0x21, 0x46, 0x21, 0x46, 0x21, 0x46, 0x21, 0x46, 0x21, 0x46, 0x21, 0x46, 0x21,
  0x46, 0x21, 0x46, 0x21, 0x46, 0x21, 0x46, 0x21, 0x46, 0x21, 0x46, 0x21, 0x46, 0x21, 0x46, 0x21,
  0x46, 0x21, 0x46, 0x21, 0x46, 0x21, 0x46, 0x21, 0x46, 0x21, 0x46, 0x21, 0x46, 0x21, 0x46, 0x21,
  0x46, 0x21, 0x46, 0x21, 0x46, 0x21, 0x46, 0x21, 0x46, 0x21, 0x46, 0x21, 0x46, 0x21, 0x46, 0x21,
  0x46, 0x21, 0x46, 0x21, 0x46, 0x21, 0x46, 0x21, 0x46, 0x21, 0x46, 0x21, 0x46, 0x21, 0x46, 0x21,
  0x46, 0x21, 0x46, 0x21, 0x46, 0x21, 0x46, 0x21, 0x46, 0x21, 0x46, 0x21, 0x46, 0x21, 0x46, 0x21,
  0x46, 0x21, 0x46, 0x21, 0x46, 0x21, 0x46, 0x21, 0x46, 0x21, 0x46, 0x21, 0x46, 0x21, 0x46, 0x21,
  0x46, 0x21, 0x46, 0x21, 0x46, 0x21, 0x46, 0x21, 0x46, 0x21, 0x46, 0x21, 0x46, 0x21, 0x46, 0x21,
  0x46, 0x21, 0x46, 0x21, 0x46, 0x21, 0x46, 0x21, 0x46, 0x21, 0x46, 0x21, 0x46, 0x21, 0x46, 0x21,
  0x46, 0x21, 0x46, 0x21, 0x46, 0x21, 0x46, 0x21, 0x46, 0x21, 0x46, 0x21, 0x46, 0x21, 0x46, 0x21,
  0x46, 0x21, 0x46, 0x21, 0x46, 0x21, 0x46, 0x21, 0x46, 0x21, 0x46, 0x21, 0x46, 0x21, 0x46, 0x21,
  0x46, 0x21, 0x46, 0x21, 0x46, 0x21, 0x46, 0x21, 0x46, 0x21, 0x46, 0x21, 0x46, 0x21, 0x46, 0x21,
};

const lv_img_dsc_t drona_icon = {
  .header.cf = LV_IMG_CF_TRUE_COLOR,
  .header.always_zero = 0,
  .header.reserved = 0,
  .header.w = 220,
  .header.h = 220,
  .data_size = 96800,
  .data = drona_icon_map,
};